// Generated by tools/build_game_art.cjs

0x0000,0x0000,0x0000,0x0000,0x0000,0x0000,0x0000,0x0000,0x0000,0x0000,0x0000,0x0000,
0x0000,0x5105,0x0000,0x38c3,0x40e4,0x0000,0x0000,0x0000,0x0000,0x0000,0x0000,0x0000,
0x0000,0x0000,0x0000,0x0000,0x0000,0x0000,0x0000,0x0000,0x0000,0x0000,0x0000,0x0000,
0x0000,0x0000,0x0000,0x0000,0x0000,0x0000,0x0000,0x7105,0x0000,0xd165,0xa145,0xd965,
0xd965,0x6905,0xd165,0x0000,0x0000,0x0000,0x0000,0x0000,0x0000,0x0000,0x0000,0x0000,
0x0000,0x0000,0x0000,0x0000,0x0000,0x0000,0x0000,0x0000,0x0000,0x0000,0x0000,0x0000,
0x0000,0x0000,0x0000,0x88e5,0xc8e4,0xc0e4,0xc0e4,0xc0e4,0xc0e4,0xc0e4,0xc0e4,0xa905,
0x90e4,0x0000,0x0000,0x0000,0x0000,0x0000,0x0000,0x0000,0x0000,0x0000,0x0000,0x0000,
0x0000,0x0000,0x0000,0x0000,0x0000,0x0000,0x0000,0x0000,0x0000,0x0000,0x0000,0xa8a4,
0xa0a4,0xa165,0xb186,0xc9c6,0xb9a6,0xa986,0x8125,0xa8a3,0x3883,0x0000,0x0000,0x0000,
0x0000,0x0000,0x0000,0x0000,0x0000,0x0000,0x0000,0x0000,0x0000,0x0000,0x0000,0x0000,
0x0000,0x0000,0x0000,0x0000,0x0000,0x0000,0x2883,0x9083,0x9925,0xc925,0xc925,0xc945,
0xc125,0xc945,0xd145,0x8084,0x80a4,0x0000,0x0000,0x0000,0x0000,0x0000,0x0000,0x0000,
0x0000,0x0000,0x0000,0x0000,0x0000,0x0000,0x0000,0x0000,0x0000,0x0000,0x0000,0x0000,
0x0000,0x0000,0x0000,0x68c4,0x7105,0xa8c4,0xa8a4,0x9105,0x7146,0x70e5,0x88c4,0x4106,
0x48e5,0x0000,0x0000,0x0000,0x0000,0x0000,0x0000,0x0000,0x0000,0x0000,0x0000,0x0000,
0x0000,0x0000,0x0000,0x0000,0x0000,0x0000,0x0000,0x0000,0x0000,0x0000,0x0000,0xa166,
0xa965,0x68c5,0x58e5,0xa3ab,0x8ac9,0x6a28,0x4926,0xe9c5,0x9125,0x0000,0x0000,0x0000,
0x0000,0x0000,0x0000,0x0000,0x0000,0x0000,0x0000,0x0000,0x0000,0x0000,0x0000,0x0000,
0x0000,0x0000,0x0000,0x0000,0x0000,0x0000,0x3883,0xc965,0xd165,0x8289,0x2927,0xcc8d,
0x7aea,0x6207,0xc125,0xd165,0x9926,0x0000,0x0000,0x0000,0x0000,0x0000,0x0000,0x0000,
0x0000,0x0000,0x0000,0x0000,0x0000,0x0000,0x0000,0x0000,0x0000,0x0000,0x0000,0x0000,
0x0000,0x0000,0x60c4,0xc104,0xc924,0xa3ac,0xcc8d,0xabcb,0xbc0c,0xabaa,0xb104,0xc104,
0xa105,0x0000,0x0000,0x0000,0x0000,0x0000,0x0000,0x0000,0x0000,0x0000,0x0000,0x0000,
0x0000,0x0000,0x0000,0x0000,0x0000,0x0000,0x0000,0x0000,0x0000,0x0000,0x88c5,0xc0c4,
0xc0c4,0x6b0c,0xd510,0xb3cd,0xb42d,0x8ae8,0x9126,0xb8c4,0x98e5,0x0000,0x0000,0x0000,
0x0000,0x0000,0x0000,0x0000,0x0000,0x0000,0x0000,0x0000,0x0000,0x0000,0x0000,0x0000,
0x0000,0x0000,0x0000,0x0000,0x0000,0x0000,0x98c5,0xb0a4,0xa863,0xce56,0x9c91,0xb44e,
0x9bed,0xd657,0x92ab,0xa8c4,0x90c4,0x3082,0x0000,0x0000,0x0000,0x0000,0x0000,0x0000,
0x0000,0x0000,0x0000,0x0000,0x0000,0x0000,0x0000,0x0000,0x0000,0x0000,0x0000,0x0000,
0x0000,0x0000,0x49a8,0xa083,0x9042,0xbdb4,0xb552,0xbd93,0xc5d4,0x8c11,0x82ed,0xa0c4,
0x81c8,0x30c5,0x0000,0x0000,0x0000,0x0000,0x0000,0x0000,0x0000,0x0000,0x0000,0x0000,
0x0000,0x0000,0x0000,0x0000,0x0000,0x0000,0x0000,0x0000,0x4a09,0x9d15,0x8452,0x8863,
0x7863,0xad31,0xad11,0xa4d0,0xa4f1,0x9472,0xb4d3,0x70c5,0xa4b3,0xf79d,0x6b0d,0x0000,
0x0000,0x0000,0x0000,0x0000,0x0000,0x0000,0x0000,0x0000,0x0000,0x0000,0x0000,0x0000,
0x0000,0x0000,0x0000,0x0000,0x5a8b,0x9cf4,0x8452,0x4084,0x5905,0x94d4,0x83f0,0x7b8c,
0x6aeb,0x62cc,0xc596,0x9c93,0xd699,0xef3b,0xe71a,0x41e8,0x0000,0x0000,0x0000,0x0000,
0x0000,0x0000,0x0000,0x0000,0x0000,0x0000,0x0000,0x0000,0x0000,0x0000,0x0000,0x0000,
0x6b0e,0x9cf4,0x8452,0xa4f5,0x9473,0xbdf8,0xd69a,0xb597,0xe71a,0x4a2a,0xe6fb,0xf79e,
0xd699,0xef3b,0xdeb9,0x6aec,0x0000,0x0000,0x0000,0x0000,0x0000,0x0000,0x0000,0x0000,
0x0000,0x0000,0x0000,0x0000,0x0000,0x0000,0x0000,0x0000,0x7b90,0x9cf4,0x8452,0x9cd4,
0xce7a,0xa556,0xce58,0xdeba,0xdeb9,0x5aac,0xffde,0xef5c,0xdeb9,0xe71b,0xd678,0x9451,
0x0000,0x0000,0x0000,0x0000,0x0000,0x0000,0x0000,0x0000,0x0000,0x0000,0x0000,0x0000,
0x0000,0x0000,0x0000,0x0000,0x8c52,0x9cf4,0x8432,0x8c32,0x8c52,0x8c72,0x9cd4,0xb576,
0xad34,0x5acd,0xef5c,0xef5c,0xdeb9,0xe6fa,0xce58,0xad34,0x0000,0x0000,0x0000,0x0000,
0x0000,0x0000,0x0000,0x0000,0x0000,0x0000,0x0000,0x0000,0x0000,0x0000,0x0000,0x0000,
0x9cb2,0x8c10,0x738f,0x39a8,0x41e9,0x39c8,0x39a8,0x9cd4,0x41e9,0x41e9,0xb555,0xe71b,
0xdeb9,0xdeda,0xce37,0xc617,0x0000,0x0000,0x0000,0x0000,0x0000,0x0000,0x0000,0x0000,
0x0000,0x0000,0x0000,0x0000,0x0000,0x0000,0x0000,0x0000,0xbdb3,0xb552,0xb573,0x9cd4,
0x6b4f,0xb5d8,0xad55,0xd699,0xe71b,0x7c11,0x6b2e,0xf77c,0xdeda,0x7baf,0xd699,0x28e5,
0x0000,0x0000,0x0000,0x0000,0x0000,0x0000,0x0000,0x0000,0x0000,0x0000,0x0000,0x0000,
0x0000,0x0000,0x0000,0x82ce,0x69eb,0x8aef,0x6b0d,0xa535,0x5aac,0x62ed,0x7bd0,0xad14,
0xad54,0x630d,0x8c52,0x522a,0x5aac,0x8b4b,0x49e9,0x0000,0x0000,0x0000,0x0000,0x0000,
0x0000,0x0000,0x0000,0x0000,0x0000,0x0000,0x0000,0x0000,0x0000,0x0000,0x0000,0xcb52,
0x632f,0xbb51,0x83d0,0x9cf4,0x528c,0x7bf1,0x8431,0x41a8,0xbe19,0xad76,0x9cf5,0x526b,
0x8c72,0xabab,0x6228,0x0000,0x0000,0x0000,0x0000,0x0000,0x0000,0x0000,0x0000,0x0000,
0x0000,0x0000,0x0000,0x0000,0x0000,0x0000,0x0000,0x31a8,0x3988,0x31a8,0x20a4,0x9493,
0x83f1,0x62ed,0x39a8,0x3167,0x4a0a,0x528c,0x41e9,0x8c52,0x6b0e,0x0000,0x0000,0x0000,
0x0000,0x0000,0x0000,0x0000,0x0000,0x0000,0x0000,0x0000,0x0000,0x0000,0x0000,0x0000,
0x0000,0x0000,0x0000,0x0000,0x0000,0x0000,0x0000,0x0000,0x5a8c,0x52ac,0x4209,0x3187,
0x5aed,0x528c,0x39e9,0x39a8,0x0000,0x0000,0x0000,0x0000,0x0000,0x0000,0x0000,0x0000,
0x0000,0x0000,0x0000,0x0000,0x0000,0x0000,0x0000,0x0000,0x0000,0x0000,0x0000,0x0000,
0x0000,0x0000,0x0000,0x0000,0x6b4f,0x52ac,0x422a,0x3187,0x630e,0x528b,0x39e9,0x3987,
0x0000,0x0000,0x0000,0x0000,0x0000,0x0000,0x0000,0x0000,0x0000,0x0000,0x0000,0x0000,
0x0000,0x0000,0x0000,0x0000,0x0000,0x0000,0x0000,0x0000,0x0000,0x0000,0x0000,0x0000,
0xc5d6,0xad34,0x9cb2,0x6aec,0xc5f7,0xb555,0xa4f3,0x4a29,0x0000,0x0000,0x0000,0x0000,
0x0000,0x0000,0x0000,0x0000,0x0000,0x0000,0x0000,0x0000,0x0000,0x0000,0x0000,0x0000,
0x0000,0x0000,0x0000,0x0000,0x0000,0x0000,0x0000,0x0000,0xfffe,0x6aed,0x9431,0x83ce,
0xf79d,0x7b4e,0xad14,0x62eb,0x0000,0x0000,0x0000,0x0000,0x0000,0x0000,0x0000,0x0000,
0x0000,0x0000,0x0000,0x0000,0x0000,0x0000,0x0000,0x0000,0x0000,0x0000,0x0000,0x0000,
0x0000,0x0000,0x0000,0x0000,0xfffe,0xb575,0xce16,0x83ef,0xffdd,0xbdb6,0xd698,0x732d,
0x0000,0x0000,0x0000,0x0000,0x0000,0x0000,0x0000,0x0000,0x0000,0x0000,0x0000,0x0000,
0x0000,0x0000,0x0000,0x0000,0x0000,0x0000,0x0000,0x0000,0x0000,0x0000,0x0000,0x0000,
0xffdd,0xdefa,0xc5f6,0x83cf,0xffde,0xef3b,0xd658,0x7b6e,0x0000,0x0000,0x0000,0x0000,
0x0000,0x0000,0x0000,0x0000,0x0000,0x0000,0x0000,0x0000,0x0000,0x0000,0x0000,0x0000,
0x0000,0x0000,0x0000,0x0000,0x0000,0x0000,0x0000,0x0000,0xffdd,0xbd95,0x9c92,0x83cf,
0xffbd,0xbd75,0xb554,0x7bae,0x0000,0x0000,0x0000,0x0000,0x0000,0x0000,0x0000,0x0000,
0x0000,0x0000,0x0000,0x0000,0x0000,0x0000,0x0000,0x0000,0x0000,0x0000,0x0000,0x0000,
0x0000,0x0000,0x0000,0x0000,0xffdd,0xe6fa,0xce37,0x83cf,0xffbd,0xe71b,0xd698,0xbdd5,
0x0000,0x0000,0x0000,0x0000,0x0000,0x0000,0x0000,0x0000,0x0000,0x0000,0x0000,0x0000,
0x0000,0x0000,0x0000,0x0000,0x0000,0x0000,0x0000,0x0000,0x0000,0x0000,0x0000,0x524a,
0xa514,0xa4f4,0x9cd3,0x20e5,0xa4f4,0xa4f4,0xa4d4,0x9cb3,0x0000,0x0000,0x0000,0x0000,
0x0000,0x0000,0x0000,0x0000,0x0000,0x0000,0x0000,0x0000,0x0000,0x0000,0x0000,0x0000,
0x0000,0x0000,0x0000,0x0000,0x0000,0x0000,0x0000,0x2946,0x39a8,0x39a8,0x39a7,0x0000,
0x39c8,0x39a8,0x39a8,0x39a8,0x0000,0x0000,0x0000,0x0000,0x0000,0x0000,0x0000,0x0000,
0x0000,0x0000,0x0000,0x0000,0x0000,0x0000,0x0000,0x0000,0x0000,0x0000,0x0000,0x0000,
0x0000,0x0000,0x0000,0x0000,0x0000,0x5105,0x0000,0x28a3,0x6125,0x0000,0x28a3,0x0000,
0x0000,0x0000,0x0000,0x0000,0x0000,0x0000,0x0000,0x0000,0x0000,0x0000,0x0000,0x0000,
0x0000,0x0000,0x0000,0x0000,0x0000,0x0000,0x0000,0x0000,0x0000,0x0000,0x0000,0x8925,
0x0000,0xc965,0xb145,0xd165,0xd965,0x6925,0xd965,0x0000,0x0000,0x0000,0x0000,0x0000,
0x0000,0x0000,0x0000,0x0000,0x0000,0x0000,0x0000,0x0000,0x0000,0x0000,0x0000,0x0000,
0x0000,0x0000,0x0000,0x0000,0x0000,0x0000,0x0000,0x78e5,0xc0e4,0xc0e4,0xc0e4,0xc0e4,
0xc0e4,0xc0e4,0xc0e4,0xb105,0xa0e5,0x0000,0x0000,0x0000,0x0000,0x0000,0x0000,0x0000,
0x0000,0x0000,0x0000,0x0000,0x0000,0x0000,0x0000,0x0000,0x0000,0x0000,0x0000,0x0000,
0x0000,0x0000,0x0000,0xb0a4,0xa0a4,0xa966,0xb9a6,0xd1c6,0xb9a6,0xb186,0x8925,0xa8a3,
0x48a4,0x0000,0x0000,0x0000,0x0000,0x0000,0x0000,0x0000,0x0000,0x0000,0x0000,0x0000,
0x0000,0x0000,0x0000,0x0000,0x0000,0x0000,0x0000,0x0000,0x0000,0x0000,0x0000,0x9083,
0x9105,0xc925,0xc925,0xc945,0xc125,0xc925,0xd125,0x78a4,0x90a4,0x0000,0x0000,0x0000,
0x0000,0x0000,0x0000,0x0000,0x0000,0x0000,0x0000,0x0000,0x0000,0x0000,0x0000,0x0000,
0x0000,0x0000,0x0000,0x0000,0x0000,0x0000,0x0000,0x68c5,0x7126,0xa0c4,0xa0a4,0x8126,
0x6166,0x70e5,0x88c4,0x4126,0x58e5,0x0000,0x0000,0x0000,0x0000,0x0000,0x0000,0x0000,
0x0000,0x0000,0x0000,0x0000,0x0000,0x0000,0x0000,0x0000,0x0000,0x0000,0x0000,0x0000,
0x0000,0x0000,0x0000,0xa166,0xb165,0x60c5,0x5925,0xabec,0x932a,0x6a28,0x5126,0xe9a5,
0x9926,0x0000,0x0000,0x0000,0x0000,0x0000,0x0000,0x0000,0x0000,0x0000,0x0000,0x0000,
0x0000,0x0000,0x0000,0x0000,0x0000,0x0000,0x0000,0x0000,0x0000,0x0000,0x3082,0xc145,
0xd165,0x8289,0x3147,0xcc8d,0x830a,0x59e7,0xb125,0xc965,0xa146,0x0000,0x0000,0x0000,
0x0000,0x0000,0x0000,0x0000,0x0000,0x0000,0x0000,0x0000,0x0000,0x0000,0x0000,0x0000,
0x0000,0x0000,0x0000,0x0000,0x0000,0x0000,0x58c4,0xc104,0xc925,0xa36b,0xcc8d,0xb3cb,
0xbc0c,0xabaa,0xa905,0xc104,0xa105,0x0000,0x0000,0x0000,0x0000,0x0000,0x0000,0x0000,
0x0000,0x0000,0x0000,0x0000,0x0000,0x0000,0x0000,0x0000,0x0000,0x0000,0x0000,0x0000,
0x0000,0x0000,0x88c5,0xc0c4,0xc0a3,0x7b8e,0xd510,0xb3ce,0xb42d,0x92e8,0x91e8,0xb8c4,
0x98e4,0x0000,0x0000,0x0000,0x0000,0x0000,0x0000,0x0000,0x0000,0x0000,0x0000,0x0000,
0x0000,0x0000,0x0000,0x0000,0x0000,0x0000,0x0000,0x0000,0x0000,0x0000,0x90c5,0xb0a3,
0xa863,0xbdf5,0x9cb2,0xb42e,0x9bed,0xad33,0x8acb,0xa8c4,0x90c4,0x4883,0x0000,0x0000,
0x0000,0x0000,0x0000,0x0000,0x0000,0x0000,0x0000,0x0000,0x0000,0x0000,0x0000,0x0000,
0x0000,0x0000,0x0000,0x0000,0x2905,0x7b90,0x6bd0,0xa083,0x9843,0xad73,0xad32,0xb552,
0xbd93,0xa4f4,0xb4f4,0xa0c4,0x8126,0xad14,0x4a2a,0x0000,0x0000,0x0000,0x0000,0x0000,
0x0000,0x0000,0x0000,0x0000,0x0000,0x0000,0x0000,0x0000,0x0000,0x0000,0x0000,0x0000,
0x62cc,0x9493,0x8432,0x8063,0x7883,0x7b8d,0x942e,0x9cb0,0xa4f1,0x734e,0xc5b6,0x70c4,
0x93cf,0xe71b,0xe71b,0x0000,0x0000,0x0000,0x0000,0x0000,0x0000,0x0000,0x0000,0x0000,
0x0000,0x0000,0x0000,0x0000,0x0000,0x0000,0x0000,0x0000,0x8c53,0x94b3,0x7c11,0x5147,
0x6167,0xb5f8,0xd6ba,0x7b6e,0xa4d3,0x5a8b,0xd699,0xa4d4,0xc617,0xef3c,0xdeb9,0x732d,
0x0000,0x0000,0x0000,0x0000,0x0000,0x0000,0x0000,0x0000,0x0000,0x0000,0x0000,0x0000,
0x0000,0x0000,0x0000,0x0000,0xad56,0x94b4,0x738f,0xbdf8,0x9473,0xad97,0xc638,0xd699,
0xdeb9,0x526b,0xf77d,0xef7d,0xdeb9,0xef3b,0xd699,0x9451,0x0000,0x0000,0x0000,0x0000,
0x0000,0x0000,0x0000,0x0000,0x0000,0x0000,0x0000,0x0000,0x0000,0x0000,0x0000,0x0000,
0xb597,0x94b3,0x630d,0xbdf8,0xb5b7,0xad76,0xbdd7,0xbdb7,0xe6fa,0x632e,0xf79d,0xef5c,
0xdeda,0xe71b,0xd678,0xb575,0x0000,0x0000,0x0000,0x0000,0x0000,0x0000,0x0000,0x0000,
0x0000,0x0000,0x0000,0x0000,0x0000,0x0000,0x0000,0x0000,0xad97,0x94b3,0x526b,0x5aac,
0x5aac,0x5aac,0x5a8c,0xb5b7,0x62cd,0x528c,0xdeba,0xef3b,0xdeda,0xe6fa,0xce58,0xc5f7,
0x0000,0x0000,0x0000,0x0000,0x0000,0x0000,0x0000,0x0000,0x0000,0x0000,0x0000,0x0000,
0x0000,0x0000,0x0000,0x41e8,0x8c52,0x8432,0x5aac,0x7bb0,0x5aac,0x738f,0x736e,0xad35,
0x8c51,0x52ac,0x5a6b,0xef5c,0xdeda,0xe6fa,0xce38,0xb575,0x0000,0x0000,0x0000,0x0000,
0x0000,0x0000,0x0000,0x0000,0x0000,0x0000,0x0000,0x0000,0x0000,0x0000,0x0000,0x8c2f,
0xbd93,0xc5d4,0x62ed,0x62ac,0x5aac,0x9cb4,0x94b3,0xbdb7,0xe6fa,0x738f,0x736f,0xbd96,
0x8c31,0x6a48,0xdeda,0x0000,0x0000,0x0000,0x0000,0x0000,0x0000,0x0000,0x0000,0x0000,
0x0000,0x0000,0x0000,0x0000,0x0000,0x0000,0x2905,0x3946,0x5a0a,0x628b,0x8c52,0x9cf4,
0x528b,0x8452,0x6b4e,0x4a09,0x9493,0xa515,0xad97,0x41c9,0x7b0b,0xa36a,0x6b4f,0x0000,
0x0000,0x0000,0x0000,0x0000,0x0000,0x0000,0x0000,0x0000,0x0000,0x0000,0x0000,0x0000,
0x0000,0x0000,0xfc16,0x8c73,0x932f,0x92ae,0xad76,0xa515,0x39c9,0x522a,0x632e,0x41a8,
0xa515,0x7b90,0x5a8c,0x39c8,0x94d4,0x8452,0x39a8,0x3126,0x0000,0x0000,0x0000,0x0000,
0x0000,0x0000,0x0000,0x0000,0x0000,0x0000,0x0000,0x0000,0x0000,0x0000,0x426b,0x526b,
0x41e9,0x3187,0x49e9,0x2905,0x94d4,0x630d,0x4209,0x20c4,0x630e,0x630e,0x420a,0xa556,
0x2905,0x0000,0x0000,0x0000,0x0000,0x0000,0x0000,0x0000,0x0000,0x0000,0x0000,0x0000,
0x0000,0x0000,0x0000,0x0000,0x0000,0x0000,0x0000,0x0000,0x0000,0x0000,0x0000,0x83d0,
0x7b6e,0x734d,0x526a,0x0000,0x630e,0x526b,0x39c9,0x4a2a,0x0000,0x0000,0x0000,0x0000,
0x0000,0x0000,0x0000,0x0000,0x0000,0x0000,0x0000,0x0000,0x0000,0x0000,0x0000,0x0000,
0x0000,0x0000,0x0000,0x0000,0x0000,0x0000,0x0000,0xffdd,0x9c92,0xad34,0x8c30,0x0000,
0x5acd,0x528b,0x41e9,0x4a4b,0x0000,0x0000,0x0000,0x0000,0x0000,0x0000,0x0000,0x0000,
0x0000,0x0000,0x0000,0x0000,0x0000,0x0000,0x0000,0x0000,0x0000,0x0000,0x0000,0x0000,
0x0000,0x0000,0x0000,0xffdd,0xdeb9,0xd657,0x9471,0x0000,0x41e9,0x736e,0x6b2d,0x6b0d,
0x0000,0x0000,0x0000,0x0000,0x0000,0x0000,0x0000,0x0000,0x0000,0x0000,0x0000,0x0000,
0x0000,0x0000,0x0000,0x0000,0x0000,0x0000,0x0000,0x0000,0x0000,0x0000,0x0000,0xffde,
0xce17,0xa4f3,0x9cb1,0x0000,0x3146,0xdeda,0xc5f7,0xce37,0x3166,0x0000,0x0000,0x0000,
0x0000,0x0000,0x0000,0x0000,0x0000,0x0000,0x0000,0x0000,0x0000,0x0000,0x0000,0x0000,
0x0000,0x0000,0x0000,0x0000,0x0000,0x0000,0x0000,0xfffe,0x838f,0x7b4e,0xa4d2,0x0000,
0x3166,0xf79c,0xdeb9,0xd698,0x39a7,0x0000,0x0000,0x0000,0x0000,0x0000,0x0000,0x0000,
0x0000,0x0000,0x0000,0x0000,0x0000,0x0000,0x0000,0x0000,0x0000,0x0000,0x0000,0x0000,
0x0000,0x0000,0x0000,0xffbd,0xded9,0xce36,0x9cb1,0x0000,0x41c8,0xef3b,0xb575,0xc616,
0x41e8,0x0000,0x0000,0x0000,0x0000,0x0000,0x0000,0x0000,0x0000,0x0000,0x0000,0x0000,
0x0000,0x0000,0x0000,0x0000,0x0000,0x0000,0x0000,0x0000,0x0000,0x0000,0x41c8,0xbd96,
0xb555,0xa4d3,0x3966,0x0000,0x5229,0xde99,0x72ed,0xb575,0x4a09,0x0000,0x0000,0x0000,
0x0000,0x0000,0x0000,0x0000,0x0000,0x0000,0x0000,0x0000,0x0000,0x0000,0x0000,0x0000,
0x0000,0x0000,0x0000,0x0000,0x0000,0x0000,0x4a4a,0x6b4e,0x6b4e,0x6b2e,0x2905,0x0000,
0x62cc,0xef5c,0xe6fa,0xd678,0x7b6e,0x0000,0x0000,0x0000,0x0000,0x0000,0x0000,0x0000,
0x0000,0x0000,0x0000,0x0000,0x0000,0x0000,0x0000,0x0000,0x0000,0x0000,0x0000,0x0000,
0x0000,0x0000,0x0000,0x0000,0x0000,0x0000,0x0000,0x0000,0x0000,0xce38,0xbdd6,0xb554,
0xa4f2,0x0000,0x0000,0x0000,0x0000,0x0000,0x0000,0x0000,0x0000,0x0000,0x0000,0x0000,
0x0000,0x0000,0x0000,0x0000,0x0000,0x0000,0x0000,0x0000,0x0000,0x0000,0x0000,0x0000,
0x0000,0x0000,0x0000,0x0000,0x0000,0x7bf1,0x73b0,0x73b0,0x7bf1,0x0000,0x0000,0x0000,
0x0000,0x0000,0x0000,0x0000,0x0000,0x0000,0x0000,0x0000,0x0000,0x0000,0x0000,0x0000,
0x0000,0x0000,0x0000,0x0000,0x0000,0x0000,0x0000,0x0000,0x0000,0x0000,0x83cd,0x0000,
0x0000,0x0000,0x0000,0x0000,0x0000,0x0000,0x0000,0x0000,0x0000,0x0000,0x0000,0x0000,
0x0000,0x0000,0x0000,0x0000,0x0000,0x0000,0x0000,0x0000,0x0000,0x0000,0x0000,0x0000,
0x0000,0x0000,0x0000,0x0000,0x0000,0x8c0e,0x734b,0x5aa9,0x83ad,0xacf2,0x0000,0x0000,
0x0000,0x0000,0x0000,0x0000,0x0000,0x0000,0x0000,0x0000,0x0000,0x0000,0x0000,0x0000,
0x0000,0x0000,0x0000,0x0000,0x0000,0x0000,0x0000,0x0000,0x0000,0x0000,0x0000,0x0000,
0x62ea,0x0000,0x83cd,0x4a06,0x0000,0x0000,0x0000,0xa4b1,0x0000,0x0000,0x0000,0x0000,
0x0000,0x0000,0x0000,0x0000,0x0000,0x0000,0x0000,0x0000,0x0000,0x0000,0x0000,0x0000,
0x0000,0x0000,0x0000,0x0000,0x0000,0x0000,0x0000,0x0000,0x0000,0x0000,0x734c,0x6ac9,
0x0000,0x0000,0x0000,0x0000,0x0000,0x0000,0x0000,0x0000,0x0000,0x0000,0x0000,0x0000,
0x0000,0x0000,0x0000,0x0000,0x0000,0x0000,0x0000,0x0000,0x0000,0x0000,0x0000,0x0000,
0x0000,0x0000,0x9c90,0x0000,0x83ce,0xf77c,0xde57,0x942f,0x5227,0x4985,0x0000,0x0000,
0x8c0e,0x0000,0x0000,0x0000,0x0000,0x0000,0x0000,0x0000,0x0000,0x0000,0x0000,0x0000,
0x0000,0x0000,0x0000,0x0000,0x0000,0x0000,0x0000,0x0000,0x942f,0x8c0e,0x734c,0x0000,
0x944f,0xe6b9,0xcdb5,0xcdd5,0x49e7,0x3144,0x0000,0x0000,0x940e,0x942f,0x942f,0x0000,
0x0000,0x0000,0x0000,0x0000,0x0000,0x0000,0x0000,0x0000,0x0000,0x0000,0x0000,0x0000,
0x0000,0x0000,0x0000,0x0000,0x0000,0x0000,0x4a07,0x0000,0x8bcd,0x9c0f,0xd636,0x5985,
0x41a6,0x2103,0x0000,0x0000,0x4a48,0x0000,0x730a,0x0000,0x0000,0x0000,0x0000,0x0000,
0x0000,0x0000,0x0000,0x0000,0x0000,0x0000,0x0000,0x0000,0x0000,0x0000,0x0000,0x0000,
0xa46e,0x0000,0x83ce,0x0000,0x83cd,0xcdb4,0xb532,0x6227,0x51c6,0x2944,0x0000,0x0000,
0x838d,0x0000,0x9c0d,0x0000,0x0000,0x0000,0x0000,0x0000,0x0000,0x0000,0x0000,0x0000,
0x0000,0x0000,0x0000,0x0000,0x0000,0x0000,0x0000,0x0000,0xacaf,0x0000,0x7b0b,0x0000,
0x0000,0xa46f,0xb512,0x834b,0x0000,0x0000,0x0000,0x0000,0x0000,0x0000,0xac8e,0x0000,
0x0000,0x0000,0x0000,0x0000,0x0000,0x0000,0x0000,0x0000,0x0000,0x0000,0x0000,0x0000,
0x0000,0x0000,0x0000,0x0000,0xb4cf,0x0000,0x5a69,0x72e9,0x72a8,0x0000,0x3985,0x0000,
0x2081,0x0000,0x41a6,0x5a68,0x0000,0x0000,0xac8e,0x0000,0x0000,0x0000,0x0000,0x0000,
0x0000,0x0000,0x0000,0x0000,0x0000,0x0000,0x0000,0x0000,0x0000,0x0000,0x0000,0x0000,
0x0000,0x0000,0xacf1,0xde98,0x732b,0x93aa,0x30e3,0x28e3,0x2882,0x5a26,0xc594,0x834b,
0x0000,0x0000,0x0000,0x0000,0x0000,0x0000,0x0000,0x0000,0x0000,0x0000,0x0000,0x0000,
0x0000,0x0000,0x0000,0x0000,0x0000,0x0000,0x0000,0x0000,0x0000,0x6aa8,0x942e,0xbd13,
0x2923,0x6226,0x82c9,0x5227,0x9c2d,0x5205,0x8bac,0x8c0e,0x49c6,0x0000,0x0000,0x0000,
0x0000,0x0000,0x0000,0x0000,0x0000,0x0000,0x0000,0x0000,0x0000,0x0000,0x0000,0x0000,
0x0000,0x0000,0x0000,0x0000,0x0000,0xa46f,0xc5b5,0x4164,0x2944,0x3923,0xbd72,0x5144,
0x7309,0x4164,0x0000,0xacd1,0x6b0a,0x0000,0x0000,0x0000,0x0000,0x0000,0x0000,0x0000,
0x0000,0x0000,0x0000,0x0000,0x0000,0x0000,0x0000,0x0000,0x0000,0x0000,0x0000,0x0000,
0x0000,0x41c6,0x2061,0x0000,0x41e7,0x5144,0xcdb4,0x940e,0x5205,0x3123,0x0000,0x2881,
0x4185,0x0000,0x0000,0x0000,0x0000,0x0000,0x0000,0x0000,0x0000,0x0000,0x0000,0x0000,
0x0000,0x0000,0x0000,0x0000,0x0000,0x0000,0x0000,0x0000,0x0000,0x5a89,0x3965,0x0000,
0x5227,0x69c6,0xde57,0xb532,0x8b6b,0x6247,0x0000,0x4a27,0x28a2,0x0000,0x0000,0x0000,
0x0000,0x0000,0x0000,0x0000,0x0000,0x0000,0x0000,0x0000,0x0000,0x0000,0x0000,0x0000,
0x0000,0x0000,0x0000,0x0000,0x6b2b,0x7b0a,0x0000,0x2061,0x2923,0x69c6,0xacb0,0xa4b0,
0xb48f,0x836b,0x0000,0x3965,0x20c2,0x5124,0x0000,0x0000,0x0000,0x0000,0x0000,0x0000,
0x0000,0x0000,0x0000,0x0000,0x0000,0x0000,0x0000,0x0000,0x0000,0x0000,0x0000,0x9c70,
0xd616,0x3964,0x2062,0x2882,0x3165,0x0000,0x20e3,0x0000,0xbd11,0x9bec,0x2061,0x2903,
0x734c,0x28c3,0x61a6,0x0000,0x0000,0x0000,0x0000,0x0000,0x0000,0x0000,0x0000,0x0000,
0x0000,0x0000,0x0000,0x0000,0x0000,0x0000,0x0000,0xbd94,0x62a9,0x3985,0x30c3,0x28a2,
0x4a07,0x5227,0x3944,0x3964,0xac8e,0xa42d,0x0000,0x6b0a,0xc5d5,0x4a06,0x4104,0x5986,
0x0000,0x0000,0x0000,0x0000,0x0000,0x0000,0x0000,0x0000,0x0000,0x0000,0x0000,0x0000,
0x0000,0x0000,0x0000,0xbd74,0x5227,0x38c3,0x38e3,0x3124,0x41c6,0x4124,0x61a5,0x20e3,
0xa42d,0xb48e,0x0000,0x20a2,0xacd1,0x4a06,0x40e3,0x4924,0x5125,0x61a6,0x0000,0x0000,
0x0000,0x0000,0x0000,0x0000,0x0000,0x0000,0x0000,0x0000,0x0000,0x0000,0x942e,0x7b6c,
0x0000,0x4104,0x38e3,0xad11,0x3964,0x5a07,0x5985,0x2903,0x4965,0x3144,0x0000,0x38c3,
0x730a,0x6aea,0x30a3,0x6166,0x5145,0x6166,0x5965,0x0000,0x0000,0x0000,0x0000,0x0000,
0x0000,0x0000,0x0000,0x0000,0x0000,0x0000,0x62a9,0x39a6,0x0000,0x4945,0x3124,0xe6b8,
0x6288,0x4144,0x69c6,0x2903,0x6165,0x3144,0x5226,0x30a2,0x3164,0x8bee,0x38a3,0x4104,
0x5945,0x6186,0x69a7,0x5986,0x0000,0x0000,0x0000,0x0000,0x0000,0x0000,0x0000,0x0000,
0x0000,0x0000,0x62ea,0x0000,0x5248,0x5145,0x51e7,0xd657,0x83ac,0x3924,0x7207,0x3103,
0x6165,0x734b,0x3985,0x30a2,0x3985,0x62ca,0x4104,0x38c3,0x69a6,0x5145,0x69a7,0x69a7,
0x0000,0x0000,0x0000,0x0000,0x0000,0x0000,0x0000,0x0000,0x0000,0x0000,0x0000,0x5a89,
0x0000,0x69a6,0x5227,0x730a,0x5a88,0x3904,0x69c7,0x30c2,0x69a6,0x9c4f,0x39a5,0x30c3,
0x2082,0x4a48,0x4104,0x4925,0x5145,0x61a6,0x6186,0x5966,0x6186,0x0000,0x0000,0x0000,
0x0000,0x0000,0x0000,0x0000,0x0000,0x0000,0x0000,0x0000,0x0000,0x6186,0x7b2b,0x7b6c,
0x28c2,0x4925,0x7a28,0x4103,0x69a6,0x3964,0x9c2e,0x2882,0x3965,0x40e4,0x40e4,0x6186,
0x5145,0x0000,0x0000,0x61a6,0x0000,0x0000,0x0000,0x0000,0x0000,0x0000,0x0000,0x0000,
0x0000,0x0000,0x0000,0x0000,0x7207,0x4904,0x5ac9,0x3165,0x39a5,0x30c3,0x3903,0x3904,
0x3123,0x4a27,0x39a6,0x38c3,0x4925,0x4924,0x4924,0x6186,0x5165,0x5965,0x0000,0x0000,
0x0000,0x0000,0x0000,0x0000,0x0000,0x0000,0x0000,0x0000,0x0000,0x0000,0x0000,0x0000,
0x0000,0x6186,0xb553,0x8c0f,0x49c5,0x4104,0x0000,0x0000,0x5227,0xb553,0x62a9,0x38e3,
0x5145,0x0000,0x0000,0x6186,0x69c7,0x5965,0x0000,0x0000,0x0000,0x0000,0x0000,0x0000,
0x0000,0x0000,0x0000,0x0000,0x0000,0x0000,0x0000,0x0000,0x0000,0x0000,0xa4d2,0x7b6c,
0x4145,0x4144,0x0000,0x0000,0x0000,0xacd1,0x5a89,0x0000,0x5145,0x5985,0x0000,0x0000,
0x5986,0x0000,0x0000,0x0000,0x0000,0x0000,0x0000,0x0000,0x0000,0x0000,0x0000,0x0000,
0x0000,0x0000,0x0000,0x0000,0x0000,0x0000,0xacf2,0x6b0b,0x0000,0x0000,0x0000,0x0000,
0x0000,0xacf2,0x5a89,0x0000,0x0000,0x0000,0x0000,0x0000,0x0000,0x0000,0x0000,0x0000,
0x0000,0x0000,0x0000,0x0000,0x0000,0x0000,0x0000,0x0000,0x0000,0x0000,0x0000,0x0000,
0x0000,0x0000,0x83ee,0x732b,0x0000,0x0000,0x0000,0x0000,0x0000,0x9c6f,0x5a89,0x0000,
0x0000,0x0000,0x0000,0x0000,0x0000,0x0000,0x0000,0x0000,0x0000,0x0000,0x0000,0x0000,
0x0000,0x0000,0x0000,0x0000,0x0000,0x0000,0x0000,0x0000,0x0000,0x62ca,0x734b,0x3124,
0x0000,0x0000,0x0000,0x0000,0x6aca,0x2923,0x83cd,0x5248,0x0000,0x0000,0x0000,0x0000,
0x0000,0x0000,0x0000,0x0000,0x0000,0x0000,0x0000,0x0000,0x0000,0x0000,0x0000,0x0000,
0x0000,0x0000,0x0000,0x0000,0xb553,0xc5b5,0x6b2b,0x41a6,0x0000,0x0000,0x0000,0x0000,
0x62ca,0x39a5,0x83ad,0xbd95,0x8c0e,0x0000,0x0000,0x0000,0x0000,0x0000,0x0000,0x0000,
0x0000,0x0000,0x0000,0x0000,0x0000,0x0000,0x0000,0x0000,0x0000,0x0000,0x0000,0x0000,
0x0000,0x0000,0x0000,0x0000,0x0000,0x0000,0x0000,0x0000,0x0000,0x0000,0x0000,0x0000,
0x0000,0x0000,0x0000,0x0000,0x0000,0x0000,0x0000,0x0000,0x0000,0x0000,0x0000,0x0000,
0x0000,0x0000,0x0000,0x0000,0x0000,0x0000,0x0000,0x0000,0x0000,0x0000,0x0000,0x0000,
0x0000,0x0000,0x0000,0x0000,0x0000,0x0000,0x0000,0x0000,0x0000,0x0000,0x0000,0x0000,
0x0000,0x0000,0x0000,0x0000,0x0000,0x0000,0x0000,0x0000,0x0000,0x0000,0x0000,0x0000,
0x0000,0x0000,0x0000,0x0000,0x0000,0x0000,0x0000,0x0000,0x0000,0x0000,0x8c2f,0x732b,
0x0000,0x0000,0x0000,0x0000,0x0000,0x0000,0x0000,0x0000,0x0000,0x0000,0x0000,0x0000,
0x0000,0x0000,0x0000,0x0000,0x0000,0x0000,0x0000,0x0000,0x0000,0x0000,0x0000,0x0000,
0x0000,0x0000,0x0000,0x0000,0x0000,0x9c70,0x7b6c,0x734b,0x5a88,0xa4d1,0xacf2,0x0000,
0x0000,0x0000,0x0000,0x0000,0x0000,0x0000,0x0000,0x0000,0x0000,0x0000,0x0000,0x0000,
0x0000,0x0000,0x0000,0x0000,0x0000,0x0000,0x0000,0x0000,0x0000,0x0000,0x0000,0x0000,
0x7b6c,0x0000,0x0000,0x0000,0x0000,0x0000,0x0000,0xa4b1,0x0000,0x0000,0x0000,0x0000,
0x0000,0x0000,0x0000,0x0000,0x0000,0x0000,0x0000,0x0000,0x0000,0x0000,0x0000,0x0000,
0x0000,0x0000,0x0000,0x0000,0x0000,0x0000,0x0000,0x8c0f,0x0000,0xa4d1,0x9c2f,0x942e,
0x72c9,0x52a9,0x0000,0x0000,0x0000,0x0000,0x0000,0x0000,0x0000,0x0000,0x0000,0x0000,
0x0000,0x0000,0x0000,0x0000,0x0000,0x0000,0x0000,0x0000,0x0000,0x0000,0x0000,0x0000,
0x0000,0x0000,0x0000,0x62c9,0x0000,0xeef9,0xde78,0xb511,0x5a48,0x2965,0x0000,0x0000,
0x83ad,0x0000,0x0000,0x0000,0x0000,0x0000,0x0000,0x0000,0x0000,0x0000,0x0000,0x0000,
0x0000,0x0000,0x0000,0x0000,0x0000,0x0000,0x0000,0x0000,0x0000,0x7b6c,0x7b6b,0x41e6,
0x732b,0xde98,0xc5b4,0xc5b4,0x49c6,0x3164,0x39a5,0x5a89,0x6b2b,0x83ad,0x83ac,0x0000,
0x0000,0x0000,0x0000,0x0000,0x0000,0x0000,0x0000,0x0000,0x0000,0x0000,0x0000,0x0000,
0x0000,0x0000,0x0000,0x0000,0x0000,0x9c0d,0x0000,0x62c9,0x7b8c,0x938c,0xacd1,0x9bce,
0x51e6,0x2944,0x0000,0x0000,0x83ad,0x0000,0x8bac,0x0000,0x0000,0x0000,0x0000,0x0000,
0x0000,0x0000,0x0000,0x0000,0x0000,0x0000,0x0000,0x0000,0x0000,0x0000,0x0000,0x0000,
0x0000,0xa42d,0x0000,0x730a,0x0000,0x9c4f,0xbd73,0x59a5,0x39a5,0x3985,0x0000,0x0000,
0x62ea,0x0000,0xac6d,0x0000,0x0000,0x0000,0x0000,0x0000,0x0000,0x0000,0x0000,0x0000,
0x0000,0x0000,0x0000,0x0000,0x0000,0x0000,0x0000,0x0000,0x0000,0xa44d,0x0000,0x6288,
0x0000,0x6268,0xcdd5,0x4a07,0x28e3,0x0000,0x0000,0x62a9,0x0000,0x0000,0xac8e,0x0000,
0x0000,0x0000,0x0000,0x0000,0x0000,0x0000,0x0000,0x0000,0x0000,0x0000,0x0000,0x0000,
0x0000,0x0000,0x0000,0x0000,0x0000,0x0000,0x0000,0xb553,0xbd73,0x7ac8,0x0000,0x2923,
0x0000,0x6246,0x838d,0x0000,0x0000,0x0000,0xacaf,0x0000,0x0000,0x0000,0x0000,0x0000,
0x0000,0x0000,0x0000,0x0000,0x0000,0x0000,0x0000,0x0000,0x0000,0x0000,0x0000,0x0000,
0x0000,0x0000,0xd616,0xacd1,0xbd53,0x3103,0x6a27,0x49c6,0x41a5,0x5a25,0x8c0e,0xacf2,
0x5a27,0x0000,0x0000,0x0000,0x0000,0x0000,0x0000,0x0000,0x0000,0x0000,0x0000,0x0000,
0x0000,0x0000,0x0000,0x0000,0x0000,0x0000,0x0000,0x0000,0x0000,0x9c4f,0x8bac,0x838c,
0x72a9,0x62c9,0x72e9,0x5965,0x49c5,0x3943,0x0000,0x940e,0x730a,0x0000,0x0000,0x0000,
0x0000,0x0000,0x0000,0x0000,0x0000,0x0000,0x0000,0x0000,0x0000,0x0000,0x0000,0x0000,
0x0000,0x0000,0x0000,0x0000,0x0000,0xce16,0xb511,0x5a89,0x0000,0x6288,0x8bac,0xce15,
0x6a87,0x5a87,0x20c2,0x0000,0x3124,0x4185,0x0000,0x0000,0x0000,0x0000,0x0000,0x0000,
0x0000,0x0000,0x0000,0x0000,0x0000,0x0000,0x0000,0x0000,0x0000,0x0000,0x0000,0x836b,
0x7bad,0x4144,0x2924,0x2082,0x0000,0x7aea,0x72a9,0xcdf5,0x6267,0x49c5,0x0000,0x41c6,
0x3985,0x30a2,0x4104,0x0000,0x0000,0x0000,0x0000,0x0000,0x0000,0x0000,0x0000,0x0000,
0x0000,0x0000,0x0000,0x0000,0x0000,0x0000,0x0000,0xdeb9,0x7b4b,0x3144,0x0000,0x2862,
0x0000,0x5a07,0x5a27,0xbd32,0x940e,0xac6d,0x0000,0x2924,0x59c5,0x62ca,0x40e4,0x40c3,
0x40e4,0x69c6,0x8248,0x7a07,0x0000,0x0000,0x0000,0x0000,0x0000,0x0000,0x0000,0x0000,
0x0000,0x0000,0xacb0,0x83ad,0x5a89,0x0000,0x0000,0x2882,0x2882,0x3144,0x3944,0x7b8c,
0x4a06,0xa42d,0x2082,0x28a2,0x3165,0xb532,0x28a3,0x4924,0x4904,0x5965,0x4904,0x7208,
0x79e7,0x0000,0x0000,0x0000,0x0000,0x0000,0x0000,0x0000,0x0000,0x0000,0xb512,0x5227,
0x0000,0x0000,0x5965,0x30a2,0x20a2,0x62c9,0x5a68,0x39c5,0x41c6,0x93ec,0x3923,0x2061,
0x734b,0xb512,0x5207,0x30c3,0x6165,0x6165,0x5965,0x4924,0x71c7,0x5965,0x0000,0x0000,
0x0000,0x0000,0x0000,0x0000,0x0000,0x6ac9,0x3985,0x0000,0x0000,0x0000,0x4104,0x38c3,
0x28e3,0x6b2a,0x0000,0x5985,0x28c3,0x9c0c,0x5a67,0x30c3,0x2862,0x8c2f,0x732b,0x40e4,
0x40e4,0x6186,0x69a6,0x0000,0x0000,0x0000,0x0000,0x0000,0x0000,0x0000,0x0000,0x0000,
0x0000,0xa4d1,0x2903,0x0000,0x0000,0x0000,0x5125,0x38a3,0x8bec,0x2924,0xde78,0x4165,
0x30c3,0x6aa8,0x5206,0x2882,0x38e3,0x3124,0x8bed,0x38c3,0x4924,0x4904,0x69a6,0x61a6,
0x0000,0x0000,0x0000,0x0000,0x0000,0x0000,0x0000,0x0000,0x0000,0x734c,0x3985,0x0000,
0x0000,0x0000,0x4924,0x4924,0x8329,0x39a6,0xe6b9,0xa490,0x4103,0x0000,0x5a67,0x30a3,
0x38c3,0x5248,0x9470,0x38e3,0x4945,0x5125,0x4924,0x0000,0x0000,0x0000,0x0000,0x0000,
0x0000,0x0000,0x0000,0x0000,0x0000,0x0000,0x0000,0x0000,0x0000,0x0000,0x4904,0x4904,
0x6a07,0x2123,0xcdf5,0xb512,0x2903,0x0000,0x5986,0x30c3,0x38e3,0x30a3,0x5ac9,0x3904,
0x5145,0x5966,0x0000,0x0000,0x0000,0x0000,0x0000,0x0000,0x0000,0x0000,0x0000,0x0000,
0x0000,0x0000,0x0000,0x0000,0x0000,0x0000,0x4104,0x5986,0x69c6,0x28c3,0x838c,0x62ca,
0x5a88,0x20a2,0x6a47,0x38c3,0x40e3,0x5207,0x38e3,0x4924,0x4944,0x5965,0x6186,0x0000,
0x0000,0x0000,0x0000,0x0000,0x0000,0x0000,0x0000,0x0000,0x0000,0x0000,0x0000,0x0000,
0x0000,0x0000,0x0000,0x5945,0x4924,0x3103,0x28e3,0x7b8c,0x62a9,0x38c3,0x30e3,0x40e4,
0x4104,0x5145,0x4904,0x0000,0x0000,0x0000,0x0000,0x0000,0x0000,0x0000,0x0000,0x0000,
0x0000,0x0000,0x0000,0x0000,0x0000,0x0000,0x0000,0x0000,0x0000,0x0000,0x0000,0x0000,
0x5165,0x2944,0x0000,0x8c2f,0x4a07,0x4165,0x4944,0x0000,0x0000,0x5165,0x5945,0x0000,
0x0000,0x0000,0x0000,0x0000,0x0000,0x0000,0x0000,0x0000,0x0000,0x0000,0x0000,0x0000,
0x0000,0x0000,0x0000,0x0000,0x0000,0x0000,0x0000,0x0000,0x5a68,0x5a89,0x41e6,0xa490,
0xcdf5,0x5a88,0x0000,0x0000,0x0000,0x0000,0x0000,0x0000,0x0000,0x0000,0x0000,0x0000,
0x0000,0x0000,0x0000,0x0000,0x0000,0x0000,0x0000,0x0000,0x0000,0x0000,0x0000,0x0000,
0x0000,0x0000,0x0000,0x62c9,0x6aea,0x0000,0x0000,0x49c6,0xdeb9,0x6aca,0x0000,0x0000,
0x0000,0x0000,0x0000,0x0000,0x0000,0x0000,0x0000,0x0000,0x0000,0x0000,0x0000,0x0000,
0x0000,0x0000,0x0000,0x0000,0x0000,0x0000,0x0000,0x0000,0x0000,0x0000,0x5268,0x2923,
0x41c6,0x0000,0x0000,0x0000,0x942f,0x8c0e,0x0000,0x0000,0x0000,0x0000,0x0000,0x0000,
0x0000,0x0000,0x0000,0x0000,0x0000,0x0000,0x0000,0x0000,0x0000,0x0000,0x0000,0x0000,
0x0000,0x0000,0x0000,0x0000,0x0000,0x0000,0x0000,0x3164,0x3985,0x0000,0x0000,0x0000,
0x7b6c,0x62ca,0xad12,0x5a68,0x20e3,0x0000,0x0000,0x0000,0x0000,0x0000,0x0000,0x0000,
0x0000,0x0000,0x0000,0x0000,0x0000,0x0000,0x0000,0x0000,0x0000,0x0000,0x0000,0x0000,
0x0000,0x0000,0x0000,0x4a07,0x942f,0x6aea,0x0000,0x0000,0x4a07,0x41c6,0x5a68,0x2103,
0x0000,0x0000,0x0000,0x0000,0x0000,0x0000,0x0000,0x0000,0x0000,0x0000,0x0000,0x0000,
0x0000,0x0000,0x0000,0x0000,0x0000,0x0000,0x0000,0x0000,0x0000,0x0000,0x0000,0x0000,
0x0000,0x0000,0x0000,0x0000,0x0000,0x5248,0x20e2,0x0000,0x0000,0x0000,0x0000,0x0000,
0x0000,0x0000,0x0000,0x0000,0x0000,0x0000,0x0000,0x0000,0x0000,0x0000,0x0000,0x0000,
0x0000,0x0000,0x0000,0x0000,0x0000,0x0000,0x0000,0x0000,0x0000,0x0000,0x0000,0x0000,
0x0000,0x0000,0x0000,0x0000,0x0000,0x0000,0x0000,0x0000,0x0000,0x0000,0x0000,0x0000,
0x0000,0x0000,0x0000,0x0000,0x0000,0x0000,0x0000,0x0000,0x0000,0x0000,0x0000,0x0000,
0x0000,0x0000,0x0000,0x0000,0x0000,0x0000,0x0000,0x0000,0x0000,0x0000,0x0000,0x0000,
0x0000,0x0000,0x0000,0x0000,0x0000,0x0000,0x0000,0x0000,0x0000,0x0000,0x0000,0x0000,
0x0000,0x0000,0x0000,0x0000,0x0000,0x0000,0x0000,0x0000,0x0000,0x0000,0x0000,0x0000,
0x0000,0x0000,0x0000,0xacf2,0x0000,0x0000,0x0000,0x0000,0x0000,0x0000,0x0000,0x0000,
0x0000,0x0000,0x0000,0x0000,0x0000,0x0000,0x0000,0x0000,0x0000,0x0000,0x0000,0x0000,
0x0000,0x0000,0x0000,0x0000,0x0000,0x0000,0x0000,0x0000,0x0000,0x0000,0x0000,0x83ce,
0x6b0a,0x0000,0x0000,0x0000,0x0000,0x0000,0x0000,0x0000,0x0000,0x0000,0x0000,0x0000,
0x0000,0x0000,0x0000,0x0000,0x0000,0x0000,0x0000,0x0000,0x0000,0x0000,0x0000,0x0000,
0x0000,0x0000,0x0000,0x0000,0x0000,0x9470,0x0000,0xacf2,0x0000,0x6b0a,0x0000,0x0000,
0x0000,0x0000,0x0000,0x0000,0x0000,0x0000,0x0000,0x0000,0x0000,0x0000,0x0000,0x0000,
0x0000,0x0000,0x0000,0x0000,0x0000,0x0000,0x0000,0x0000,0x0000,0x0000,0x0000,0xbd74,
0xacd1,0x0000,0x0000,0x4a67,0x0000,0x0000,0x9cb1,0x83cd,0x8c2f,0x0000,0x0000,0x0000,
0x0000,0x0000,0x0000,0x0000,0x0000,0x0000,0x0000,0x0000,0x0000,0x0000,0x0000,0x0000,
0x0000,0x0000,0x0000,0x0000,0x0000,0xbdb5,0xc5b5,0x5aa9,0x0000,0x0000,0x0000,0xbe98,
0x0000,0x0000,0x0000,0x4207,0x83ee,0x940e,0x0000,0x0000,0x0000,0x0000,0x0000,0x0000,
0x0000,0x0000,0x0000,0x0000,0x0000,0x0000,0x0000,0x0000,0x0000,0x0000,0x0000,0x0000,
0xbd95,0xa4d1,0x41e6,0x0000,0x0000,0x0000,0x0000,0xa656,0x434a,0x0000,0x0000,0x0000,
0x0000,0x62ea,0x9c70,0x0000,0x0000,0x0000,0x0000,0x0000,0x0000,0x0000,0x0000,0x0000,
0x0000,0x0000,0x0000,0x0000,0x0000,0x0000,0xb533,0x5aa9,0xa4b1,0x0000,0x0000,0x0000,
0x0000,0x0000,0xa656,0xae97,0x3ae9,0x0000,0x0000,0x0000,0x0000,0x83cd,0x734b,0x8c0e,
0x83cd,0x0000,0x0000,0x0000,0x0000,0x0000,0x0000,0x0000,0x0000,0x0000,0x0000,0x0000,
0x0000,0x0000,0x9cb1,0x942f,0x6b0a,0x0000,0x0000,0x0000,0x0000,0x0000,0xae76,0x9e35,
0x3287,0x53ec,0x0000,0x0000,0x0000,0x8c2f,0x0000,0x944f,0x736c,0x942f,0x0000,0x0000,
0x0000,0x0000,0x0000,0x0000,0x0000,0x0000,0x0000,0x0000,0x0000,0x0000,0xa4d1,0x3185,
0x0000,0x0000,0x0000,0x0000,0x0000,0x95f4,0x9614,0xa656,0x43ab,0x53ac,0x0000,0x0000,
0x0000,0x840e,0x0000,0x5a68,0x4a27,0x8c2f,0x0000,0x0000,0x0000,0x0000,0x0000,0x0000,
0x0000,0x0000,0x0000,0x0000,0x0000,0x944f,0x8c0e,0x7bad,0x0000,0x0000,0x0000,0x0000,
0x0000,0xc6b8,0x9e55,0xa5f5,0x3ae9,0x432a,0x64af,0x0000,0x0000,0x8c0e,0x0000,0x0000,
0x942f,0x734b,0x0000,0x0000,0x0000,0x0000,0x0000,0x0000,0x0000,0x0000,0x0000,0x9c90,
0x83cd,0x942f,0x732b,0x736c,0x0000,0x0000,0x0000,0x0000,0x5bcc,0x84b1,0xd73a,0x21c5,
0x29e6,0x6c4e,0x3288,0x0000,0x0000,0x8c2f,0x0000,0x0000,0x8c0e,0x6b0a,0x8bee,0x940e,
0x0000,0x0000,0x0000,0x0000,0x0000,0x0000,0x0000,0x0000,0x0000,0x0000,0x6b2b,0x5a88,
0x0000,0x0000,0x0000,0x0000,0x0000,0x4b2a,0x6c0e,0x3267,0x3aa8,0x4b6b,0x4bac,0x0000,
0x0000,0x8c0e,0x0000,0x0000,0x5247,0x7b6c,0x0000,0x0000,0x0000,0x0000,0x0000,0x0000,
0x0000,0x0000,0x0000,0x0000,0x0000,0x0000,0x0000,0x944f,0x62ca,0x0000,0x0000,0x0000,
0x0000,0x5c6e,0x642e,0x42e9,0x3aa8,0x642e,0x5c0d,0x0000,0x0000,0x7bcd,0x0000,0x9c6f,
0x0000,0x6b09,0x0000,0x0000,0x0000,0x0000,0x0000,0x0000,0x0000,0x0000,0x0000,0x0000,
0x0000,0x0000,0x0000,0x944e,0x944f,0x0000,0x0000,0x0000,0x0000,0x6cd0,0x7510,0x434a,
0x5c2d,0x53cc,0x6caf,0x0000,0x0000,0x736c,0x9c91,0x7b6b,0x0000,0x836b,0x0000,0x0000,
0x0000,0x0000,0x0000,0x0000,0x0000,0x0000,0x0000,0x0000,0x0000,0x0000,0x9c2d,0x0000,
0x944f,0x8c0f,0x736c,0x0000,0x0000,0x85d3,0x8d93,0x542d,0x6ccf,0x64af,0x64af,0x0000,
0x0000,0x736c,0x7b8c,0x0000,0x0000,0x8bcc,0x0000,0x0000,0x0000,0x0000,0x0000,0x0000,
0x0000,0x0000,0x0000,0x0000,0x0000,0xb4f0,0xbcef,0x0000,0x0000,0xa4d2,0x942e,0x8c0d,
0x4227,0x6ccf,0x3ae9,0x7d92,0x7d92,0x3b09,0x0000,0x946f,0x736c,0x7b8c,0x7b8c,0x0000,
0x0000,0xa44d,0x0000,0x0000,0x0000,0x0000,0x0000,0x0000,0x0000,0x0000,0x0000,0x0000,
0x0000,0xbd31,0xb4f0,0x0000,0x0000,0x0000,0x8bee,0x4a27,0x630b,0x0000,0x64af,0x6caf,
0x32a8,0x64b0,0x0000,0x6b2b,0x7bac,0x0000,0x0000,0x0000,0x9c4e,0x9c2d,0x0000,0x0000,
0x0000,0x0000,0x0000,0x0000,0x0000,0x0000,0x0000,0x0000,0x0000,0xbd10,0xbcf0,0x0000,
0x0000,0x836b,0x0000,0x0000,0x7bac,0x0000,0x7d52,0x6cd0,0x6d10,0x0000,0x0000,0x0000,
0x0000,0x0000,0x0000,0x0000,0x0000,0xacae,0x0000,0x0000,0x0000,0x0000,0x0000,0x0000,
0x0000,0x0000,0x0000,0x0000,0x0000,0xbd10,0xbd30,0x0000,0x0000,0x69e7,0x0000,0x0000,
0x0000,0x83cd,0x5ac9,0x7d72,0x534b,0x9c90,0x6b0a,0x0000,0x0000,0x61c6,0x0000,0x0000,
0x0000,0xa46d,0x0000,0x0000,0x0000,0x0000,0x0000,0x0000,0x0000,0x0000,0x0000,0x0000,
0x0000,0xbd10,0xcd92,0x0000,0x0000,0x8aa9,0x0000,0x0000,0x0000,0x83cd,0x7bcd,0x83cd,
0x83ed,0x7b8d,0x7b6c,0x0000,0x0000,0x8aa9,0x0000,0x0000,0xa46e,0xb4ef,0x0000,0x0000,
0x0000,0x0000,0x0000,0x0000,0x0000,0x0000,0x0000,0x0000,0x0000,0x0000,0x0000,0x0000,
0x0000,0x92ca,0x0000,0x0000,0x0000,0x0000,0x5ac9,0xa490,0x4a47,0x6b0b,0x0000,0x0000,
0x0000,0x8aa9,0x0000,0x0000,0x0000,0x0000,0x0000,0x0000,0x0000,0x0000,0x0000,0x0000,
0x0000,0x0000,0x0000,0x0000,0x0000,0x0000,0x0000,0x0000,0x0000,0x8a89,0x0000,0x0000,
0x0000,0x0000,0x0000,0x736c,0x0000,0x0000,0x0000,0x0000,0x0000,0x8268,0x0000,0x0000,
0x0000,0x0000,0x0000,0x0000,0x0000,0x0000,0x0000,0x0000,0x0000,0x0000,0x0000,0x0000,
0x0000,0x0000,0x0000,0x0000,0x0000,0x8a89,0x0000,0x0000,0x0000,0x0000,0x0000,0xacf2,
0x0000,0x0000,0x0000,0x0000,0x0000,0x8268,0x0000,0x0000,0x0000,0x0000,0x0000,0x0000,
0x0000,0x0000,0x0000,0x0000,0x0000,0x0000,0x0000,0x0000,0x0000,0x0000,0x0000,0x0000,
0x0000,0x7a28,0x0000,0x0000,0x0000,0x0000,0x9cb1,0x7b8c,0x6ae9,0x0000,0x0000,0x0000,
0x0000,0x61e7,0x0000,0x0000,0x0000,0x0000,0x0000,0x0000,0x0000,0x0000,0x0000,0x0000,
0x0000,0x0000,0x0000,0x0000,0x0000,0x0000,0x0000,0x0000,0x0000,0x0000,0x0000,0x0000,
0x0000,0x0000,0x734b,0x7b8c,0x734b,0x734b,0x0000,0x0000,0x0000,0x0000,0x0000,0x0000,
0x0000,0x0000,0x0000,0x0000,0x0000,0x0000,0x0000,0x0000,0x0000,0x0000,0x0000,0x0000,
0x0000,0x0000,0x0000,0x0000,0x0000,0x0000,0x0000,0x0000,0x0000,0x0000,0x0000,0x942f,
0x83cd,0x0000,0x0000,0x0000,0x0000,0x0000,0x0000,0x0000,0x0000,0x0000,0x0000,0x0000,
0x0000,0x0000,0x0000,0x0000,0x0000,0x0000,0x0000,0x0000,0x0000,0x0000,0x0000,0x0000,
0x0000,0x0000,0x0000,0x0000,0x0000,0x0000,0x0000,0x6ae9,0x0000,0x0000,0x0000,0x0000,
0x0000,0x0000,0x0000,0x0000,0x0000,0x0000,0x0000,0x0000,0x0000,0x0000,0x0000,0x0000,
0x0000,0x0000,0x0000,0x0000,0x0000,0x0000,0x0000,0x0000,0x0000,0x0000,0x0000,0x0000,
0x0000,0x0000,0x0000,0x8c0e,0x0000,0x0000,0x0000,0x0000,0x0000,0x0000,0x0000,0x0000,
0x0000,0x0000,0x0000,0x0000,0x0000,0x0000,0x0000,0x0000,0x0000,0x0000,0x0000,0x0000,
0x0000,0x0000,0x0000,0x0000,0x0000,0x0000,0x0000,0x0000,0x0000,0x0000,0x0000,0xa490,
0x0000,0x0000,0x0000,0x0000,0x0000,0x0000,0x0000,0x0000,0x0000,0x0000,0x0000,0x0000,
0x0000,0x0000,0x0000,0x0000,0x0000,0x0000,0x0000,0x0000,0x0000,0x0000,0x0000,0x0000,
0x0000,0x0000,0x0000,0x0000,0x0000,0x0000,0x0000,0x0000,0x0000,0x0000,0x0000,0x0000,
0x0000,0x0000,0x0000,0x0000,0x0000,0x0000,0x0000,0x0000,0x0000,0x0000,0x0000,0x0000,
0x0000,0x0000,0x0000,0x0000,0x0000,0x0000,0x0000,0x0000,0x0000,0x0000,0x0000,0x0000,
0x0000,0x0000,0x0000,0x0000,0x0000,0x0000,0x0000,0x0000,0x0000,0x0000,0x0000,0x0000,
0x0000,0x0000,0x0000,0x0000,0x0000,0x0000,0x0000,0x0000,0x0000,0x0000,0x0000,0x0000,
0x0000,0x0000,0x0000,0x0000,0x0000,0x0000,0x0000,0x0000,0x0000,0x0000,0x0000,0x0000,
0x0000,0x0000,0x0000,0x0000,0x0000,0x0000,0x0000,0x0000,0x0000,0x0000,0x0000,0x0000,
0x0000,0x0000,0x0000,0x0000,0x0000,0x0000,0x0000,0x0000,0x0000,0x0000,0x0000,0x0000,
0x0000,0x0000,0x0000,0x0000,0x6a68,0x0000,0x0000,0x0000,0x0000,0x0000,0x0000,0x0000,
0x0000,0x0000,0x0000,0x0000,0x0000,0x0000,0x0000,0x0000,0x0000,0x0000,0x0000,0x0000,
0x0000,0x0000,0x0000,0x0000,0x0000,0x0000,0x0000,0x0000,0x0000,0x0000,0x0000,0x59c6,
0x4123,0x7a28,0xac4d,0xc571,0x0000,0xcdb4,0xde56,0xa48f,0x0000,0x0000,0x0000,0x0000,
0x0000,0x0000,0x0000,0x0000,0x0000,0x0000,0x0000,0x0000,0x0000,0x0000,0x0000,0x0000,
0x0000,0x0000,0x0000,0x0000,0x0000,0x0000,0xbd32,0x4924,0x69e5,0x7227,0x71e7,0xd656,
0xe677,0xde56,0xde36,0x93ed,0x6206,0x0000,0x0000,0x0000,0x0000,0x0000,0x0000,0x0000,
0x0000,0x0000,0x0000,0x0000,0x0000,0x0000,0x0000,0x0000,0x0000,0x0000,0x0000,0x0000,
0x0000,0x0000,0x61e6,0x5144,0x7a27,0x5124,0xf739,0xef1a,0xeef9,0xde98,0xde36,0x4144,
0x5164,0x0000,0x0000,0x0000,0x0000,0x0000,0x0000,0x0000,0x0000,0x0000,0x0000,0x0000,
0x0000,0x0000,0x0000,0x0000,0x0000,0x0000,0x0000,0x0000,0x0000,0x0000,0x48e3,0x4924,
0x40c3,0xe697,0xeef9,0xef3a,0xef1a,0xe6d8,0x49c6,0x4965,0x51a5,0x38c3,0x38a2,0x4903,
0x59e6,0x940d,0x0000,0x0000,0x0000,0x0000,0x0000,0x0000,0x0000,0x0000,0x0000,0x0000,
0x0000,0xc593,0x4923,0x71e7,0x8b29,0x9c2d,0x48e3,0x5144,0xacaf,0xe6d9,0xf73a,0xbd94,
0x3964,0x0000,0x28e3,0x0000,0x30a2,0x4904,0x5124,0x5165,0x5165,0x4985,0x0000,0x0000,
0x0000,0x0000,0x0000,0x0000,0x0000,0x0000,0x0000,0x0000,0x0000,0xc593,0xcdb3,0x59a6,
0x6185,0x72e9,0x3882,0x4924,0xde56,0xf75b,0x3143,0x7b4b,0xb532,0xcdf4,0xde56,0xd615,
0xc593,0x5a27,0x4904,0x4944,0x6a27,0x82c9,0x0000,0x0000,0x0000,0x0000,0x0000,0x0000,
0x0000,0x0000,0x0000,0x0000,0x0000,0xbd73,0xd615,0xbd11,0xd615,0x2061,0x4103,0x940e,
0xeef9,0x0000,0x2923,0x20e2,0x39a6,0xbd94,0xe6b8,0xde77,0xde97,0xd615,0xbd52,0x6186,
0x82a9,0xac6e,0x0000,0x0000,0x0000,0x0000,0x0000,0x0000,0x0000,0x0000,0x0000,0x0000,
0x0000,0x0000,0xd5f5,0xc572,0xd636,0xc594,0x4103,0xbd72,0x5227,0x736c,0x93ec,0x3964,
0x5a46,0x49e5,0x0000,0xe6b9,0xd615,0xe698,0xd615,0xcdf5,0x8329,0x0000,0x0000,0x0000,
0x0000,0x0000,0x0000,0x0000,0x0000,0x0000,0x0000,0x0000,0x0000,0x0000,0xd636,0xd615,
0xde56,0xd5f4,0x2881,0xcdf5,0x0000,0x5205,0x6bee,0x29e6,0x2185,0x20c2,0x2902,0x62a8,
0xad11,0xde77,0xde56,0xd615,0xc573,0x0000,0x0000,0x0000,0x0000,0x0000,0x0000,0x0000,
0x0000,0x0000,0x0000,0x0000,0x0000,0x0000,0x9c6f,0xbd11,0xd615,0xcdd4,0x940e,0x940e,
0x6ac8,0x0000,0x53ac,0x3227,0x0000,0x0000,0x6266,0x83ad,0x5a67,0xc594,0xc573,0xde56,
0xd636,0x9c6f,0x0000,0x0000,0x0000,0x0000,0x0000,0x0000,0x0000,0x0000,0x0000,0x0000,
0x0000,0x0000,0x8b2a,0xb532,0xc593,0xb4f0,0xd636,0x49c5,0x49e5,0x0000,0x21a5,0x2964,
0x5b2a,0x2103,0x5a46,0x83ee,0x942e,0x0000,0x9c4f,0xde56,0xc572,0xbd52,0x0000,0x0000,
0x0000,0x0000,0x0000,0x0000,0x0000,0x0000,0x0000,0x0000,0x0000,0x7a68,0x5165,0x38a2,
0xacb0,0xb532,0xb4f1,0xb511,0x0000,0x6267,0x1944,0x42a8,0x4247,0xbcf0,0x0000,0x8bee,
0xb511,0x6ac9,0x30a2,0x2020,0x4123,0xa46f,0x838b,0x0000,0x0000,0x0000,0x0000,0x0000,
0x0000,0x0000,0x0000,0x0000,0x830a,0x59c5,0x6a06,0x5965,0x38a2,0x730a,0x9c2d,0xa490,
0x9c6f,0x0000,0x8349,0x7b09,0xb4af,0x0000,0x62c9,0xbd53,0xc5b4,0x93ed,0x2041,0x4904,
0x6267,0x6287,0x838b,0x0000,0x0000,0x0000,0x0000,0x0000,0x0000,0x0000,0x0000,0x0000,
0x0000,0x93cd,0x5964,0x69e6,0x5144,0x38c2,0x28a2,0x5a88,0x730a,0x8bed,0x41c6,0x0000,
0x6b2b,0x8bed,0x2903,0xd635,0xc5b4,0x93ec,0x2041,0x59c5,0xa44d,0xac6d,0x0000,0x0000,
0x0000,0x0000,0x0000,0x0000,0x0000,0x0000,0x0000,0x0000,0x0000,0x0000,0x940d,0x9bcd,
0x7227,0x69e7,0x5185,0x40e3,0x5a07,0x8bed,0xb532,0xa46e,0x8bed,0x6ae9,0x6aca,0xc5b4,
0xbd32,0x940e,0x30a2,0x59e6,0x0000,0x0000,0x0000,0x0000,0x0000,0x0000,0x0000,0x0000,
0x0000,0x0000,0x0000,0x0000,0x0000,0x0000,0x0000,0x0000,0x0000,0x3964,0x4a07,0xc572,
0xacd0,0xbd52,0xacf0,0x940d,0x732b,0x0000,0xb511,0xc593,0xb4f0,0x7b4a,0x3903,0x6a06,
0x0000,0x0000,0x0000,0x0000,0x0000,0x0000,0x0000,0x0000,0x0000,0x0000,0x0000,0x0000,
0x0000,0x0000,0x0000,0x0000,0x8b8b,0x5165,0xbd72,0xb511,0xbd73,0xacd0,0x940c,0x7b6b,
0x0000,0x2041,0xcdd4,0xb532,0xb511,0x51e6,0x4984,0x6205,0x0000,0x0000,0x0000,0x0000,
0x0000,0x0000,0x0000,0x0000,0x0000,0x0000,0x0000,0x0000,0x0000,0x0000,0x0000,0x0000,
0x82a9,0x9c0d,0xacd0,0xb511,0xacf1,0x9c2d,0x41c5,0x2103,0x3903,0x38e3,0xacd0,0xa46e,
0x9c4e,0x4964,0x7287,0x8b6b,0x0000,0x0000,0x0000,0x0000,0x0000,0x0000,0x0000,0x0000,
0x0000,0x0000,0x0000,0x0000,0x0000,0x0000,0x0000,0x0000,0x9c2e,0x8bac,0x836b,0x7b6b,
0x6287,0x3964,0x3144,0x5268,0x3143,0x69e7,0x7aea,0x93ed,0x0000,0x0000,0x0000,0x0000,
0x8b8b,0xa44d,0x0000,0x0000,0x0000,0x0000,0x0000,0x0000,0x0000,0x0000,0x0000,0x0000,
0x0000,0x0000,0x0000,0x0000,0x0000,0x0000,0x0000,0x0000,0x0000,0x5a27,0x41c5,0x7b8c,
0x0000,0x8309,0x7b0a,0x7b2a,0x0000,0x0000,0x0000,0x0000,0x9c0d,0xac8e,0x0000,0x0000,
0x0000,0x0000,0x0000,0x0000,0x0000,0x0000,0x0000,0x0000,0x0000,0x0000,0x0000,0x0000,
0x0000,0x0000,0x0000,0x0000,0x0000,0x0000,0x5267,0x8c0e,0x5247,0x3164,0x0000,0x0000,
0x0000,0x0000,0x0000,0x0000,0xa46e,0xbd10,0x0000,0x0000,0x0000,0x0000,0x0000,0x0000,
0x0000,0x0000,0x0000,0x0000,0x0000,0x0000,0x0000,0x0000,0x0000,0x0000,0x0000,0x0000,
0x942e,0x83ac,0xbd94,0xa4b0,0x8bed,0x734b,0x5a89,0x6aea,0x0000,0x0000,0x0000,0x0000,
0xb4cf,0xbd10,0x0000,0x0000,0x0000,0x0000,0x0000,0x0000,0x0000,0x0000,0x0000,0x0000,
0x0000,0x0000,0x0000,0x0000,0x7a48,0x0000,0x0000,0x0000,0x62c9,0x8bcd,0x7b8b,0x8bcd,
0x62ea,0x62c9,0x4a06,0x5aa8,0x0000,0x0000,0x0000,0x0000,0xb4f0,0xc530,0x0000,0x0000,
0x0000,0x0000,0x0000,0x0000,0x0000,0x0000,0x0000,0x0000,0x0000,0x0000,0x0000,0x0000,
0x8aa9,0x38e3,0x0000,0x0000,0x8bcd,0x8bcd,0x83ac,0x83ac,0x732b,0x4a27,0x5aa8,0x0000,
0x0000,0x0000,0x0000,0x0000,0xacaf,0xbd10,0x0000,0x0000,0x0000,0x0000,0x0000,0x0000,
0x0000,0x0000,0x0000,0x0000,0x0000,0x0000,0x0000,0x0000,0x8268,0x4924,0x0000,0x0000,
0x0000,0x0000,0x0000,0x41c5,0x3164,0x0000,0x0000,0x0000,0x0000,0x0000,0x0000,0x0000,
0x0000,0x0000,0x0000,0x0000,0x0000,0x0000,0x0000,0x0000,0x0000,0x0000,0x0000,0x0000,
0x0000,0x0000,0x0000,0x0000,0x8248,0x4104,0x0000,0x0000,0x0000,0x0000,0x0000,0xb4f2,
0x5227,0x0000,0x0000,0x0000,0x0000,0x0000,0x0000,0x0000,0x0000,0x0000,0x0000,0x0000,
0x0000,0x0000,0x0000,0x0000,0x0000,0x0000,0x0000,0x0000,0x0000,0x0000,0x0000,0x0000,
0x7a48,0x4924,0x0000,0x0000,0x0000,0x0000,0x0000,0x62a9,0x0000,0x0000,0x0000,0x0000,
0x0000,0x0000,0x0000,0x0000,0x0000,0x0000,0x0000,0x0000,0x0000,0x0000,0x0000,0x0000,
0x0000,0x0000,0x0000,0x0000,0x0000,0x0000,0x0000,0x0000,0x0000,0x0000,0x0000,0x0000,
0x0000,0x0000,0x0000,0x8bcd,0x0000,0x0000,0x0000,0x0000,0x0000,0x0000,0x0000,0x0000,
0x0000,0x0000,0x0000,0x0000,0x0000,0x0000,0x0000,0x0000,0x0000,0x0000,0x0000,0x0000,
0x0000,0x0000,0x0000,0x0000,0x0000,0x0000,0x0000,0x0000,0x0000,0x0000,0x0000,0x0000,
0x0000,0x0000,0x0000,0x0000,0x0000,0x0000,0x0000,0x0000,0x0000,0x0000,0x0000,0x0000,
0x0000,0x0000,0x0000,0x0000,0x0000,0x0000,0x0000,0x0000,0x0000,0x0000,0x0000,0x0000,
0x0000,0x0000,0x0000,0x0000,0x0000,0x0000,0x0000,0x0000,0x0000,0x0000,0x0000,0x0000,
0x0000,0x0000,0x0000,0x0000,0x0000,0x0000,0x0000,0x0000,0x0000,0x0000,0x0000,0x0000,
0x0000,0x0000,0x0000,0x0000,0x0000,0x0000,0x0000,0x0000,0x0000,0x0000,0x0000,0x0000,
0x0000,0x0000,0x0000,0x942f,0x0000,0x0000,0x0000,0x0000,0x0000,0x0000,0x0000,0x0000,
0x0000,0x0000,0x0000,0x0000,0x0000,0x0000,0x0000,0x0000,0x0000,0x0000,0x0000,0x0000,
0x0000,0x0000,0x0000,0x0000,0x0000,0x0000,0x0000,0x0000,0x0000,0xa4d1,0x7b6b,0x6b49,
0x4a47,0x0000,0x0000,0x0000,0x0000,0x0000,0x0000,0x0000,0x0000,0x0000,0x0000,0x0000,
0x0000,0x0000,0x0000,0x0000,0x0000,0x0000,0x0000,0x0000,0x0000,0x0000,0x0000,0x0000,
0x0000,0x0000,0x0000,0x0000,0x9c90,0x52a7,0x73aa,0x3a04,0x52c7,0x2123,0x5aa8,0x0000,
0x0000,0x0000,0x0000,0x0000,0x0000,0x0000,0x0000,0x0000,0x0000,0x0000,0x0000,0x0000,
0x0000,0x0000,0xa4f1,0x0000,0x0000,0x0000,0x0000,0x0000,0x73aa,0x0000,0x9c8f,0x6b2a,
0x6b49,0x946f,0x7bac,0x944e,0x5287,0x632a,0x4225,0x5288,0x6b2a,0x0000,0x738a,0x0000,
0x0000,0x0000,0x0000,0x0000,0x8bee,0x0000,0x0000,0x0000,0x0000,0x0000,0x9cb0,0x7bac,
0x83cd,0x83cd,0x8bee,0x5267,0x5247,0x3164,0x52a6,0x8c4d,0x83cd,0xacd1,0x944f,0x6b0a,
0x8c2e,0x942e,0x7b8b,0x5287,0x31a4,0x39a4,0x4a26,0x39a5,0x6b2b,0x8bee,0x736b,0x6b09,
0x630a,0x0000,0x0000,0x0000,0x0000,0x0000,0x0000,0xa4d1,0x7b8c,0x7bac,0x83ec,0x840c,
0x738b,0x83ed,0xad12,0x8c2e,0xa4b1,0x0000,0x2964,0x7b8c,0x3184,0x4226,0xbd73,0x942f,
0x8c0e,0x7bac,0x6b4a,0x6328,0x7bec,0x736b,0x6b29,0x62ea,0x0000,0x0000,0x0000,0x0000,
0x0000,0x0000,0x0000,0x0000,0xa491,0x83ed,0x944f,0x736b,0x8c0e,0x9c90,0xacd1,0xacf1,
0x3a06,0x0000,0x83cd,0x8c0e,0x7b8c,0x2144,0x4267,0xa4d1,0xa4b1,0x8bee,0x944f,0x5ac9,
0x8c0e,0xa4d0,0x8c0d,0x2103,0x0000,0x0000,0x0000,0x0000,0x0000,0x0000,0x0000,0x0000,
0x4a05,0x41e6,0x4a26,0x5a88,0x5247,0x5248,0x3185,0x3a06,0x0000,0x0000,0x0000,0xa4d1,
0x0000,0x0000,0x1902,0x52c9,0x4206,0x4a07,0x5268,0x39a5,0x4a27,0x4226,0x2943,0x0000,
0x0000,0x0000,0x0000,0x0000,0x0000,0x0000,0x838c,0x730a,0x5268,0x734b,0x62ea,0x62c9,
0x5ac9,0x6b2a,0x2143,0x2943,0x5226,0x2123,0x4226,0x31e5,0x31a5,0x39e5,0x5a87,0x0000,
0x3185,0x62ea,0x62c9,0x5ac9,0x5ac9,0x5a88,0x3985,0x5267,0x5a68,0x6aea,0x0000,0x0000,
0x0000,0x0000,0x0000,0x6ae9,0x0000,0x0000,0x9c70,0x8c2f,0x7b8c,0x5268,0x0000,0x0000,
0x5ae8,0x42e9,0x4b4b,0x5bec,0x5c2d,0x5bcc,0x4a66,0x0000,0x0000,0xacf1,0x83ed,0x738b,
0x5aa8,0x0000,0x0000,0x0000,0x0000,0x0000,0x0000,0x0000,0x0000,0x0000,0x0000,0x836b,
0x0000,0x0000,0x83ac,0x738b,0x6b29,0x5267,0x2964,0x0000,0x2985,0x7531,0x7d71,0x8dd3,
0x7510,0x9e55,0x29e6,0x0000,0x29a5,0x7bac,0x62c9,0x62c9,0x5247,0x0000,0x0000,0x8bac,
0x6a87,0x0000,0x0000,0x0000,0x0000,0x0000,0xcdd4,0xac4f,0x836a,0x0000,0x0000,0x6185,
0x5965,0x4206,0x31e5,0x0000,0x3a47,0x8d30,0x742d,0x53cc,0x53ed,0x8dd3,0x3247,0x0000,
0x3a06,0x734b,0x5144,0x4924,0x0000,0x0000,0x0000,0xd5f4,0xa42e,0x0000,0x0000,0x0000,
0x0000,0x0000,0xbd10,0x93cc,0x7b4a,0x0000,0x0000,0x69a6,0x6985,0x5288,0x31c6,0x2123,
0x3206,0x8531,0x3b0a,0x5c2e,0x4b4a,0x6cd0,0x3a88,0x0000,0x31a5,0x93ee,0x6185,0x6186,
0x0000,0x0000,0x0000,0xac8f,0x9bcc,0x0000,0x0000,0x0000,0x0000,0x0000,0x0000,0x6287,
0x0000,0x0000,0x7a88,0x8b29,0x7a88,0x39a5,0x4288,0x1903,0x31c6,0x6caf,0x432a,0x74d0,
0x432a,0x53ab,0x3247,0x1923,0x4a88,0x7b0a,0x932a,0x82a8,0x0000,0x0000,0x0000,0x72e9,
0x5a47,0x0000,0x0000,0x0000,0x0000,0x0000,0x0000,0x6a88,0x0000,0x0000,0x82a9,0x82a9,
0x7aa9,0x41e6,0x4a89,0x1903,0x3247,0x5b4a,0x32c8,0x7d32,0x3267,0x4b6b,0x42a9,0x2144,
0x52c9,0x832b,0x82c9,0x7268,0x59e6,0x0000,0x0000,0x0000,0x0000,0x0000,0x0000,0x0000,
0x0000,0x0000,0x0000,0x6a07,0x0000,0x0000,0x7aa9,0x8b0a,0x7a89,0x41e6,0x52c9,0x1964,
0x3a47,0x5b8b,0x646f,0x538b,0x640d,0x4309,0x4ae9,0x2984,0x5b4b,0x7aa9,0x7aa8,0x7268,
0x5a06,0x0000,0x0000,0x0000,0x0000,0x0000,0x0000,0x0000,0x0000,0x0000,0x0000,0x0000,
0x0000,0x0000,0x830a,0x69c6,0x71e7,0x4a47,0x52c9,0x2185,0x3a47,0x4b4b,0x3ac9,0x644e,
0x4b2a,0x3ac9,0x430a,0x2184,0x5b4b,0x7aa9,0x6185,0x5985,0x6227,0x0000,0x0000,0x0000,
0x0000,0x0000,0x0000,0x0000,0x0000,0x0000,0x0000,0x0000,0x0000,0x0000,0x834b,0x8268,
0x8a89,0x4a26,0x52c9,0x2985,0x42a8,0x4bab,0x3ae9,0x74d0,0x3268,0x4b8b,0x4b0a,0x29c5,
0x636b,0x7ac9,0x7a47,0x7227,0x51e6,0x31c4,0x0000,0x0000,0x0000,0x0000,0x0000,0x0000,
0x0000,0x0000,0x0000,0x0000,0x0000,0x5ac7,0x5a88,0x5268,0x62c9,0x39c5,0x5b2b,0x2985,
0x42a8,0x4309,0x432a,0x74f0,0x4b4a,0x4b8b,0x4b2a,0x31c5,0x634b,0x83cd,0x5247,0x4a26,
0x3184,0x39e5,0x0000,0x0000,0x0000,0x0000,0x0000,0x0000,0x0000,0x0000,0x0000,0x6b2b,
0x5ae7,0x4a66,0x62e9,0xbd74,0xc5b5,0x4248,0x634b,0x31e6,0x4b2a,0x63cc,0x42e9,0x6ccf,
0x4bcc,0x642d,0x4b0a,0x3206,0x6bcd,0xb574,0xacf1,0x9c90,0x3183,0x31a4,0x29a4,0x8bee,
0x0000,0x0000,0x0000,0x0000,0x0000,0xad12,0xbd94,0xc5b4,0x5aca,0x39e5,0x4a67,0xbd94,
0xc593,0x4248,0x5b2a,0x31e6,0x4b0a,0x74f0,0x534a,0x6cf0,0x53ab,0x74f0,0x4b4b,0x31c5,
0x5b4b,0xb532,0xacf1,0xacf2,0x2943,0x0000,0xce16,0xa4d1,0x9cb0,0x0000,0x0000,0x0000,
0x0000,0x0000,0x41c5,0x39a5,0x39e5,0x31c4,0x62ea,0xb532,0xa4d1,0x4a68,0x634b,0x3206,
0x4b2a,0x8592,0x5bec,0x6d11,0x5c0d,0x8e14,0x538b,0x3205,0x5b0a,0xbd74,0xad12,0xa4d1,
0x39a5,0x0000,0x3184,0x2923,0x3164,0x0000,0x0000,0x0000,0x0000,0x0000,0xa4b0,0x942e,
0x39e5,0x2123,0x5aa9,0xa4d1,0xb533,0x4207,0x4247,0x31c4,0x532a,0x9655,0x8592,0x6d30,
0x7592,0x8592,0x536b,0x3a05,0x4aa8,0x9c90,0x944f,0x6b0a,0x4206,0x2122,0x5288,0x7bac,
0x6b2b,0x0000,0x0000,0x0000,0x0000,0x0000,0x9c90,0x83ee,0x0000,0x2122,0x9c90,0xa4f1,
0x8bec,0x5aa9,0x52a9,0x2163,0x4ac8,0x642c,0x9eb7,0xa6d7,0xa6d7,0x8d10,0x5329,0x4266,
0x4a66,0xbd94,0x9c90,0x8c0e,0x734b,0x2122,0x4226,0x7bad,0x62c9,0x0000,0x0000,0x0000,
0x0000,0x0000,0xacf1,0xacf1,0x5268,0x1902,0x944f,0x944f,0x8c0d,0x5aa9,0x2122,0x2163,
0x4288,0x4b29,0x9db4,0x9dd4,0x9593,0x6bed,0x3a06,0x39e4,0x31c3,0xc5b5,0x9c70,0x83ed,
0x4225,0x0000,0xa4b1,0x9c6f,0x8c0e,0x0000,0x0000,0x0000,0x0000,0x7b6c,0x8c0e,0x9c70,
0x4206,0x7bac,0x8c0d,0xacf2,0x9c90,0x9cb0,0x39c5,0x7bad,0x944f,0xa4d1,0x8c2f,0x9c91,
0x8c50,0x9490,0x8c2e,0x8c2f,0x7bad,0xacf2,0x9c70,0x62e8,0x6b29,0x39c5,0x7b8d,0x9c70,
0x8c0e,0x0000,0x0000,0x0000,0x0000,0x8c0e,0x7b8b,0x6309,0x2943,0x83cd,0x9c91,0x8bee,
0x9c8f,0x7b8c,0x2123,0x41e5,0x5aa8,0x734a,0x6b2a,0x6b09,0x838c,0x734b,0x6b2a,0x4a06,
0x5247,0x9c6f,0x7bad,0x6b2b,0x3184,0x4a46,0x5aa9,0x6b6a,0x4a67,0x0000,0x0000,0x0000,
0x0000,0x62e7,0x736b,0x39c4,0x39a5,0x8c0e,0x8c0e,0x8c0d,0x946f,0x7b8d,0x4a27,0x7bac,
0x83cd,0x8bee,0x8bee,0x9470,0x83cd,0x83ed,0x6b4b,0x7b8c,0x5247,0x6309,0x83ed,0x5286,
0x4205,0x31a4,0x4226,0x62ea,0x6b4b,0x31a5,0x0000,0x0000,0x0000,0x52c7,0x31a4,0x5ae7,
0x39e4,0x5ac8,0x62e9,0x9c70,0x9c90,0x736c,0x39a4,0x6b2a,0x83ac,0x6b2a,0x8c0e,0x734a,
0x7b8c,0x736b,0x734b,0x734b,0x4a45,0x8c2f,0x62ea,0x5aa8,0x3144,0x5ae7,0x39e4,0x4a47,
0x5aa8,0x39c5,0x39c5,0x0000,0x0000,0x52a7,0x39e5,0x31a4,0x4aa7,0x31a4,0x5287,0x6b0b,
0x83ce,0x5267,0x7bac,0x83ce,0x7bac,0x738a,0x83ae,0x83ad,0x7b8c,0x734b,0x7b8c,0x6b2b,
0x62c9,0x734c,0x738c,0x4a67,0x4246,0x5ae8,0x2963,0x4205,0x31a4,0x4246,0x0000,0x0000,
0x0000,0x0000,0x0000,0x4225,0x0000,0x0000,0x0000,0x0000,0x0000,0x0000,0x5288,0x5ac9,
0x6b0a,0x736c,0x6b2b,0x6b2b,0x7b6c,0x7bac,0x62e9,0x4a47,0x4226,0x0000,0x0000,0x0000,
0x0000,0x0000,0x39c4,0x0000,0x0000,0x0000,0x0000,0x0000,0x0000,0x0000,0x0000,0x0000,
0x0000,0x0000,0x0000,0x0000,0x0000,0x0000,0x0000,0x0000,0x0000,0x0000,0x0000,0x0000,
0x0000,0x0000,0x0000,0x0000,0x0000,0x0000,0x0000,0x0000,0x0000,0x0000,0x0000,0x0000,
0x0000,0x0000,0x0000,0x0000,0x0000,0x0000,0x0000,0x0000,0x0000,0xf1e6,0xa1a6,0x0000,
0x0000,0x0000,0xe9c6,0xe1c6,0xd9c6,0xb1a6,0xe9c6,0xe1c6,0xe1c6,0xe1c6,0xe9e6,0x8986,
0xe1c6,0xe1c6,0xe1e6,0x0000,0x0000,0x0000,0x0000,0x0000,0x0000,0x0000,0x0000,0x0000,
0x0000,0x0000,0x0000,0x0000,0x0000,0x7146,0xd185,0xd985,0xd186,0xa166,0xd185,0xd985,
0xd985,0xd185,0xd985,0xd985,0xd985,0xd985,0xd985,0xd185,0xd985,0xd185,0xe185,0x0000,
0x0000,0x8146,0xe1a6,0x0000,0x0000,0x0000,0x0000,0x0000,0x0000,0x0000,0x0000,0x0000,
0x0000,0x0000,0xd945,0xc945,0xc945,0xc945,0xc945,0xc945,0xc945,0xc945,0xc945,0xc945,
0xc945,0xd145,0xd145,0xd145,0xc945,0xc945,0xc945,0xc945,0xd945,0xc945,0xb966,0x0000,
0x0000,0x0000,0x0000,0x0000,0x0000,0x0000,0x0000,0x0000,0x0000,0x0000,0xb905,0xc104,
0xc104,0xc104,0xc104,0xc904,0xc904,0xc904,0xc904,0xc104,0xc104,0xd104,0xd104,0xc924,
0xc104,0xc104,0xc104,0xc104,0xc104,0xc104,0x7905,0x0000,0x0000,0x0000,0x0000,0x0000,
0x0000,0x0000,0x0000,0x0000,0x0000,0x8905,0xb8c4,0xb8c4,0xb8e4,0x88e5,0x8125,0x7946,
0x9186,0xa9a6,0xc9c6,0xd9e6,0xd9e6,0xb9c6,0xa1a6,0x8966,0x7946,0x7905,0xb8c4,0xb8c4,
0xb8c4,0xb8c4,0x30c4,0x0000,0x0000,0x0000,0x0000,0x0000,0x0000,0x0000,0x0000,0x0000,
0x6106,0xa8a4,0xb0a4,0xa8a4,0xa0c4,0xd1a6,0xd9a5,0xd9a5,0xd185,0xd9a5,0xd9a5,0xd9a5,
0xd9a5,0xd9a5,0xd9a5,0xd1a5,0xd9a5,0xd985,0x6146,0xb8a4,0xb0c4,0xb0a3,0x0000,0x0000,
0x0000,0x0000,0x0000,0x0000,0x0000,0x0000,0x0000,0x0000,0xa0a4,0xa0a3,0xa0a3,0xa883,
0x8946,0xc945,0xd165,0xc945,0xc945,0xd165,0xc945,0xd165,0xd145,0xd165,0xd165,0xc945,
0xd165,0xc945,0xd945,0x60e5,0xa0a4,0x98a3,0x90c4,0x0000,0x0000,0x0000,0x0000,0x0000,
0x0000,0x0000,0x0000,0x0000,0x20c4,0x9083,0x9083,0x9883,0xa125,0xc104,0xc925,0xc104,
0xb904,0xc925,0xc125,0xc125,0xc924,0xc104,0xc924,0xc104,0xc124,0xc104,0xc904,0x68e5,
0x90a4,0x9083,0x9083,0x58e5,0x0000,0x0000,0x0000,0x0000,0x0000,0x0000,0x0000,0x0000,
0x0000,0x60c5,0x8083,0x50c5,0x8105,0xa8c4,0xc0e4,0xb8c4,0xa8c4,0xc0e4,0x3926,0xc0c4,
0xb8c4,0x88e5,0xb8e4,0x80e5,0xc0c4,0xa8c4,0xc8c4,0x7146,0x8083,0x8083,0x8863,0x28e5,
0x0000,0x0000,0x0000,0x0000,0x0000,0x0000,0x0000,0x0000,0x0000,0xb945,0x5084,0x8125,
0x7146,0x78e5,0xb0c4,0x98a4,0x7905,0xb0a4,0xac2d,0xa083,0x6906,0x69e7,0xb0c4,0x49a7,
0xb0a3,0x78e5,0xb0a3,0x6966,0x7946,0x6084,0x7946,0x0000,0x0000,0x0000,0x0000,0x0000,
0x0000,0x0000,0x0000,0x0000,0x0000,0xc924,0x8125,0xe1c6,0x9186,0x6166,0x78a4,0x68c5,
0x7208,0x8883,0xdcee,0x68e5,0x8b4b,0x938b,0xa8a3,0x9bab,0x9083,0x6986,0x78a4,0xd1c6,
0x8986,0xd124,0xc125,0x0000,0x0000,0x0000,0x0000,0x0000,0x0000,0x0000,0x0000,0x0000,
0x40e5,0x8105,0xe1a5,0xd185,0xc186,0x6905,0x69a7,0x4106,0x5a28,0x68c5,0xd4ae,0xa3ab,
0xcc6d,0xc46c,0x7863,0x6207,0x70a4,0x49c8,0x58e5,0xe1a5,0xd9a5,0x8966,0xd124,0x0000,
0x0000,0x0000,0x0000,0x0000,0x0000,0x0000,0x0000,0x0000,0x7905,0x7926,0xd185,0xd185,
0xd185,0xd145,0x82ea,0xa3cc,0x934b,0x4987,0x9b6a,0xc46d,0xc46d,0x7a88,0x3106,0xb3eb,
0x5946,0x59c8,0xc985,0xd985,0xd185,0xd985,0xb0e4,0x0000,0x0000,0x0000,0x0000,0x0000,
0x0000,0x0000,0x0000,0x0000,0xa105,0x8146,0xd165,0xd165,0xd165,0xd965,0x8b6b,0x9b6b,
0x7b6e,0x28e5,0xabec,0xc46d,0xc44c,0x3105,0x5229,0x20a5,0x8b0a,0x8166,0xc965,0xd165,
0xd165,0xd965,0x90e5,0x20a4,0x0000,0x0000,0x0000,0x0000,0x0000,0x0000,0x0000,0x0000,
0xc0e4,0x9945,0xc945,0xc945,0xc945,0xd145,0x82a9,0xd4ae,0x8b2a,0x8b2a,0xc46d,0xbc0c,
0xc44c,0xbc2c,0x6a68,0xa38a,0xb3eb,0xa125,0xc945,0xc945,0xc945,0xd145,0x8105,0x50e5,
0x0000,0x0000,0x0000,0x0000,0x0000,0x0000,0x0000,0x0000,0xc8c4,0xa925,0xc924,0xc924,
0xc924,0xd124,0x936b,0xcc8d,0xc48d,0xc46d,0xc44d,0xab8a,0xbc2c,0xbc0c,0xb3eb,0xa38a,
0xa36a,0x8925,0xc124,0xc924,0xc124,0xc924,0x7105,0x80e5,0x0000,0x0000,0x0000,0x0000,
0x0000,0x0000,0x0000,0x0000,0xc0a3,0xb904,0xc104,0xc104,0xc104,0xc8e4,0xb46e,0xccad,
0xcc8d,0xc46d,0xc44c,0xa38a,0xb3cb,0xb3eb,0xb3eb,0xa38a,0xa36a,0x7187,0xc104,0xc104,
0xc104,0xc104,0x7105,0xa8e5,0x0000,0x0000,0x0000,0x0000,0x0000,0x0000,0x0000,0x30c4,
0xa0a4,0xc0e4,0xc0e4,0xc0e4,0xc0e4,0xb8e4,0x5987,0xd510,0xc48e,0xc48e,0xbc4c,0xbc2c,
0xb40b,0xb3eb,0xcd53,0x9b6a,0xac0c,0x50c5,0xc0e4,0xc0e4,0xc0e4,0xb8e4,0x8105,0xc0c4,
0x0000,0x0000,0x0000,0x0000,0x0000,0x0000,0x0000,0x60e5,0x90c4,0xc0c4,0xb8c4,0xb8c4,
0xb8c4,0x90e5,0xc083,0x832b,0xc44c,0xc44c,0xbbed,0x91c8,0xa2cc,0xb3cb,0xab89,0xab8a,
0x50c5,0x8947,0xc0c4,0xb8c4,0xb8c4,0xb8c4,0x90e5,0xc0a3,0x0000,0x0000,0x0000,0x0000,
0x0000,0x0000,0x0000,0x88e5,0x78c5,0xb8a4,0xb0a4,0xb0a4,0xb0a4,0x7105,0xcbaf,0xa042,
0x8b4a,0xbc4c,0xbc2c,0xbc2c,0xb40c,0xabcb,0xb3eb,0x4905,0xc2cc,0x9863,0xb0a4,0xb0a4,
0xb0a4,0xb0a4,0xa0c4,0xb0a3,0x0000,0x0000,0x0000,0x0000,0x0000,0x0000,0x0000,0xa0c4,
0x68e5,0xb0a4,0xa8a4,0xa8a4,0xa8a4,0x68e5,0xa8c4,0xa0a3,0x8188,0xd659,0xc44c,0xbc2d,
0xc511,0xa3ab,0x6b0d,0xc2cc,0xa0a3,0xa0a3,0xa0a4,0xa8a4,0xa8a4,0xa8a4,0xa8a4,0xa0a4,
0x48c5,0x0000,0x0000,0x0000,0x0000,0x0000,0x0000,0xa8a4,0x60e5,0xa8a4,0xa8a4,0xa8a4,
0xa8a4,0x68e5,0xa0a4,0xa0a4,0x6905,0xe50e,0x9b8b,0x7aa9,0x7268,0xa38a,0x9349,0xa0a4,
0xa0a4,0xa083,0x90c4,0xa0a4,0xa8a4,0xa8a4,0xa8a4,0x90a4,0x70e5,0x0000,0x0000,0x0000,
0x0000,0x0000,0x0000,0xa0a3,0x78c4,0xa883,0xa0a3,0xa0a3,0xa083,0x68c5,0x9883,0x628b,
0x5905,0xe550,0xd4ce,0x6a69,0xc46c,0xabaa,0xa38a,0x5864,0x51c8,0xa8a3,0x80c4,0xa0a3,
0xa0a3,0xa0a3,0x80c4,0xa083,0x90c4,0x0000,0x0000,0x0000,0x0000,0x0000,0x30c4,0x98a3,
0x9883,0x90a4,0x9883,0x9883,0xa083,0x78e5,0x6b0d,0xd677,0xdeb8,0x62ab,0x82ca,0x6208,
0x82c9,0x6a28,0x9471,0xe6d8,0xe6d8,0x5884,0x70c5,0x9883,0x9883,0x9883,0x58e5,0x9883,
0x98a4,0x0000,0x0000,0x0000,0x0000,0x0000,0x28c4,0x9083,0x9883,0x68c5,0x9083,0x70c4,
0x9883,0x3127,0xd677,0xce36,0xce36,0xce56,0xce56,0x5a4a,0x8c10,0xde97,0xce36,0xce36,
0xce36,0xce16,0x58a4,0x88a4,0x9083,0x9883,0x60c5,0x9083,0x9083,0x0000,0x0000,0x0000,
0x0000,0x0000,0x39a8,0x9083,0x8883,0x58e5,0x9083,0x4a09,0x9043,0xad53,0xc615,0xc5f5,
0xc5d4,0xc615,0xce16,0xc5f5,0xc5d4,0xc5f5,0xc615,0xc5d4,0xc5d4,0xce16,0x69a8,0x70c4,
0x70a4,0x8883,0x80a4,0x8883,0x70a4,0x20c4,0x0000,0x0000,0x20c4,0xad76,0xb5d8,0x8043,
0x8883,0x60c5,0x8843,0xbdf5,0x7802,0xad53,0xb573,0xbdb4,0xb593,0xc5f5,0xbdb4,0xbdb4,
0xbdb4,0xb593,0xbd93,0xbd93,0xb593,0xbd93,0x6a49,0x6166,0x6249,0x68a4,0x8883,0x8883,
0x5126,0x7bf0,0x5a8c,0x0000,0x6aed,0xb5b7,0xbdf8,0x6083,0x8083,0x624a,0x5043,0xbdb3,
0x6023,0xad73,0xb573,0xc5f5,0xad32,0xad32,0xad32,0xb552,0xad32,0xad32,0xad32,0xad32,
0xad32,0xad32,0x72ec,0x6acb,0x9cb1,0x61a8,0x7043,0x8883,0x526b,0x73b0,0x73d0,0x0000,
0x9cb4,0xb5b7,0xb5b7,0x59c9,0x8083,0x48c5,0x9cb0,0xad11,0x50e5,0xad32,0xa4f1,0xad32,
0xbd93,0xa4f1,0xa4f1,0xa4f1,0xa4f1,0xa4f1,0xa4f1,0xa4f1,0xb573,0xad32,0x730b,0x8c2f,
0xa4d1,0x8c2f,0x7883,0x8063,0x6b8f,0x73b0,0x73b0,0x28e5,0xbdd8,0xb5b8,0xb597,0x7bd0,
0x8083,0x7083,0x49e9,0xa4d0,0x628a,0xa4f0,0xa4d0,0x9cb0,0x9cb0,0x9cb0,0x9cb0,0xad32,
0xa4f1,0x9cb0,0xbd93,0xa4d1,0xa4d0,0x9cb0,0x7bad,0x9cb0,0x9cb0,0x3988,0x7863,0x7063,
0x7bf1,0x73b0,0x73af,0x4a0a,0xc639,0xb5d8,0xb5b7,0xa576,0x7843,0x738f,0xb5d7,0x49e8,
0xad11,0xad12,0xa4d0,0x946f,0x9cb0,0xa4f1,0x946f,0xa4f1,0x946f,0xa511,0xad32,0x946f,
0xad32,0xa4d1,0x944f,0x9cb0,0x41c9,0x8431,0x40c5,0x50c5,0x7bf0,0x73b0,0x73af,0x62ed,
0xbdf8,0xb5d8,0xb5b7,0xbdf8,0x3927,0xb597,0xad76,0x5167,0x6b2b,0x9c90,0x8c0d,0xb573,
0x9c8f,0x8c2e,0x8c0e,0xa4d1,0x8c2e,0x8c2e,0x8c2e,0xa4d0,0x946f,0x948f,0x944e,0x4106,
0x738f,0x7bf1,0x7bf1,0x49e9,0x73d0,0x73b0,0x73af,0x738f,0x83cc,0x944d,0x83ab,0x8bec,
0x83cc,0xacf0,0xbd72,0xbd72,0xbd51,0xb510,0xb531,0xbd72,0xa4af,0xc5b3,0xbd72,0x7349,
0x5ac6,0x8c0d,0xbd72,0xa4cf,0x9c8e,0x83cb,0xacf0,0xa4ae,0xbd72,0xbd52,0xb552,0x944e,
0x83eb,0xacf0,0xbd73,0xad31,0xb552,0xbd73,0xbd73,0xb531,0xcdd4,0xce15,0xc5d4,0xce15,
0xc5d4,0xcdd4,0xc5d4,0xbd93,0xc5d4,0xcdf5,0xce36,0x9c8f,0x5ac7,0xa4f0,0xcdf5,0xcdb3,
0xcdf5,0xbd93,0xbd52,0xcdf5,0xc5b4,0xcdf5,0x944e,0x5aa7,0x7349,0xc5d4,0xc5b3,0xb552,
0x5aa7,0x5aa7,0x5aa7,0x5a87,0x62a8,0x83cc,0x8c0d,0x942e,0x8bec,0x6b09,0x83cc,0x62e8,
0x7b8b,0x6b2a,0x6b09,0x5aa7,0x6b28,0x5aa6,0x7bac,0x7bac,0x8c0d,0x7bac,0x5aa6,0x5a87,
0x5a86,0x7b6b,0x9c6f,0x944e,0x942d,0x944e,0x8c2e,0x83ed,0x7329,0xb511,0xad11,0xa4d0,
0x8beb,0xad11,0xbd52,0xbd52,0xb551,0xa48e,0xb552,0xb531,0xbd72,0xad11,0xbd93,0xbd73,
0xacf1,0xa4cf,0xc5b3,0xcdf5,0xc5d4,0xbd72,0x9c8f,0x8c0d,0x5ac6,0xcdd4,0xbd52,0xc593,
0xbd93,0xbd73,0xbd93,0xb532,0x9c4e,0xc5b4,0xbd93,0xacf1,0xa4d0,0xb572,0xb573,0xa4d0,
0xc5d4,0xcdd4,0xc593,0xce15,0xc5b3,0xb531,0xad10,0xc5d4,0xc5f4,0xc5b3,0xcdf5,0xcdd4,
0xc593,0xc5b4,0x83ab,0xb532,0x7349,0xce15,0xbd72,0xbd73,0xc5d4,0xbd93,0xb532,0xbd73,
0xb531,0xc593,0xbd72,0xc5b4,0xb532,0xcdf5,0xc5b4,0xad11,0x9c6f,0xcdd4,0xcdd4,0xc5d4,
0xc5b4,0xbd72,0xc5b3,0xbd93,0xd636,0xce15,0xce15,0xc5d4,0xbd93,0xc5d4,0xc5d4,0xad11,
0x7349,0xc5d4,0xc5d4,0xbd72,0xce15,0xb532,0xacf0,0xb552,0xc5d4,0xc5d4,0xc5b3,0xc594,
0xbd73,0xb531,0xb573,0xc5d4,0xc5f5,0xacf1,0xcdd4,0xce16,0xc5d4,0xc5d4,0xc5b3,0xc5b3,
0xcdf5,0xa4af,0xce15,0xcdf4,0xce16,0xce16,0xbd72,0xb552,0x62e7,0xd656,0xc5d4,0xc5d4,
0xc5d4,0xc5b4,0xb531,0xbd93,0xc5b4,0xc5d4,0xc5d4,0xc5f5,0xb532,0xbd93,0xc5b4,0xc5b4,
0xc5d4,0xc5b3,0xbd94,0xc5f4,0xc5d4,0xc5d4,0xc5d4,0xce16,0xce15,0xce15,0xb531,0xce15,
0xc5b4,0xc5b3,0xbd73,0xacd0,0x7369,0xc5b3,0xc5d4,0xcdd4,0xcdf4,0xbd72,0xbd73,0xb532,
0xbd93,0xbd93,0xbd73,0xb532,0x9c8f,0xc5b4,0xbd93,0xc5b4,0xc593,0xc5d4,0xc5f5,0xc5b4,
0xc5d5,0xa4d0,0xb532,0xcdd5,0xcdf4,0xce15,0xcdf4,0xcdd5,0xbd52,0x9c4d,0x7b69,0x62e7,
0x5265,0xd656,0xc5d4,0xbd93,0xc5b3,0xbd73,0xc5d4,0xa4f1,0x7b6b,0x7b8b,0x7369,0x6b29,
0x738a,0x6b49,0x7b8a,0x7bac,0x8c0d,0x8c0d,0x8c0d,0x7b8c,0x7b6a,0x944e,0x944e,0x9c6f,
0x83ac,0x8c0d,0x83cc,0x736a,0x7349,0x5ac7,0x5aa6,0x4204,0x62e7,0x732a,0x736a,0x734a,
0x62c8,0x83cc,0x7b6a,0x736b,0x9c6e,0xa4d0,0x736a,0x944d,0xa4d0,0xacf0,0xbd52,0xc5b4,
0xb552,0xbd51,0xc5d4,0xcdf5,0x838c,0xc5d4,0xbd93,0xa4af,0x6b29,0xa4d0,0xbd31,0x9c8f,
0x83cc,0x9c6e,0xbd93,0xacf1,0xc5b4,0xbd73,0xcdf5,0x9c8f,0xce15,0xbd72,0xbd72,0xb532,
0xb511,0xbd72,0xb531,0xc5b3,0xa48e,0xbd72,0xc5d4,0xcdd4,0xbd51,0xcdf5,0xbd72,0xcdf5,
0x8bed,0xbd52,0xc5d4,0xbd93,0xad10,0xc593,0xc5b4,0xbd73,0xa4cf,0xb532,0xcdf5,0xb511,
0xc5b3,0xc5d4,0xc5d4,0x9c8f,0xcdd4,0xc5b4,0xc5b3,0xb532,0xbd93,0xbd72,0xc593,0xbd72,
0xb510,0xb531,0xc593,0xce15,0xc5b3,0xc5b4,0xbd72,0xcdf5,0x8c0d,0xc5b3,0xc5d4,0xc5d4,
0xbd72,0xc5b3,0xc5b4,0xce15,0xbd72,0xc5d4,0xbd93,0xa4d0,0xbd93,0xc5b4,0xbd72,0xa48f,
0xbd32,0xbd73,0xbd93,0xb532,0xacf0,0xc593,0xcdf4,0xcdf5,0xacf0,0xbd93,0xce15,0xcdf4,
0xce15,0xc5d3,0xcdf5,0xce15,0x8bed,0xc593,0xbd93,0xbd93,0xad10,0xbd52,0xce15,0xcdf5,
0xcdf4,0xcdf4,0xc593,0xc5d4,0xcdf5,0xc5b3,0xc5b3,0xa4b0,0xcdf5,0xacf0,0xbd72,0xb552,
0xb531,0xbd93,0xc5b4,0xc5d4,0xc593,0xce15,0xcdf5,0xcdf4,0xc5d4,0xcdf5,0xc5b4,0xb510,
0x83cc,0xbd72,0xc5b4,0xc593,0xc5b3,0xc5b3,0xcdf5,0xbd93,0xcdf5,0xcdf5,0xc5b4,0xcdf4,
0xb552,0xc5d4,0xc5d4,0x7b8b,0xcdf4,0xc593,0xc5b3,0xb552,0xc593,0xbd93,0xc5b3,0xcdd4,
0xbd51,0xc593,0xcdf4,0xd636,0xce15,0xcdf5,0xb530,0x9c8e,0x83ac,0xc5d4,0xc5d4,0xb531,
0xc593,0xcdf4,0xce15,0xce15,0xc5d4,0xc5d4,0xc5d4,0xcdf5,0xc593,0xbd93,0xce16,0x83cc,
0xd636,0xb511,0xacf0,0xbd93,0xc593,0xc593,0xaccf,0xc5b3,0xc5d4,0xc5d4,0xc5d4,0xce15,
0xcdf5,0xa4ae,0xacef,0xb551,0x732a,0xc5d4,0xb552,0xc5b4,0xc5b3,0xc5d4,0xcdf5,0xce15,
0xc5d4,0xcdf5,0xc593,0xc5d4,0xcdf5,0x9c8f,0x9c6f,0x9c8f,0xcdd4,0xacf0,0xb551,0xb532,
0xad11,0xcdf5,0xc5d4,0xc5d4,0xce15,0xc5d4,0xce36,0xc5d4,0xc592,0xbd72,0xbd51,0xbd72,
0x6b09,0xb532,0xce15,0xc593,0xcdf5,0xce15,0xcdf4,0xc593,0xde77,0xcdf5,0xd636,0xc5d4,
0xc5d4,0xa4b0,0xacf1,0x942d,0xa4af,0xc5b3,0xc5b3,0xb511,0x83cc,0x6b48,0x6b28,0x9caf,
0xad11,0x5ac6,0x942c,0xa4b0,0xb532,0x6b28,0x7348,0xad11,0xbd93,0xbd72,0xbd94,0xb553,
0xbd93,0xb573,0xacf0,0x8c0d,0xacd0,0xbd73,0x9c8f,0x7348,0x7349,0x8c0c,0xa4af,0xa4af,
0xacf0,0x7baa,0x8c0c,0x83ed,0xb531,0xc593,0xb552,0xbd93,0xacf0,0x52a5,0xacf0,0xcdf5,
0xbd93,0xa4b0,0x7bab,0xcdf5,0xc5b3,0xc5d4,0xc5b3,0xc5b4,0xc5b4,0xc5d4,0xcdf5,0x940d,
0xce15,0xc5b3,0xc5b4,0x942d,0xbd93,0xb511,0xbd73,0xacf0,0xbd93,0xb532,0xacf0,0xad11,
0xbd73,0xc5b4,0xc593,0xc5f5,0x8c2d,0x5ae7,0x7b6a,0xbd93,0xc5b3,0xb531,0xacf1,0xbd72,
0xcdf4,0xc5b4,0xc5d4,0xc593,0x9c8e,0xc5d4,0xc5b3,0x9c90,0xcdf5,0xc5d4,0xc5b4,0xbd72,
0xbd93,0xacf0,0xc5b3,0xacf0,0xacd0,0xbd72,0xc5b4,0xb511,0xbd72,0xc5d4,0xc5b3,0xc5b4,
0x942d,0x4a66,0x946e,0x944e,0xb511,0xc5b3,0xbd92,0xc5d4,0xcdf5,0xbd72,0xcdd4,0xbd93,
0xb551,0xc5b3,0xc5b4,0x83ac,0xc5d4,0xc5d4,0x942e,0xc593,0xc5b3,0xc5b3,0xc5b3,0xbd72,
0xb510,0xbd93,0xc5d4,0xb552,0xbd73,0xbd73,0xc5b3,0xbd73,0xcdf5,0x5aa7,0xad11,0xb532,
0xbd93,0xc5b3,0xc593,0xcdf5,0xcdf4,0xc5b3,0xc5d4,0xb510,0xc5b4,0xc5d4,0xc5b4,0x5ac6,
0xc5b4,0xacf0,0x944f,0x8c0d,0xc5b3,0xc5b3,0xbd93,0xc5d4,0xbd93,0xc593,0xc5d4,0xb552,
0xbd73,0xbd72,0xc593,0xc5b4,0xbd93,0x734a,0x8c0d,0xb552,0xc5d5,0xcdf5,0xc5b3,0xc5b4,
0xcdf4,0xbd72,0xcdf5,0xbd72,0xc5b3,0xc5d4,0x9c6e,0x6b28,0xad11,0x83cd,0xa4d1,0xa4f1,
0xad11,0xc5b3,0xbd93,0xb510,0xbd73,0xbd92,0xc593,0xb552,0xc5b4,0xc5b4,0xc593,0xbd93,
0xad11,0x5286,0x83cb,0xb531,0xbd72,0xad11,0xc5b4,0xbd52,0xbd72,0xc5d4,0xcdf5,0xc5d4,
0xc5b4,0xb531,0x7bab,0x5aa6,0x7b8a,0x946e,0x944f,0xa4b0,0xce16,0xc5b4,0xaccf,0x942d,
0x9c6e,0xc5b4,0xc593,0xad11,0x9c6e,0x6b28,0x5ac7,0x7329,0x7349,0xacf0,0x83ab,0x940d,
0xb553,0x5ac7,0xc5d5,0xbd73,0xb552,0xbd73,0xa4d0,0xad12,0xa4b0,0xa4d0,0x9c8e,0xa4f0,
0xb532,0xc5b4,0xa4d0,0xacf1,0xb532,0xa4af,0x736a,0xbd73,0xb532,0xb532,0xacf1,0x9cb0,
0xb511,0x8c2d,0x946e,0xb532,0xbd93,0xb511,0xb531,0xa48e,0xb531,0x6b2a,0xc5b4,0xbd52,
0xacf0,0xad11,0xb552,0xad11,0xad11,0x8c0d,0xb552,0xc593,0xbd93,0xc593,0xb551,0xbd93,
0xbd93,0xbd72,0xa4f0,0xbd52,0xb511,0xbd72,0xbd52,0xad32,0xbd93,0x83ac,0xa4b0,0xacd0,
0xb531,0xc593,0xb531,0xb510,0xb551,0x7b8b,0xc5b4,0xbd52,0xb532,0xb552,0xad12,0x9c8f,
0xb511,0xc594,0xb532,0xbd93,0xc5b4,0xbd72,0xb552,0xbd93,0xb531,0xacd0,0x9c8f,0xb531,
0xb552,0xbd93,0xc5b3,0xad11,0xb531,0xad32,0x942e,0xa4af,0xb552,0xbd73,0xc5d4,0xbd52,
0xbd72,0x734a,0xb511,0xa4af,0xb552,0xc593,0x9c8f,0x734a,0x736b,0x9c6e,0xbd93,0xad11,
0xc5d4,0xc5b3,0xc5b3,0xbd72,0xa4af,0x7b8b,0x8c0d,0xb552,0xbd72,0xbd51,0xbd52,0xad32,
0x9c6e,0xb552,0x8c0c,0x9c8f,0xa48e,0xad10,0xc5b4,0xc5b3,0xb531,0x6b09,0xacd1,0x9c6e,
0xa4af,0xbd93,0xbd52,0x9c6e,0x8c0d,0x736b,0x8c0d,0x732a,0x83cd,0xbd72,0xc5b3,0xbd72,
0xbd72,0x83cc,0x738a,0xbd93,0xbd93,0xbd93,0xb532,0xad12,0xacd0,0xa4af,0x83cc,0x83cc,
0x9c8e,0xacd0,0xbd72,0xbd93,0xb531,0x6b0a,0xacf1,0x83ab,0x944e,0x9c8f,0xacd0,0xad11,
0x8c0d,0x736a,0x734a,0x9cb0,0xa4af,0xb552,0xbd93,0xb531,0xb511,0x8bec,0x736a,0xa4d0,
0xad11,0xbd73,0xb531,0xad11,0x6b09,0x7b8b,0x732a,0x7b8b,0x7349,0x8bed,0x942e,0x8bec,
0x8bec,0x5a87,0x734a,0x83cc,0x7b8b,0x83ac,0x734a,0x732a,0x736b,0x734a,0x7bab,0x7b6b,
0x7b8b,0x83cc,0x83cc,0x734a,0x6b09,0x5286,0x5266,0x6b2a,0x734a,0x83cc,0x6b2a,0x6b29,
0x5aa9,0x62e9,0x534b,0x52a8,0x6b4b,0x7c8f,0x746f,0x7bac,0x636c,0x6b8b,0x6c0d,0x73ac,
0x636c,0x842f,0x838c,0x63cd,0x4a88,0x63ed,0x5ac9,0x6b2a,0x4ae9,0x5b6c,0x5a47,0x5309,
0x3a47,0x4289,0x4a27,0x4a26,0x6ac9,0x5267,0x4ac9,0x4a26,0x52e9,0x7bec,0x5288,0x4a68,
0x5b8c,0x632a,0x740d,0x5b4b,0x6bcd,0x6b6b,0x732a,0x6b6b,0x6c2e,0x6c0e,0x83cd,0x638c,
0x42a9,0x630a,0x632b,0x532a,0x5ac8,0x52e9,0x52c9,0x5309,0x530a,0x536b,0x532a,0x5288,
0x4a88,0x8c4e,0x4a67,0x52a9,0x4a47,0x39e6,0x39c5,0x4206,0x52c9,0x736c,0x736c,0x5aea,
0x4aa9,0x5ae9,0x532b,0x5b0a,0x63cc,0x63ed,0x634b,0x63ed,0x52e9,0x5267,0x63cd,0x638c,
0x5b4a,0x5b0a,0x5aa8,0x638c,0x430a,0x5ac8,0x4b2b,0x52e9,0x5ae9,0x2144,0x2144,0x4a88,
0x4a67,0x5288,0x5b2a,0x52a9,0x738c,0x6b4b,0x840e,0x738c,0x5ae9,0x52a8,0x5b6b,0x6b4b,
0x6bed,0x6b8c,0x7b8c,0x6c4e,0x632b,0x638c,0x5b8c,0x63ed,0x638c,0x4b0a,0x5b8c,0x52e9,
0x4ae9,0x52a8,0x4b6b,0x5aa8,0x52c9,0x52a8,0x4aea,0x52c9,0x39c6,0x39e6,0x3a06,0x39a5,
0x2123,0x31a5,0x31e6,0x2164,0x39e6,0x3a26,0x3206,0x3a06,0x2984,0x3a06,0x31a5,0x742e,
0x4226,0x4247,0x31c5,0x31a5,0x31a5,0x2984,0x31c5,0x2985,0x2964,0x2964,0x2123,0x2944,
0x3185,0x3a06,0x2984,0x3184,0x5b8c,0x42a9,0x4a27,0x4247,0x52a8,0x4a67,0x63cd,0x5b6b,
0x63ac,0x5b4b,0x63cd,0x534b,0x5bac,0x6b6b,0x6c0e,0x63cd,0x5ae9,0x6bed,0x636b,0x634a,
0x5b8c,0x5b4a,0x538b,0x5b6b,0x4b0a,0x5aa8,0x52ea,0x4a47,0x6b0a,0x6b6b,0x4b0a,0x4a88,
0x4aa9,0x4ac9,0x636b,0x4aa9,0x5b09,0x6bed,0x5b2b,0x5aea,0x4aea,0x530a,0x4ac9,0x530a,
0x6bed,0x6bac,0x6b8b,0x638b,0x4a68,0x636b,0x52c9,0x636b,0x534b,0x4b2a,0x5b8c,0x4ac9,
0x52c9,0x5b4b,0x5b4a,0x42ea,0x530a,0x52a8,0x4ac8,0x5b4b,0x4ac9,0x52c9,0x63cd,0x4268,
0x5b6b,0x744f,0x6b4a,0x63cd,0x530a,0x4288,0x5b4b,0x5b8c,0x6c0e,0x5ae9,0x6b6b,0x532a,
0x6bed,0x530a,0x5b0a,0x632a,0x52e9,0x5b8c,0x5bac,0x3a48,0x4ac9,0x5b6b,0x5b8b,0x4aa8,
0x5ac9,0x4ae9,0x4b0a,0x4aa8,0x4aa9,0x5309,0x5b8c,0x4a88,0x534b,0x5ac8,0x6bcd,0x63ac,
0x536b,0x4b2a,0x4ae9,0x740d,0x638c,0x636b,0x4aa9,0x83ed,0x4206,0x5b0a,0x5ae9,0x4b0a,
0x5ae9,0x536b,0x4b0a,0x5ac9,0x42c9,0x4b4b,0x4a88,0x5287,0x5b4b,0x536b,0x4288,0x4267,
0x5ac9,0x638c,0x536b,0x4247,0x532a,0x6b4b,0x536b,0x740d,0x534b,0x42e9,0x5b2a,0x5ac8,
0x5b4a,0x536b,0x52e9,0x73cc,0x52a9,0x536c,0x5b6b,0x52e9,0x63ac,0x5bac,0x4ac9,0x3a27,
0x3a06,0x3a68,0x3a88,0x3aa8,0x632a,0x5b4b,0x4ac9,0x52a9,0x42ca,0x6b8c,0x636b,0x4267,
0x4ae9,0x5b8c,0x5b4a,0x63ed,0x4b2a,0x42c9,0x4b0a,0x5bac,0x5b2a,0x73ac,0x840d,0x7b4a,
0x4a47,0x6b2a,0x6b6b,0x52e9,0x52ea,0x5b6b,0x5b2a,0x3268,0x42a8,0x3a68,0x42e9,0x5247,
0x5b6c,0x5ae9,0x4b09,0x52a9,0x3a88,0x4a88,0x536b,0x3a47,0x52e9,0x534b,0x5ac9,0x636b,
0x4b0a,0x4ae9,0x42a9,0x4a47,0x7c0e,0x52e9,0x2944,0x634b,0x2964,0x39e6,0x5b6b,0x62c9,
0x5b0a,0x5b8b,0x52c9,0x3227,0x3a88,0x5288,0x4b0a,0x42a8,0x532b,0x632a,0x52c9,0x5267,
0x5ac8,0x4a67,0x42a9,0x3a06,0x4288,0x532a,0x5b4a,0x5bac,0x534b,0x4b0a,0x5ac9,0x638c,
0x3185,0x4aa9,0x532a,0x734a,0x4226,0x532a,0x3184,0x5b2a,0x5267,0x530a,0x4288,0x4247,
0x3a47,0x3a47,0x534b,0x4288,0x4206,0x4a88,0x52a8,0x5268,0x4a67,0x5b2a,0x4227,0x4227,
0x4268,0x5ac9,0x4ae9,0x4b0a,0x536b,0x4ae9,0x630a,0x4268,0x5ac8,0x4b2a,0x4b2a,0x5bac,
0x4a26,0x42e9,0x52e9,0x3184,0x6b2a,0x632a,0x534b,0x4247,0x4267,0x4a88,0x4ac9,0x3a68,
0x3a28,0x5ac9,0x4a67,0x52a8,0x3a47,0x3a27,0x4227,0x3a06,0x4288,0x52e9,0x4288,0x42c9,
0x42c9,0x4b0a,0x6309,0x31c5,0x4b0a,0x4ae9,0x83cc,0x534b,0x636b,0x4a88,0x4b0a,0x52e9,
0x532b,0x4a26,0x532a,0x4b0a,0x532b,0x42a9,0x42a9,0x3a06,0x5247,0x4aea,0x42c9,0x52c9,
0x5288,0x3a47,0x4247,0x2985,0x42a8,0x4b0a,0x3a47,0x42c9,0x4aea,0x52a9,0x7b4b,0x4226,
0x42c9,0x4247,0x534a,0x4ac9,0x42e9,0x3a47,0x4ae9,0x4b2a,0x62e9,0x4206,0x5b8c,0x42e9,
0x532a,0x3a68,0x4247,0x3a88,0x5267,0x4a47,0x4a47,0x5268,0x5268,0x4ac9,0x5ac9,0x4247,
0x3aa8,0x5309,0x4b0a,0x42e9,0x4b0a,0x5ae9,0x432a,0x4206,0x42a9,0x4a88,0x5b8c,0x42e9,
0x538c,0x2984,0x4ae9,0x42a9,0x6b6b,0x2985,0x5ae9,0x5bac,0x5309,0x4268,0x4268,0x3268,
0x5aea,0x530a,0x532a,0x5ac9,0x3a27,0x4226,0x534b,0x3a06,0x4ac8,0x5b2a,0x5b6b,0x534b,
0x4b0a,0x5b0a,0x5267,0x4a68,0x4a88,0x4ae9,0x29a5,0x534b,0x2143,0x42c9,0x42c9,0x4247,
0x632a,0x4247,0x4aea,0x4aea,0x4ae9,0x52e9,0x42e9,0x3a06,0x4aa8,0x52c9,0x42a8,0x4288,
0x4aa8,0x3a88,0x4a26,0x3a06,0x4a88,0x532a,0x5b0a,0x5b4a,0x4aa8,0x5b0a,0x41e6,0x62e9,
0x5267,0x42a8,0x4ac9,0x530a,0x4206,0x42e9,0x42c9,0x7b6b,0x31c5,0x5288,0x4288,0x4b2b,
0x42a8,0x42c9,0x3a68,0x3a68,0x52c9,0x4a88,0x4a68,0x5227,0x3a47,0x3a47,0x3a27,0x3a27,
0x4247,0x4268,0x4a67,0x5b6b,0x534b,0x5bac,0x4a88,0x2964,0x632a,0x6b4b,0x4226,0x5288,
0x31c5,0x52a8,0x6b8c,0x4247,0x4a47,0x4ac9,0x5b09,0x42c9,0x3a88,0x42a9,0x42e9,0x4247,
0x52a8,0x42a9,0x5268,0x4227,0x4247,0x4247,0x42a9,0x31c5,0x3a88,0x530a,0x4288,0x530a,
0x4ae9,0x42a8,0x42ea,0x4aa8,0x2964,0x4247,0x636b,0x62a8,0x4206,0x4aa8,0x2164,0x4247,
0x4a88,0x4ae9,0x5288,0x42e9,0x3a88,0x3aa9,0x4288,0x4226,0x6ac9,0x42c9,0x4a06,0x4a07,
0x41e6,0x4a27,0x4288,0x31a5,0x630a,0x5288,0x4289,0x4aa8,0x4288,0x4ae9,0x4267,0x4ac9,
0x4ac9,0x4a88,0x31a5,0x62c9,0x41e5,0x2a06,0x5aa8,0x5b09,0x42a9,0x4288,0x4b0a,0x532a,
0x3a88,0x3a88,0x73ac,0x3a47,0x52ea,0x4a67,0x62a8,0x4247,0x39e6,0x5aa8,0x42a9,0x31c5,
0x31c5,0x31e6,0x3a47,0x42a9,0x4288,0x3a67,0x4226,0x532a,0x42a8,0x52c9,0x4a88,0x530a,
0x4226,0x4a88,0x530a,0x4288,0x42c9,0x4a47,0x4288,0x4247,0x4a67,0x3a47,0x2123,0x4247,
0x5b2a,0x4ac9,0x3a67,0x3a47,0x4a47,0x5288,0x3a88,0x3a06,0x4aa8,0x5ac9,0x52e9,0x5aea,
0x4aa9,0x52a8,0x632b,0x5ac9,0x4268,0x4aa8,0x29a5,0x29c5,0x29a5,0x21a5,0x4ac9,0x3a68,
0x4247,0x5288,0x530a,0x4a67,0x4a88,0x5aea,0x4a47,0x4a47,0x52c9,0x3267,0x3a47,0x4247,
0x4268,0x4aa9,0x4288,0x31c6,0x4288,0x4aa8,0x4226,0x4268,0x4a87,0x4aa9,0x4268,0x4aa9,
0x4288,0x4ac9,0x4ac9,0x42a9,0x4ac9,0x5b09,0x4246,0x3aa8,0x3a06,0x3a88,0x3a27,0x39e6,
0x4a67,0x4226,0x3ae9,0x3227,0x4a47,0x3a48,0x3227,0x3a27,0x4aea,0x4247,0x3a88,0x31c5,
0x4a88,0x3a47,0x3a06,0x42a9,0x4268,0x4ac9,0x5288,0x4aa9,0x4ac9,0x52a8,0x4a88,0x5287,
0x5ae9,0x4a88,0x4aa8,0x4288,0x3a26,0x4268,0x3a06,0x39e6,0x4a88,0x52a8,0x4288,0x4a47,
0x39c6,0x3a68,0x3a27,0x4268,0x4a27,0x39e6,0x4247,0x2964,0x4ac9,0x4226,0x2a06,0x3227,
0x4226,0x5b0a,0x4268,0x4a47,0x42a9,0x4a88,0x3ac9,0x3a88,0x4268,0x4289,0x3a47,0x3a88,
0x31c5,0x4288,0x4267,0x4288,0x4227,0x31e6,0x4268,0x3a27,0x4227,0x4206,0x41e6,0x39c5,
0x31e6,0x3a27,0x39e5,0x31c5,0x4ac9,0x3a06,0x2a06,0x29c6,0x3a68,0x4288,0x4a67,0x638c,
0x630a,0x5b2b,0x52c9,0x5b0a,0x636b,0x636c,0x5b4b,0x52e9,0x5b2a,0x42c9,0x4b2a,0x4288,
0x31c5,0x21a5,0x3185,0x3227,0x39c5,0x3a88,0x31a5,0x3a26,0x39c5,0x736b,0x4206,0x31c6,
0x4ac9,0x3a27,0x2a06,0x29c5,0x3207,0x4226,0x42c9,0x532a,0x4ae9,0x3206,0x29e6,0x4a06,
0x52e9,0x4aa8,0x3a68,0x3a27,0x4268,0x4267,0x42e9,0x4a67,0x2164,0x31e6,0x31e6,0x3a47,
0x3a68,0x6b0a,0x41e6,0x3a06,0x39a5,0x3a68,0x3144,0x31c5,0x42a9,0x3206,0x4a47,0x3a06,
0x31e6,0x39e6,0x4a88,0x4a88,0x4227,0x4a67,0x4206,0x41e6,0x4aea,0x31e6,0x42a9,0x4226,
0x4288,0x3a27,0x3a47,0x3206,0x3227,0x31c5,0x3a47,0x3a06,0x4a47,0x31c5,0x2985,0x4227,
0x39e6,0x2943,0x3207,0x39c5,0x5a87,0x4288,0x4ac9,0x4268,0x3a47,0x31e6,0x4247,0x5247,
0x3a47,0x3a47,0x3a27,0x4206,0x4b2a,0x39e6,0x4267,0x42c9,0x42c9,0x3a07,0x3207,0x4206,
0x3a27,0x3227,0x3227,0x4a67,0x4a47,0x39a5,0x2984,0x4227,0x4247,0x4206,0x3a07,0x39a5,
0x4aa9,0x5288,0x4a67,0x4247,0x52a8,0x4247,0x39e6,0x4a67,0x5288,0x3a26,0x4267,0x5ae9,
0x5268,0x4206,0x4227,0x5267,0x4a06,0x4a67,0x4a67,0x4a88,0x4267,0x4267,0x4a47,0x4247,
0x4a67,0x3a06,0x3a27,0x41e6,0x82ca,0x6a27,0x7aa9,0x48c3,0x4924,0x69e6,0x7227,0x5144,
0x59a6,0x48e3,0x5965,0x5104,0x50e3,0x5144,0x5944,0x5165,0x51a6,0x5144,0x5103,0x5104,
0x48c3,0x5103,0x48e3,0x50e3,0x7207,0x61a6,0x4964,0x61e6,0x6a07,0x59c6,0x6207,0x6227,
0x8b4b,0x7268,0x7268,0x5103,0x4103,0x69c6,0x6a27,0x5144,0x48e3,0x5124,0x5165,0x5104,
0x5103,0x4903,0x48c3,0x5165,0x4923,0x40c2,0x5103,0x5103,0x5103,0x48e3,0x48e3,0x61a6,
0x5985,0x5965,0x4103,0x61c6,0x6a07,0x5185,0x62a8,0x5a06,0x59a6,0x7aa9,0x72a9,0x4903,
0x4924,0x61a6,0x6185,0x5144,0x5965,0x5103,0x48e3,0x5924,0x50e3,0x48e3,0x50e3,0x4924,
0x6a07,0x5103,0x5124,0x50e3,0x48c3,0x48c3,0x40a2,0x5944,0x5144,0x61a5,0x5165,0x5965,
0x7a68,0x61e6,0x5185,0x6a47,0x48c3,0x5103,0x40c2,0x6a68,0x40e3,0x69e7,0x61a6,0x69a6,
0x69e6,0x6a07,0x5165,0x5124,0x4903,0x6165,0x7227,0x4944,0x71e6,0x61a5,0x5903,0x50e3,
0x48c3,0x5944,0x7248,0x6185,0x5965,0x61c6,0x4924,0x6a07,0x5124,0x48c2,0x48c2,0x40c2,
0x4944,0x4924,0x5165,0x5144,0x38e3,0x3903,0x4103,0x5144,0x4964,0x4944,0x4944,0x4924,
0x4944,0x4944,0x4944,0x4923,0x4944,0x4964,0x4964,0x3924,0x4964,0x4964,0x4923,0x4123,
0x3903,0x4103,0x4103,0x4944,0x4944,0x4944,0x4124,0x4965,0x7248,0x5124,0x61a6,0x69e7,
0x4103,0x82a9,0x59a5,0x48c3,0x40a2,0x48c3,0x50e3,0x40a2,0x50e3,0x40c2,0x5923,0x5165,
0x5124,0x40c2,0x48c3,0x48a2,0x48c2,0x40a2,0x48c2,0x40a2,0x4903,0x6a06,0x4944,0x7227,
0x5964,0x5944,0x59a5,0x59a6,0x4965,0x61a5,0x61a6,0x61a6,0x3903,0x69e7,0x48e3,0x48e3,
0x4944,0x4903,0x4944,0x48c2,0x5944,0x7a69,0x8aeb,0x7268,0x7228,0x7228,0x5144,0x40c2,
0x48c3,0x48c2,0x48c3,0x40a2,0x48e3,0x48e3,0x5965,0x69e6,0x5944,0x61e6,0x61a5,0x5124,
0x40c2,0x48e3,0x5144,0x69c6,0x4103,0x5124,0x4904,0x5924,0x5124,0x5144,0x5945,0x932b,
0x4944,0x5144,0x48e3,0x6207,0x48e3,0x4924,0x5985,0x71c6,0x6185,0x48e3,0x48e3,0x50e3,
0x40c2,0x48c2,0x5985,0x69e6,0x61a6,0x5144,0x48c3,0x5124,0x48e3,0x5227,0x48c3,0x7227,
0x4103,0x5104,0x50e3,0x48e3,0x4965,0x7a07,0x61a5,0x5985,0x48c3,0x5103,0x40a2,0x830a,
0x5144,0x5924,0x40a2,0x48e3,0x5985,0x7207,0x48c2,0x5103,0x48c2,0x48a2,0x4903,0x7207,
0x5165,0x4924,0x48c2,0x5965,0x5104,0x48c3,0x48e3,0x6185,0x4123,0x5103,0x50e3,0x4903,
0x5965,0x61e6,0x5103,0x48e3,0x5104,0x48e3,0x936c,0x61c6,0x7b0a,0x48e3,0x48e3,0x5904,
0x40c3,0x61a6,0x69c6,0x50e3,0x48c3,0x48a2,0x5164,0x7248,0x48a2,0x48c2,0x40a2,0x4924,
0x5124,0x48e3,0x5103,0x5903,0x4103,0x48c3,0x6145,0x50e3,0x7a68,0x48e3,0x7207,0x50e3,
0x5103,0x5965,0x836b,0x61c6,0x7ae9,0x5965,0x5124,0x5124,0x69a6,0x40a2,0x69c6,0x5123,
0x50e3,0x48c2,0x4944,0x6185,0x48e3,0x40c2,0x40c3,0x4903,0x48e3,0x48e3,0x50e3,0x50c3,
0x4923,0x5904,0x5103,0x61c6,0x5985,0x5903,0x7207,0x6a07,0x7289,0x7a27,0x7b0a,0x5144,
0x72c9,0x7288,0x7248,0x61c6,0x61e6,0x50e3,0x5944,0x61a6,0x40a2,0x40a2,0x4944,0x5965,
0x48a2,0x40a2,0x38c2,0x4924,0x48e3,0x50e3,0x4903,0x48c3,0x4123,0x5103,0x50e3,0x7a48,
0x5104,0x5103,0x6a07,0x5924,0x5944,0x7288,0x6a88,0x61c6,0x69e6,0x6a68,0x6185,0x6185,
0x6a07,0x50e3,0x40a2,0x69e7,0x48c3,0x48c2,0x5164,0x61c6,0x40c3,0x40c2,0x40e3,0x5945,
0x48c3,0x49a5,0x40e3,0x6207,0x4923,0x50e3,0x48e3,0x71e7,0x40a2,0x40a2,0x40a2,0x4903,
0x5164,0x6185,0x6a48,0x61a5,0x61a5,0x59e6,0x61c6,0x40c2,0x48e3,0x40a2,0x40a2,0x7207,
0x48e3,0x40a2,0x5165,0x7227,0x48c3,0x48e3,0x40c2,0x5144,0x5124,0x6185,0x5985,0x5985,
0x40e3,0x5985,0x5165,0x69e6,0x7aa9,0x8b0b,0x82ea,0x938c,0x7268,0x4082,0x7aea,0x5124,
0x7a68,0x38a2,0x6a27,0x9b8c,0x82c9,0x82c9,0x82e9,0x69e6,0x5165,0x5985,0x4144,0x59a5,
0x5144,0x4944,0x5144,0x59c6,0x6185,0x6185,0x61c6,0x6a27,0x4144,0x59c6,0x5944,0x61a5,
0x48c3,0x61c6,0x69e6,0x5965,0x6a07,0x7268,0x5123,0x61e6,0x4924,0x7aa9,0x6206,0x5985,
0x61a6,0x6a27,0x48c2,0x69c6,0x5965,0x61a5,0x5985,0x82a9,0x6a06,0x5144,0x5944,0x6a07,
0x48e3,0x48e3,0x5103,0x59e6,0x4103,0x48e3,0x40a2,0x61a5,0x48e3,0x40a2,0x6a48,0x7a88,
0x7a68,0x7247,0x61e6,0x7268,0x7a89,0x7248,0x6a27,0x6a27,0x6a27,0x40c3,0x48c2,0x7227,
0x4103,0x48c2,0x5164,0x7227,0x40c2,0x40c2,0x38c2,0x4924,0x40c3,0x40c3,0x48e3,0x5944,
0x4103,0x50e3,0x4903,0x61a6,0x5124,0x48c3,0x48c3,0x40a2,0x3881,0x40c2,0x61a6,0x5165,
0x5965,0x48e3,0x48c2,0x40a2,0x40c3,0x48c3,0x40a2,0x6185,0x48c2,0x48e3,0x4944,0x5965,
0x48c2,0x40c2,0x40a2,0x40e3,0x5124,0x4903,0x40c2,0x48c3,0x4103,0x48e3,0x48c3,0x5944,
0x69e6,0x48a2,0x4924,0x5103,0x82c9,0x69c6,0x38a2,0x6a48,0x3861,0x7207,0x7248,0x48c2,
0x48c2,0x48c3,0x61a6,0x5144,0x48a2,0x40a2,0x4964,0x5985,0x40a2,0x40c2,0x40c2,0x4903,
0x48e3,0x38c3,0x48c2,0x48c3,0x4103,0x50e3,0x40c2,0x50e3,0x6185,0x6185,0x5103,0x48c3,
0x48c2,0x48e3,0x69a5,0x5164,0x59a6,0x48c2,0x40c2,0x5103,0x48c3,0x48e3,0x7248,0x38a2,
0x50e3,0x4082,0x4985,0x5944,0x48c3,0x40a2,0x48e3,0x5104,0x48e3,0x40e3,0x5103,0x48a2,
0x4923,0x48c2,0x48c3,0x48e3,0x48a2,0x61c6,0x5965,0x48a2,0x48e3,0x48c2,0x5965,0x5985,
0x61c6,0x48c2,0x48e3,0x40e3,0x48e3,0x8289,0x48e3,0x40a2,0x48c2,0x48c3,0x4144,0x5944,
0x48e3,0x48c2,0x48e3,0x5124,0x4903,0x3903,0x48c2,0x7a88,0x38e3,0x40c3,0x40c3,0x48e3,
0x48e3,0x48c2,0x61c6,0x7207,0x48a2,0x48c3,0x40a2,0x5985,0x48c2,0x48c2,0x3881,0x7227,
0x7207,0x48e3,0x40c2,0x48a2,0x50e3,0x40c2,0x4144,0x69e6,0x50c3,0x48c2,0x48c2,0x4903,
0x38a2,0x48c3,0x48c3,0x59a6,0x38e3,0x5103,0x40c2,0x50e3,0x48e3,0x48c2,0x48c2,0x5164,
0x61c6,0x7227,0x6a07,0x59a6,0x69e6,0x7a68,0x7207,0x4944,0x48c3,0x48c2,0x48c2,0x4964,
0x50e3,0x48c2,0x5164,0x69e6,0x40a2,0x48c2,0x40c2,0x4924,0x48e3,0x4903,0x5144,0x5965,
0x38e2,0x61a6,0x48c2,0x48c3,0x48c3,0x50e3,0x48a2,0x48c2,0x48c2,0x40e3,0x40e3,0x4964,
0x5144,0x4103,0x40c2,0x48e3,0x48e3,0x48a2,0x51e6,0x6268,0x5227,0x40c2,0x4124,0x6185,
0x5165,0x4944,0x48a2,0x5124,0x61c6,0x5924,0x5985,0x61c6,0x38e2,0x61c6,0x5985,0x48a2,
0x48a2,0x4082,0x40a2,0x48a2,0x48c2,0x48a2,0x50e3,0x4964,0x5944,0x40a2,0x40a2,0x48a2,
0x40a2,0x5124,0x6248,0x5a07,0x5965,0x61e6,0x5144,0x69e6,0x5965,0x4903,0x5144,0x5165,
0x40e3,0x30c2,0x38e3,0x30a2,0x38e3,0x38e3,0x38c2,0x4944,0x4924,0x4924,0x4124,0x4924,
0x4123,0x3903,0x4103,0x38e3,0x38c2,0x4103,0x4924,0x4124,0x3903,0x3903,0x4985,0x4103,
0x40e3,0x40e3,0x30a2,0x38e3,0x38e2,0x40e3,0x38e3,0x28a2,0x4903,0x48e3,0x3882,0x7268,
0x38c2,0x7227,0x6a07,0x5144,0x61c6,0x5965,0x5103,0x50e3,0x5103,0x5144,0x6a07,0x4103,
0x7a68,0x5964,0x48e3,0x48c3,0x5103,0x5924,0x61c6,0x61e6,0x6a07,0x61a5,0x4924,0x69e6,
0x4924,0x40c2,0x4903,0x4903,0x59a6,0x7268,0x82a9,0x40c2,0x4903,0x5964,0x6a07,0x5185,
0x48e3,0x48c2,0x48e3,0x48e3,0x5165,0x4903,0x40c2,0x3903,0x5965,0x48e3,0x48c3,0x40a2,
0x40a2,0x48c2,0x40a2,0x59a5,0x61e6,0x4903,0x4103,0x5103,0x6a27,0x61e6,0x61c6,0x6a27,
0x6227,0x5206,0x7268,0x40a2,0x38e3,0x5944,0x61e7,0x5145,0x3882,0x5144,0x40c2,0x5124,
0x4903,0x4144,0x50e3,0x4103,0x5144,0x49a6,0x48c3,0x48a2,0x48c2,0x48a2,0x48c3,0x5124,
0x5124,0x40e3,0x5124,0x5124,0x5985,0x4944,0x59c5,0x51a5,0x6a68,0x6a88,0x61c5,0x4082,
0x38c2,0x5985,0x5144,0x48e3,0x4965,0x40a2,0x4944,0x40a2,0x48e3,0x5103,0x48c3,0x4924,
0x48c3,0x4903,0x48c3,0x51c6,0x4924,0x48c3,0x48c3,0x48e3,0x61a6,0x5965,0x4103,0x5124,
0x5965,0x6206,0x6247,0x59e6,0x5a07,0x4124,0x59e6,0x40a2,0x38e3,0x5985,0x48e3,0x48c2,
0x48a2,0x48c2,0x4903,0x4924,0x5103,0x5a48,0x4904,0x4924,0x4903,0x5a47,0x40a2,0x48e3,
0x40a2,0x4924,0x48c3,0x48e3,0x48c3,0x4924,0x40e3,0x5964,0x4903,0x59e6,0x51c5,0x4964,
0x51a5,0x4985,0x4123,0x4944,0x38e3,0x5164,0x4924,0x4103,0x5985,0x5165,0x5985,0x59a6,
0x5165,0x59a6,0x59a6,0x38e3,0x6207,0x5165,0x51a5,0x5985,0x51c5,0x5206,0x5185,0x4924,
0x5165,0x4924,0x4144,0x5185,0x4964,0x4144,0x4144,0x4964,0x5aa9,0x62ea,0x734b,0x736c,
0x7bae,0x7bad,0x8c2f,0x8c2f,0x8c2f,0x9491,0x9450,0x83ef,0x8c30,0x840f,0x7b8d,0x7b8d,
0x83ef,0x83ee,0x7b8d,0x734c,0x8bee,0x7b8d,0x83ee,0x8c30,0x41e7,0x4a48,0x738d,0x630b,
0x630b,0x62ea,0x630b,0x62ea,0x5268,0x5268,0x5a89,0x5aca,0x5289,0x5aaa,0x62ea,0x5aca,
0x736c,0x6b0b,0x6b2b,0x6b2c,0x62eb,0x62ea,0x5aca,0x630b,0x630b,0x5aaa,0x62ca,0x4a48,
0x83ee,0x3985,0x9471,0x83ef,0x39c6,0x4228,0x8c0e,0x83ee,0x736c,0x62ea,0x62eb,0x630b,
0x734c,0x7bad,0x7b8d,0x7bcd,0x7bce,0x8c2f,0x9470,0x9470,0x9470,0xad33,0xa513,0xa4d2,
0x9c91,0x9470,0x9470,0x8c50,0x9c91,0x9471,0x9450,0x8c30,0x9450,0x8c0f,0x9470,0x83ef,
0x39e7,0x4a28,0x8c0f,0x62ea,0x62eb,0x41e7,0x6b0b,0x6b0a,0x738d,0x5269,0x83ef,0x83ce,
0x840f,0x8c50,0x9c91,0x942e,0xa4d2,0xa4d1,0x9cd2,0x9471,0x9450,0x9491,0x8c2f,0x9450,
0x83ee,0x9450,0x4a06,0x9cd2,0x7bce,0x9450,0x9450,0x9470,0x41e6,0x4a48,0x8c2f,0x5a88,
0x4207,0x5aca,0x62ea,0x732b,0x840f,0x83cd,0x0861,0x18c2,0x18c2,0x18e3,0x2124,0x2103,
0x2103,0x2104,0x20e3,0x2103,0x2103,0x2124,0x2124,0x18e3,0x10a2,0x632c,0x9450,0x9491,
0x8c0f,0x9cb2,0x9450,0x8c50,0x3185,0x39a6,0x8c50,0x83ee,0x41c5,0x4a07,0x736d,0x734c,
0x736c,0x8c2f,0x5289,0x7bad,0x83ce,0x9450,0x9450,0xa4d2,0xb554,0xb594,0xad33,0x9cb1,
0x9c90,0x9450,0x8c2f,0x83ce,0x7bad,0x6b2c,0x9cb1,0x9470,0x9450,0x9471,0x8c50,0x9471,
0x39c6,0x4207,0x9470,0x9450,0x734c,0x736c,0x6b4d,0x6b0b,0x7b8d,0x9cb2,0x1082,0x2124,
0x2944,0x2944,0x2965,0x2944,0x31a5,0x3165,0x3165,0x3185,0x3185,0x2965,0x2944,0x2965,
0x2103,0x5aca,0x8c30,0x9491,0x9450,0x8c50,0x9491,0x9450,0x4207,0x4a28,0x8c2f,0x840f,
0x83ce,0x7bad,0x736d,0x6b4c,0x83ce,0x9491,0x4a07,0x736d,0x83ee,0x83ee,0x9470,0x9cd2,
0xa513,0xb594,0x9cd2,0x9cb1,0x9450,0x83ef,0x840f,0x7bad,0x7bae,0x6b4c,0x9450,0x9cb2,
0x83ce,0x8bee,0x9471,0x9c91,0x4a28,0x5269,0x840f,0x7bad,0x7bad,0x7bce,0x736d,0x6b2b,
0x732b,0x83ce,0x18e3,0x2124,0x31a6,0x39c6,0x39c6,0x39e7,0x39a6,0x31a6,0x41e7,0x39e7,
0x39c6,0x39c6,0x39c6,0x31a6,0x2944,0x62eb,0x83ee,0x9491,0x7bce,0x8c30,0x9491,0x8c50,
0x39c7,0x7bad,0x7bae,0x8c30,0x738d,0x6b2c,0x7b8d,0x6b0b,0x6b2b,0x8c2f,0x5248,0x6b0b,
0x736d,0x7bad,0x83ee,0x8c50,0x9c91,0xa4d2,0x9c91,0x8c0f,0x83ee,0x83ce,0x7bad,0x736d,
0x6b2b,0x6b4c,0x8c30,0x9450,0x83ad,0x7b6c,0x9491,0x9450,0x4a28,0x5268,0x9491,0x840f,
0x6b2c,0x840e,0x7bce,0x736d,0x734b,0x8c2f,0x1081,0x39c6,0x39e7,0x4207,0x4a48,0x4a48,
0x4207,0x4a48,0x4a48,0x4a48,0x4228,0x4a28,0x4207,0x31a6,0x31a5,0x5aaa,0x8c2f,0x9450,
0x7b8d,0x41c6,0x9450,0x9450,0x734c,0x3164,0x2103,0x2924,0x2124,0x2945,0x2124,0x2944,
0x7b8d,0x9c91,0x4207,0x6b4c,0x6b4c,0x736c,0x7b8d,0x7bce,0x9450,0x9491,0x840f,0x83ee,
0x736d,0x736d,0x736c,0x6b0b,0x630b,0x630b,0x9cb2,0x9cd2,0x9450,0x8c0e,0x9470,0x83ce,
0x6b2c,0x8bee,0x62ea,0x5268,0x41e6,0x3984,0x4a48,0x41e6,0x7bce,0x9c91,0x18c2,0x39a6,
0x4207,0x4228,0x4a69,0x4a69,0x5289,0x5269,0x5269,0x4a48,0x5269,0x5269,0x4a48,0x4228,
0x39a6,0x62eb,0x9450,0xa513,0x840f,0x8c0e,0x9471,0x9cd2,0x734c,0x9450,0x83ee,0x7bad,
0x5289,0x5aca,0x4a48,0x5268,0x734c,0x8c30,0x4207,0x5289,0x62eb,0x630b,0x6b4c,0x7bad,
0x7bce,0x7bce,0x7bad,0x6b4c,0x6b4c,0x6b2b,0x5aca,0x5aca,0x5aa9,0x62eb,0x8c30,0x9cd2,
0x840f,0x8c2f,0x9450,0x9470,0x736c,0x8c50,0x83ce,0x9470,0x4a28,0x39c6,0x3165,0x3185,
0x7bae,0x9c91,0x1082,0x39c6,0x4227,0x4a48,0x5269,0x5289,0x5aca,0x5aaa,0x5289,0x5269,
0x4a28,0x4a28,0x4228,0x4a28,0x4207,0x5289,0x9491,0x9491,0x7b8c,0x83ee,0x9cb1,0x9471,
0x5ac9,0x8c2f,0x5acb,0x7bce,0x2944,0x2103,0x31a6,0x2944,0x7bae,0x736d,0x39e7,0x5aaa,
0x62eb,0x62eb,0x630b,0x6b4c,0x6b4c,0x7bce,0x7b8d,0x6b4c,0x6b2c,0x62eb,0x62eb,0x630b,
0x4a48,0x630b,0x8c50,0x8c30,0x734b,0x8410,0x9450,0x8c50,0x6b4c,0x83ce,0x4227,0x7bae,
0x41e7,0x738d,0x630b,0x5288,0x62ea,0x7bce,0x2103,0x4207,0x4a28,0x5269,0x5aca,0x5aca,
0x5aca,0x62eb,0x5aaa,0x5aca,0x4a48,0x5289,0x5289,0x4a48,0x39a6,0x5289,0x7bce,0x9471,
0x6b2c,0x5227,0x8c0f,0x9451,0x5aca,0x7bad,0x2944,0x632c,0x39c6,0x6b2c,0x6b4c,0x4a28,
0x6ae9,0x83ce,0x3165,0x5269,0x5aa9,0x5aaa,0x62eb,0x62eb,0x6b2c,0x6b2c,0x6b2c,0x5aa9,
0x62ea,0x5aca,0x5aca,0x5289,0x5269,0x4a48,0x8c2f,0x83ef,0x8c2f,0x8c30,0x83ee,0x9cb1,
0xad13,0x9c90,0x8c2f,0x944f,0x83ce,0x734c,0x6b4c,0x738d,0x5a88,0x734b,0x736d,0x5a89,
0x62eb,0x632c,0x6b2c,0x736d,0x7bad,0x7bae,0x736d,0x6b4c,0x6b0b,0x6b4c,0x630b,0x630b,
0x4228,0x8c0f,0x734c,0x7b8d,0x9471,0x8c30,0x6b2c,0x9450,0x8c30,0x9c70,0x7bad,0x732b,
0x630b,0x6b4c,0x62ca,0x6b4c,0x5a89,0x4a28,0x734c,0x738d,0x7bae,0x83ce,0x8c30,0x9471,
0x9cb1,0xa4f2,0x9450,0x8c50,0x8c2f,0x736c,0x7bae,0x6b4c,0x7bce,0x7bce,0x6b0b,0x6b0a,
0x83ce,0x738d,0x5aca,0x8c0e,0x9cb1,0x9450,0x83ce,0x7bae,0x736c,0x6b2b,0x5aeb,0x6b4c,
0x62ca,0x6b2c,0x630b,0x6b2b,0x734b,0x738d,0x840f,0x83ee,0x840f,0x83ee,0x83ef,0x7bce,
0x7bce,0x83ef,0x736c,0x736d,0x6b4c,0x6b4c,0x62ea,0x5289,0x8c2f,0x5289,0x83ef,0x9cb2,
0x7bae,0x4a27,0x4a28,0x6b2c,0x736c,0x734c,0x734c,0x6b2b,0x6b4c,0x6aea,0x7bae,0x7bae,
0x7bae,0x734b,0x840f,0x9450,0x9cb2,0x9cd2,0x83ee,0x8c0f,0x83ee,0x736d,0x83ce,0x6b4c,
0x6b2b,0x83ce,0x732b,0x6b2b,0x7bad,0x840f,0x9c91,0x39a6,0x4a48,0x2965,0x2103,0x4207,
0x39c6,0x736c,0x6b4c,0x734c,0x5a68,0x5269,0x7bad,0x83ef,0x840f,0x83ce,0x8c2f,0x7b8c,
0x9c91,0x9cd2,0x9c91,0x9cb1,0x7bae,0x738d,0x738d,0x736d,0x736c,0x732a,0x52a9,0x734c,
0x738d,0x7bce,0x4a48,0x3185,0x4207,0x4207,0x2965,0x4a48,0x31a6,0x5aaa,0x734c,0x734b,
0x62ca,0x4a28,0x6b4c,0x62eb,0x6b0b,0x6b2b,0x5aa9,0x732b,0x62ea,0x6b2c,0x6b4c,0x6b2c,
0x9450,0x734c,0x736c,0x738d,0x6b2c,0x738d,0x5268,0x734c,0x7bae,0x840f,0x5289,0x2124,
0x3185,0x738d,0x62eb,0x2104,0x2124,0x4227,0x6b0b,0x6b0b,0x39c6,0x39a6,0x4207,0x41e7,
0x39e7,0x41e6,0x39a5,0x4a48,0x39a6,0x31a6,0x4a48,0x8c2f,0x5269,0x83ce,0x7b8d,0x6b0b,
0x6b4c,0x736d,0x734b,0x7bae,0x738d,0x83ee,0x4a48,0x6b4c,0x5aca,0x6b0b,0x630b,0x4a48,
0x5269,0x4207,0x6b0b,0x6b4c,0x2944,0x2103,0x2944,0x2944,0x2965,0x2964,0x2104,0x2103,
0x20e3,0x31a5,0x2944,0x41e6,0x39a6,0x8c30,0x7bad,0x738d,0x7b8d,0x7b8d,0x736c,0x736d,
0x6b2c,0x7bad,0x5269,0x2965,0x3185,0x630b,0x41e6,0x31a6,0x2944,0x4a28,0x62ea,0x6b2c,
0x5aaa,0x62eb,0x5aea,0x738d,0x7bae,0x83ee,0x738d,0x5247,0x6b2b,0x7bce,0x630b,0x4227,
0x31a6,0x83ce,0x736d,0x7b8d,0x7b8d,0x83ce,0x7b8c,0x738d,0x736d,0x6b2c,0x5aa9,0x5289,
0x2924,0x39a6,0x2124,0x2964,0x5289,0x736c,0x6aea,0x6b4c,0x6b4c,0x62ca,0x6b2b,0x9c90,
0x4207,0x7bae,0x840f,0x732b,0x738d,0x7bce,0x7bce,0x4a28,0x3985,0x6b2b,0x6b2b,0x7bad,
0x83ee,0x7bad,0x83ad,0x736c,0x734c,0x6b4c,0x736c,0x4a48,0x5aa9,0x4227,0x39c6,0x5289,
0x6b2b,0x62eb,0x62eb,0x6b2b,0x2944,0x20e3,0x2123,0x2103,0x5aca,0x6b2b,0x83ef,0x83ce,
0x840f,0x83ee,0x7bae,0x39a5,0x3165,0x6b2c,0x7bad,0x6b4c,0x7bad,0x83ee,0x7b8d,0x6b4c,
0x7bae,0x736d,0x736c,0x736c,0x83ad,0x6b2b,0x736d,0x7bae,0x630b,0x5aa9,0x6b2c,0x62ea,
0x62ea,0x6b2b,0x6b0a,0x2924,0x6b2c,0x4a48,0x62ea,0x6b2c,0x630b,0x736d,0x5a89,0x4207,
0x4207,0x5289,0x6b2b,0x5289,0x6b2c,0x5aca,0x5aaa,0x5289,0x736d,0x7bae,0x738d,0x738d,
0x7b8d,0x736c,0x6b2c,0x630b,0x6b4c,0x5aa9,0x5289,0x52a9,0x5a89,0x5269,0x736d,0x3185,
0x62ca,0x4207,0x6b2b,0x7b8d,0x83ef,0x738d,0x736c,0x4a48,0x39c6,0x6b2b,0x734c,0x83ef,
0x7bad,0x7bae,0x6b2b,0x62eb,0x738d,0x3144,0x738d,0x7b8d,0x7b8d,0x734c,0x630b,0x630b,
0x6b0b,0x5289,0x5289,0x5aaa,0x630b,0x62ca,0x5aca,0x39c6,0x6b2c,0x5289,0x736d,0x7bae,
0x83ce,0x7bad,0x738d,0x4a48,0x41e6,0x6b0b,0x7b8d,0x738d,0x83ce,0x738d,0x736d,0x62ea,
0x62eb,0x630b,0x6b4c,0x734c,0x6b2c,0x6b2c,0x5aca,0x5aca,0x5aca,0x52aa,0x5aaa,0x5289,
0x738d,0x73ad,0x738d,0x5289,0x73ad,0x738d,0x73ad,0x6b6c,0x738d,0x4205,0x39e5,0x6b4b,
0x5aca,0x62ea,0x5aca,0x632b,0x6b6d,0x738d,0x4204,0x83ee,0x7bce,0x738d,0x632c,0x632c,
0x738d,0x630b,0x630b,0x630b,0x632b,0x6b4b,0x62eb,0x62ea,0x6b4c,0x632c,0x6b6d,0x840f,
0x7bef,0x738d,0x73ae,0x73ae,0x73ae,0x4205,0x39c5,0x738d,0x7bad,0x630b,0x4a89,0x52aa,
0x52aa,0x6b4c,0x4205,0x7bce,0x738d,0x7bce,0x6b4c,0x738d,0x632c,0x632b,0x5b0b,0x630b,
0x6b4c,0x630b,0x6b4c,0x6b2c,0x7bce,0x632b,0x73ad,0x73ae,0x7bce,0x738d,0x738d,0x738d,
0x738d,0x4205,0x6b2b,0x6b2b,0x5aeb,0x6b6d,0x52aa,0x5aca,0x528a,0x5aeb,0x31a5,0x83ef,
0x7bce,0x7bce,0x7bce,0x83ee,0x7bce,0x738d,0x6b6d,0x62eb,0x52aa,0x7bce,0x6b6c,0x6b4c,
0x6b6c,0x630b,0x738d,0x73ae,0x73ad,0x7bef,0x8430,0x73ad,0x7bce,0x2964,0x5289,0x6b2a,
0x632c,0x632c,0x5aeb,0x5aeb,0x5aeb,0x52aa,0x39e7,0x83ef,0x736d,0x7bce,0x840f,0x7bef,
0x7bce,0x840f,0x736d,0x736d,0x6b4c,0x6b4b,0x630b,0x6b2b,0x5aca,0x4a68,0x5aea,0x4207,
0x52a9,0x5aca,0x62eb,0x5aea,0x39e7,0x4205,0x630b,0x5aea,0x738d,0x6b4d,0x6b4c,0x630c,
0x630b,0x630b,0x4227,0x39e4,0x52a7,0x5aa9,0x5aca,0x52a9,0x5aca,0x630b,0x62ea,0x52a9,
0x3184,0x41e4,0x5268,0x62ca,0x8c50,0x840f,0x840f,0x840f,0x842f,0x840f,0x7bef,0x8c30,
0x6b29,0x3184,0x630b,0x5aeb,0x5b0b,0x5aeb,0x5aca,0x630b,0x630b,0x6b6d,0x39e6,0x4a25,
0x840f,0x7bef,0x6b4c,0x738d,0x736d,0x630b,0x6b4c,0x6b6d,0x738d,0x73ae,0x73ae,0x73ad,
0x7bce,0x7bee,0x738d,0x738d,0x7bce,0x83ee,0x8430,0x4206,0x7bae,0x4207,0x5aeb,0x5aeb,
0x5aca,0x5aeb,0x5aca,0x5aca,0x632c,0x630c,0x4206,0x840e,0x738d,0x738d,0x630b,0x6b2c,
0x52ca,0x5acb,0x5aeb,0x632c,0x6b6c,0x6b2b,0x632b,0x6b4c,0x738d,0x6b4c,0x6b6c,0x7bee,
0x83ef,0x7bce,0x7bee,0x738d,0x7bce,0x4227,0x5aca,0x4a68,0x5269,0x5aea,0x5b0b,0x738d,
0x5aeb,0x5aca,0x39e6,0x9491,0x6b2c,0x6b4c,0x6b4c,0x62eb,0x52aa,0x5aaa,0x6b4c,0x5b0b,
0x6b6d,0x5aca,0x630b,0x62eb,0x840f,0x738d,0x738d,0x6b6c,0x736d,0x8430,0x5aa9,0x6b4c,
0x73ae,0x39c5,0x5aa9,0x5aa9,0x62ea,0x6b4b,0x630c,0x632c,0x630b,0x6309,0x31a5,0x738d,
0x632c,0x632c,0x632c,0x6b4c,0x630b,0x630b,0x632c,0x6b6d,0x7bad,0x5aeb,0x630b,0x5aca,
0x6b6c,0x632c,0x5268,0x738d,0x5aca,0x4a27,0x62ea,0x7bce,0x6b4c,0x39c4,0x4226,0x4a47,
0x5aca,0x6b4c,0x5aca,0x630b,0x52aa,0x5ac9,0x2963,0x7bee,0x6b6c,0x5aeb,0x632c,0x6b4c,
0x7bce,0x7bce,0x632c,0x632c,0x7bce,0x630b,0x73ae,0x4a48,0x842f,0x630b,0x7bcd,0x5aea,
0x5286,0x6b6c,0x7bcd,0x630b,0x736b,0x6b6c,0x840f,0x7bee,0x73ad,0x6b4b,0x7bee,0x7bad,
0x7bee,0x630a,0x39c4,0x7bce,0x632c,0x634c,0x630b,0x632c,0x6b6d,0x738d,0x738d,0x738e,
0x73ae,0x632c,0x736d,0x5aea,0x5aeb,0x6b4c,0x630b,0x83ee,0x4a47,0x52a9,0x630b,0x632c,
0x5acb,0x630b,0x632b,0x6b4c,0x6b6c,0x630b,0x630b,0x630b,0x632b,0x632b,0x4206,0x7bae,
0x630b,0x736d,0x5aeb,0x73ae,0x6b6c,0x7bce,0x73ad,0x7bce,0x73ad,0x738d,0x6b2c,0x5aeb,
0x738d,0x630b,0x6b6d,0x83ef,0x31a3,0x6b4c,0x5aeb,0x630b,0x630b,0x5aca,0x6b2b,0x6b6d,
0x5b0b,0x632c,0x5aea,0x5aeb,0x630b,0x630b,0x4207,0x6b4b,0x6b6c,0x738d,0x7bce,0x7bae,
0x7bce,0x738d,0x6b6c,0x7bce,0x7bce,0x5ac9,0x52a8,0x4a27,0x632c,0x6b4c,0x6b4d,0x7bce,
0x4a27,0x5aeb,0x5aeb,0x5aca,0x5aeb,0x630b,0x6b4c,0x5aeb,0x5aca,0x5aca,0x630b,0x52aa,
0x5aca,0x5aeb,0x4227,0x4206,0x39a5,0x5268,0x5268,0x5ac9,0x4a48,0x4a46,0x39c6,0x4227,
0x39c4,0x4a25,0x39e5,0x5267,0x5aeb,0x6b6d,0x7bce,0x7bae,0x4a48,0x5aeb,0x632c,0x5aeb,
0x5aeb,0x630b,0x5aeb,0x5aeb,0x630b,0x5aca,0x52aa,0x4a49,0x630b,0x738d,0x2965,0x842f,
0x73ad,0x840f,0x840f,0x7bad,0x73ae,0x7bce,0x738d,0x738d,0x52a8,0x5ae9,0x73ad,0x736c,
0x5aca,0x6b4c,0x630b,0x630b,0x4a48,0x632c,0x62eb,0x632c,0x52aa,0x5aeb,0x5aca,0x5aca,
0x5289,0x4a69,0x630b,0x5b0b,0x6b4c,0x738d,0x4206,0x7bae,0x83ee,0x73ad,0x7bce,0x7bce,
0x6b4c,0x6b6c,0x7bad,0x6b6c,0x5aea,0x630a,0x6b6c,0x6b6c,0x738c,0x5aeb,0x6b4c,0x73ae,
0x4a48,0x632c,0x5aeb,0x5aeb,0x73ae,0x736d,0x5aca,0x630b,0x5289,0x5aca,0x6b4c,0x6b4c,
0x6b4c,0x738d,0x3184,0x8c30,0x73ae,0x738d,0x738d,0x6b4b,0x6b2b,0x6b6d,0x7bce,0x5289,
0x630b,0x62ea,0x6b4c,0x6b6c,0x632b,0x632c,0x5aca,0x6b6d,0x4a27,0x632b,0x6b2c,0x630b,
0x52aa,0x52ca,0x630b,0x5aca,0x5aeb,0x632b,0x6b4d,0x73ae,0x632b,0x632c,0x39a4,0x7bce,
0x7bce,0x736d,0x6b6d,0x6b4c,0x738d,0x7bae,0x6b8d,0x738d,0x840f,0x5aca,0x73ae,0x738d,
0x5289,0x738d,0x6b4c,0x738d,0x3164,0x738d,0x632c,0x6b4c,0x632c,0x632c,0x6b2c,0x6b4c,
0x738d,0x6b6c,0x738d,0x6b4c,0x738d,0x738d,0x41e4,0x840f,0x7bae,0x736d,0x6b4c,0x738d,
0x6b4c,0x7bce,0x6b4c,0x73ae,0x7bce,0x5289,0x6b6d,0x6b4c,0x4226,0x4206,0x39a4,0x39e4,
0x6307,0x39c5,0x4a48,0x4a27,0x5288,0x39c5,0x39e4,0x4a26,0x4a27,0x4a27,0x41e7,0x4a48,
0x4227,0x4205,0x5285,0x7bee,0x6b4c,0x73ad,0x632c,0x6b6d,0x738d,0x840f,0x73ad,0x7bce,
0x7bce,0x62ea,0x4a68,0x5aca,0x738d,0x6b4c,0x632c,0x630b,0x5267,0x7bce,0x83ef,0x73ae,
0x6b4c,0x736d,0x6b6d,0x738d,0x5aca,0x52aa,0x4a69,0x52aa,0x52aa,0x5aeb,0x39e6,0x6b6d,
0x632c,0x6b4c,0x738d,0x840f,0x630c,0x6b4c,0x738d,0x83ef,0x738e,0x630b,0x5aca,0x6b6c,
0x738d,0x7bce,0x5289,0x7bce,0x7bad,0x738d,0x7bce,0x73ad,0x738d,0x62ea,0x6b6c,0x6b2b,
0x5aca,0x52aa,0x5aeb,0x4a69,0x52aa,0x5aeb,0x39c6,0x842f,0x7bae,0x73ad,0x6b6d,0x73ad,
0x6b6c,0x632b,0x630b,0x736d,0x73ad,0x5288,0x632c,0x6b4c,0x738d,0x738d,0x83ee,0x6b2c,
0x6b4c,0x738d,0x738d,0x6b6c,0x7bae,0x738d,0x7bae,0x632b,0x5acb,0x5289,0x5acb,0x5aea,
0x5aeb,0x5289,0x41e7,0x39a4,0x4a68,0x5288,0x4a47,0x4a68,0x5288,0x4205,0x4a46,0x4a67,
0x4a27,0x52a7,0x4a48,0x5268,0x73ad,0x4a68,0x6b6d,0x6b4c,0x6b6d,0x632c,0x6b6d,0x6b6d,
0x73ae,0x6b6d,0x6b4c,0x632c,0x52aa,0x5aca,0x4a69,0x52aa,0x528a,0x5aca,0x3184,0x7bce,
0x73ae,0x738d,0x738d,0x73ae,0x7bce,0x6b4c,0x5288,0x6b4c,0x630b,0x630c,0x632c,0x630b,
0x5aeb,0x5aa8,0x7bce,0x5aea,0x6b4c,0x6b6d,0x7bae,0x73ae,0x738d,0x6b6d,0x632c,0x6b2b,
0x5aeb,0x5aca,0x52aa,0x5289,0x5acb,0x52aa,0x39c6,0x7bce,0x7bae,0x7bce,0x7bad,0x7bad,
0x62ea,0x6b4c,0x5aa9,0x6b2c,0x630b,0x6b4c,0x630b,0x62eb,0x62ea,0x736c,0x736d,0x736d,
0x6b4c,0x7bce,0x7bce,0x736d,0x6b6c,0x73ad,0x5aeb,0x5aeb,0x52aa,0x630b,0x52a9,0x5aca,
0x62ea,0x5aeb,0x39a5,0x8430,0x7bae,0x6b4b,0x632b,0x632c,0x6b4c,0x7bce,0x5288,0x632c,
0x6b4c,0x630b,0x632c,0x630b,0x6b6d,0x5aca,0x840f,0x840f,0x7bef,0x5aeb,0x7bce,0x7bef,
0x738d,0x52a7,0x4206,0x5aea,0x630b,0x7bac,0x630b,0x6b4c,0x5aca,0x5289,0x31a4,0x7bce,
0x736d,0x6b4c,0x6b6c,0x6b4b,0x736c,0x6b6d,0x5aca,0x630b,0x630b,0x52ca,0x630b,0x630b,
0x62ea,0x632a,0x630a,0x630b,0x62e9,0x52a7,0x736b,0x6b6b,0x5ac9,0x62ea,0x4a66,0x6b4b,
0x734c,0x630b,0x738d,0x6b4c,0x736c,0x5ac8,0x4a66,0x83ef,0x738d,0x6b4c,0x6b4c,0x6b4d,
0x736d,0x73ae,0x5289,0x5aca,0x630b,0x6b6d,0x630b,0x5aeb,0x5aca,0x6b6d,0x632c,0x5aca,
0x5aca,0x6b4c,0x6b6c,0x7bcd,0x6b6c,0x630b,0x4205,0x83ee,0x83ef,0x83ee,0x7bce,0x6b4c,
0x6b4c,0x6b4c,0x4226,0x630a,0x6b4c,0x6b4c,0x738d,0x634c,0x73ad,0x6b4c,0x5289,0x6b2b,
0x630b,0x5aca,0x73ad,0x62ea,0x6b4c,0x632c,0x630b,0x5aa9,0x632c,0x6b6d,0x6b6d,0x738d,
0x6b6c,0x736c,0x4227,0x6b6c,0x738d,0x7bce,0x73ae,0x6b4c,0x6b6d,0x632c,0x3183,0x62e9,
0x6b4c,0x736d,0x6b4d,0x73ad,0x6b4c,0x738d,0x4a47,0x632b,0x736d,0x5aeb,0x630b,0x630b,
0x6b6d,0x632b,0x5aea,0x630b,0x738d,0x6b4c,0x738d,0x738d,0x6b6d,0x5aca,0x5aea,0x6b4c,
0x6b6c,0x738d,0x738d,0x738d,0x6b4c,0x6b2c,0x3a05,0x738c,0x6b6c,0x6b4c,0x630b,0x62eb,
0x630b,0x7bce,0x5268,0x630b,0x7bce,0x5aeb,0x630b,0x736c,0x6b2c,0x6b4c,0x6b4c,0x736d,
0x6b4c,0x738d,0x738d,0x738d,0x6b4c,0x6b2c,0x4205,0x632c,0x738d,0x6b6c,0x738d,0x6b6d,
0x6b2c,0x736c,0x39c5,0x83ee,0x8c30,0x6b4c,0x6b4c,0x738d,0x62eb,0x6b4c,0x39c5,0x736d,
0x736c,0x5aca,0x630b,0x6b2b,0x942e,0x942e,0x83ac,0x8bcc,0x9c8f,0xacd1,0xb532,0xb532,
0xb532,0xb552,0xb552,0xb511,0xb532,0xb532,0x8c0d,0x940d,0x8c0d,0xa4af,0xb511,0xb552,
0xb532,0xb532,0xacf1,0xacf1,0xa4b0,0xa4b0,0x9c90,0x83ac,0x838b,0x8bed,0x942e,0x8bed,
0x946f,0x9c8f,0x8bed,0x83ac,0x9c4e,0xb532,0xb552,0xbd73,0xbd52,0xbd53,0xbd52,0xbd52,
0xb552,0xbd73,0x8bec,0x8c0d,0x942d,0xacf1,0xb531,0xb552,0xb532,0xb552,0xb532,0xb532,
0xacf1,0xacf1,0xacd0,0x83ac,0x8bcc,0x8bac,0x9c6f,0x8bcd,0x83ac,0x7b6b,0x9c8f,0x9c4e,
0x7b4b,0x8bec,0x8c0d,0x940d,0x942d,0x942d,0x942d,0x8c0d,0x8bec,0x838b,0xb511,0x9c6f,
0x9c6e,0x9c6e,0x8bcc,0x8bcc,0x940d,0x940d,0x8c0d,0x8bec,0x93ec,0x83ab,0x7b6a,0xacd0,
0x8bed,0x8bcc,0x836b,0x730a,0x83ac,0x9c4e,0xb511,0xb531,0x940d,0x8bcc,0x8c0d,0x942e,
0x942d,0x8bed,0x940d,0x940d,0x83ac,0x9c4e,0xc5b4,0xcdd4,0xbd52,0xa4b0,0x9c6e,0x8bcc,
0x93ec,0x8bcc,0x940d,0x940d,0x8bec,0x838b,0x942d,0xb511,0xa4b0,0x940d,0x8bed,0x7b2a,
0x942e,0x9c6e,0xb532,0xb552,0x942e,0x944e,0xb511,0xb511,0x9c8f,0x9c6f,0xbd73,0xb531,
0x9c6f,0xa490,0xc5b4,0xcdd4,0xbd72,0xacd1,0xa48f,0xacf0,0xb531,0xa48f,0x9c6f,0xacd0,
0xb511,0xa48f,0x9c4e,0xb532,0xa4b0,0x9c2e,0x83ac,0x8bcc,0x9c6f,0x9c6f,0xbd52,0xbd73,
0x944e,0x9c4e,0xb511,0x9c4e,0xa4b0,0xacf1,0x9c4e,0xbd52,0x9c6f,0xa4af,0xc5d4,0xc5b4,
0xc593,0xa4b0,0xa48f,0xb511,0x9c6f,0xa48f,0xb511,0xa4b0,0xa48f,0xa4cf,0xa48f,0xbd52,
0xacd0,0x942e,0x8bac,0x8bac,0x9c6f,0xa48f,0xbd73,0xc593,0x944e,0x9c4e,0xa4b0,0xacf0,
0xacd0,0xacd0,0xad11,0xa4af,0x9c8f,0xa4b0,0xcdf5,0xd636,0xbd93,0xacf1,0xa48f,0xb532,
0x9c6f,0xacf0,0xbd72,0xa4af,0x9c6f,0xacf0,0xa48f,0xbd93,0xacf1,0x9c2e,0x8bed,0x8bcd,
0x9c6f,0x9c8f,0xbd73,0xbd73,0x9c6e,0x9c4e,0xa4d0,0x9c8f,0xacd0,0x9c6e,0x942d,0xacd0,
0x9c6f,0xa46f,0xce15,0xd636,0xbd73,0xacf1,0xa48f,0xb532,0x942d,0xacf0,0x9c4e,0xacd0,
0x8bcc,0xacf1,0xa4af,0xbd52,0xb511,0x9c4e,0x942e,0x8bed,0x9c4f,0x9c8f,0xbd73,0xc5b3,
0x9c6f,0x9c4e,0xb532,0x9c6e,0x9c4e,0x944e,0x942d,0xbd93,0xa48f,0xa48f,0xce16,0xd636,
0xc593,0xad11,0xa4b0,0xb531,0xacd0,0x8bcc,0xacf0,0x940d,0xad11,0xacd0,0xacb0,0xbd52,
0xacf1,0x9c4e,0x8bed,0x8bcd,0x944e,0x9c6f,0xbd73,0xc5b3,0x9c6f,0x9c4e,0xb532,0xbd52,
0xb531,0xb531,0xbd73,0xb511,0x9c6e,0xa48f,0xcdf4,0xce15,0xc593,0xacf1,0xa4af,0xb511,
0xbd52,0xbd72,0xa4d0,0xbd52,0xb511,0x9c6e,0xa48f,0xb531,0xacf1,0x9c6f,0x8bed,0x8bcc,
0x9c4e,0x9c6f,0xc573,0xc5b3,0x9c6f,0xa48f,0xa4b0,0xa4b0,0xa48f,0xa4d0,0xa4b0,0xa4b0,
0xa48f,0xa48f,0xcdd4,0xd615,0xbd72,0xb532,0x9c6f,0xacd0,0xa4b0,0xacf1,0xa4b0,0xa48f,
0x9c6f,0xa48f,0x9c4e,0xbd52,0xacf1,0x9c4e,0x93ed,0x838c,0xacf1,0xa4af,0xacd0,0x9c6f,
0xacf1,0xb552,0xbd93,0xbd73,0xbd93,0xc5b4,0xbd93,0xbd93,0xbd93,0xacf1,0xb531,0x9c6e,
0xa48f,0xb511,0xbd73,0xc593,0xbd73,0xb552,0xbd93,0xbd73,0xb531,0xb531,0xb531,0xacd0,
0x9c4e,0xa4af,0xa48f,0x942d,0xa4d0,0xa4b0,0x942d,0x942d,0xacd0,0xb532,0xb511,0xb532,
0xbd52,0xbd72,0xb552,0xbd72,0xbd52,0xb532,0x940d,0xaccf,0x9c4e,0x9c4e,0xbd73,0xbd52,
0xbdb3,0xbd93,0xbd52,0xb532,0xb511,0xad11,0xacf0,0x942d,0x9c4e,0x942d,0x9c6e,0x940e,
0xb512,0xa4d0,0x9c4e,0x942d,0x9c2d,0xbd52,0xc593,0xc5b4,0xcdf5,0xcdf5,0xc5d4,0xcdf5,
0xcdf4,0xbd52,0x9c6e,0x9c4d,0x9c4e,0x942d,0xc5b4,0xc5d4,0xc593,0xcdf5,0xc5b4,0xc5b4,
0xc593,0xbd52,0xacf0,0x8bed,0x9c4e,0x940d,0xacd0,0x93ed,0xacd0,0xacf0,0x8bcc,0x8bed,
0xb531,0xbd31,0xc572,0xc594,0xc5b4,0xc5b3,0xc5b4,0xbd93,0xbd73,0xc5b4,0x8bab,0xa48f,
0x8bcc,0xb532,0xbd72,0xc593,0xc593,0xc5b4,0xc593,0xbd73,0xb532,0xb531,0xb531,0x8bcc,
0x940d,0x9c4e,0x9c4e,0x93ed,0x83cc,0x83ab,0xbd73,0xb511,0x7b6b,0x942d,0x940d,0x940d,
0x8bec,0x942d,0x8bec,0x940d,0x8bcc,0x7b6b,0xcdd4,0xacf0,0xb532,0xacd0,0x83ac,0x8c0d,
0x940d,0x942e,0x942d,0x944d,0x942d,0x8bcc,0x838b,0xb531,0x9c6e,0x8bec,0x8bab,0x7b4b,
0x83cc,0x944e,0xbd52,0xbd73,0x942d,0x8bcc,0x940d,0x942e,0x942d,0x942e,0x942d,0x942d,
0x83ac,0x9c4e,0xc5b4,0xcdf5,0xbd72,0xa4d0,0x944e,0x8bec,0x8c0d,0x940d,0x942e,0x942d,
0x940d,0x836b,0x9c4e,0xb532,0xacd0,0x9c4e,0x8bcc,0x7b4a,0x942e,0x9c6f,0xbd73,0xbd93,
0x9c6f,0x9c2e,0xb511,0xb511,0xa48f,0x9c4e,0xb532,0xb511,0x9c4e,0x9c6f,0xcdf5,0xcdf4,
0xbd93,0xa4d1,0x9c6f,0xb511,0xb531,0xacd0,0x9c4e,0xa4af,0xb531,0xa4af,0x9c6e,0xb531,
0xacd0,0x9c4f,0x8bed,0x8bed,0x9c4e,0x9c4e,0xbd93,0xbd73,0x9c6f,0x9c6f,0xb531,0x9c2e,
0xacf1,0xacf0,0x8c0d,0xb531,0x9c6e,0xa4af,0xc5b4,0xcdd4,0xc593,0xacf1,0x9c8f,0xb511,
0x9c4e,0x9c6f,0xb511,0xacd0,0xa48f,0xacb0,0xa48f,0xb532,0xacd0,0x9c4e,0x8bcd,0x8bac,
0x942e,0x9c6f,0xbd73,0xc573,0x9c6e,0x9c6e,0xa4af,0xacf0,0xacd0,0xa48f,0xb511,0xa48f,
0x9c6f,0xa4b0,0xc5b3,0xce15,0xbd72,0xa4d1,0x9c8f,0xb511,0x9c8f,0xa4af,0xb531,0xa4af,
0x9c6f,0xacf0,0xa46f,0xb511,0xacf0,0x9c6f,0x8bed,0x83ac,0x944e,0x9c4e,0xbd93,0xbd93,
0x9c6e,0x9c4e,0xacf0,0x9c4e,0xa48e,0xa4af,0x940d,0xacf0,0x9c6e,0xa48f,0xc5b4,0xcdd4,
0xc5b4,0xad11,0xa4af,0xb531,0x940c,0xacd0,0x9c4e,0xa4af,0x8bec,0xa4af,0xa4af,0xb552,
0xacf1,0x9c4e,0x8bcc,0x83ac,0x9c4f,0x9c6f,0xbd52,0xbd73,0x9c6f,0x9c4e,0xb511,0x9c6e,
0x942d,0x9c4e,0x942e,0xbd52,0x9c4e,0xa48f,0xc593,0xcdd4,0xc593,0xad11,0xa4b0,0xb511,
0xacd0,0x940d,0xacd0,0x940d,0xacd0,0xa48f,0xa48f,0xb531,0xacf1,0x9c6f,0x8bcc,0x8bcd,
0x944e,0x9c6f,0xb552,0xbd73,0x9c6f,0x9c4e,0xb4f1,0xb532,0xb511,0xb511,0xbd52,0xb511,
0x9c4e,0x9c8f,0xc593,0xc5b4,0xbd72,0xad11,0x9c8f,0xacaf,0xb511,0xb511,0xa4af,0xacf1,
0xad10,0xa48f,0xa48f,0xb511,0xacd0,0x9c4e,0x8bcc,0x8bac,0x942e,0x9c6f,0xb532,0xbd52,
0x9c6e,0xa4d0,0xa4b0,0xa4af,0xa4d0,0xa4d0,0xacd0,0xacd0,0xa48f,0xa48f,0xc572,0xbd73,
0xbd52,0xacf1,0x9c4e,0xa4b0,0xa4d0,0xa4af,0xa4af,0xa4b0,0xa48f,0xa48f,0x9c6e,0xb511,
0xa4b0,0x940e,0x8bac,0x838b,0xa4b0,0xa490,0x9c4e,0x940d,0xa4d0,0xad11,0xb532,0xb532,
0xb552,0xbd73,0xb552,0xb511,0xb552,0xacf1,0xa48f,0x9c6e,0x9c4e,0xad11,0xb532,0xb511,
0xbd52,0xb531,0xb532,0xb531,0xb511,0xacf0,0xa4af,0x9c4e,0x9c2e,0x9c6f,0x940e,0x93cd,
0x9c6f,0x9c4e,0x940d,0x9c4e,0x9c6f,0xacf1,0xacf0,0xb511,0xb511,0xb511,0xb511,0xbd52,
0xb511,0xacd0,0x9c6e,0xb511,0x9c6e,0xa4af,0xb531,0xb511,0xad11,0xacf0,0xb511,0xacf0,
0xacd0,0xacf0,0x9c6f,0x940d,0x942e,0x940d,0x9c2e,0x836b,0xa490,0xa4b0,0x8bed,0x8bcc,
0xacd0,0xad11,0xbd52,0xbd52,0xbd53,0xbd72,0xbd73,0xbd52,0xb532,0xbd52,0x942d,0x9c6e,
0x940d,0xacf0,0xb511,0xb552,0xbd32,0xb532,0xb531,0xb532,0xb531,0xb511,0xb4f0,0x93ed,
0x9c4e,0x940d,0x940d,0x8bcc,0x8bed,0x8bed,0xad11,0xacd0,0x8bed,0x942d,0x9c6f,0xa48f,
0xa48f,0x9c6f,0x9c4e,0x9c6e,0x9c4e,0x940d,0xbd52,0xacd0,0xb511,0xa4d0,0x942d,0x9c6f,
0x9c4e,0x9c4e,0x9c4e,0x9c4e,0x944e,0x942e,0x940d,0xacf1,0x9c2e,0x93ed,0x7b6b,0x7b0a,
0x8bed,0x9c4f,0xacf1,0xb511,0x9c4e,0x8c0d,0x9c6e,0xa48f,0xa4af,0xa4af,0xa48f,0xa46e,
0x940d,0x9c6e,0xbd73,0xc593,0xbd52,0xa4d0,0x9c6f,0x9c4e,0xa48f,0xa46e,0xa48e,0xa48f,
0x9c6e,0x8bed,0x9c2d,0xb511,0xacd0,0x8bed,0x7b8b,0x7b4a,0x8c0d,0x9c2e,0xad11,0xacf1,
0x9c4f,0x9c4e,0xacd0,0xacd0,0xa48f,0x9c4e,0xa4b0,0xacf1,0x9c6e,0xa4d0,0xbd73,0xbd73,
0xb552,0xacd0,0xa48f,0xacd0,0xacd0,0x9c4e,0x9c6e,0xa46f,0xacb0,0x9c8f,0x9c6f,0xb511,
0xa490,0x8c0d,0x83ac,0x834b,0x8c0d,0x944e,0xacd0,0xacf1,0x9c6f,0x9c6f,0xaccf,0x9c4e,
0xa4af,0xa4af,0x9c6f,0xacd0,0xa48f,0xa4af,0xbd52,0xbd72,0xb531,0xa4d0,0xa46f,0xacd0,
0x9c4e,0xa48f,0xa48f,0xa4af,0x9c4e,0xa48f,0x9c6f,0xacf1,0xa48f,0x940d,0x83ac,0x7b6b,
0x940e,0x942e,0xac90,0xad11,0x944e,0x9c6f,0x9c6f,0xacb0,0xa4d0,0x9c8f,0xa4af,0xa48f,
0xa46f,0xa490,0xb552,0xbd52,0xb532,0xa4d0,0x9c8f,0xacaf,0x9c6e,0xa48f,0xacf0,0xa4cf,
0x9c6f,0xa46f,0xa48f,0xacf0,0xa490,0x8c0d,0x838b,0x7b6b,0x49a5,0x4985,0x4164,0x4144,
0x4964,0x4985,0x4164,0x4944,0x4964,0x4144,0x4144,0x4144,0x4144,0x4964,0x4164,0x4164,
0x4985,0x4964,0x4144,0x4144,0x4144,0x3944,0x3123,0x4964,0x4164,0x4144,0x4144,0x4144,
0x4965,0x4165,0x4985,0x49c6,0x49a6,0x4985,0x4164,0x4985,0x4165,0x4965,0x4964,0x5164,
0x4985,0x4964,0x4964,0x4144,0x4964,0x51e6,0x4985,0x4164,0x59c5,0x4964,0x4144,0x4964,
0x4144,0x4944,0x3924,0x5165,0x4144,0x4144,0x4144,0x4144,0x4985,0x4144,0x4185,0x49c6,
0x51c6,0x49a5,0x4164,0x4985,0x4985,0x5185,0x5185,0x5185,0x5185,0x4144,0x4964,0x4964,
0x4964,0x4985,0x5185,0x4984,0x51a5,0x4964,0x4164,0x4964,0x4144,0x4144,0x3924,0x4964,
0x4144,0x4144,0x4144,0x4144,0x4985,0x4164,0x4185,0x41c6,0x51c6,0x51a5,0x3924,0x4985,
0x5185,0x5185,0x5185,0x5165,0x51a5,0x4165,0x5185,0x4985,0x5185,0x4985,0x4965,0x4164,
0x5185,0x5165,0x4144,0x5164,0x4964,0x4144,0x3924,0x4964,0x4964,0x4144,0x4144,0x4144,
0x4985,0x4964,0x4185,0x41c6,0x51c6,0x51a5,0x3944,0x4985,0x5185,0x4964,0x3944,0x5985,
0x59a5,0x4144,0x4964,0x5185,0x5185,0x5185,0x4965,0x4964,0x59a5,0x5185,0x4964,0x5164,
0x5164,0x4164,0x3123,0x4164,0x4144,0x4144,0x4164,0x4164,0x4965,0x4185,0x4185,0x49c6,
0x51c6,0x49a5,0x3944,0x4985,0x5185,0x4985,0x4184,0x5185,0x5185,0x4144,0x4984,0x5185,
0x5185,0x5985,0x5185,0x4985,0x59a5,0x5985,0x5985,0x4964,0x5185,0x4144,0x3124,0x4144,
0x4164,0x4144,0x4164,0x4144,0x4964,0x4164,0x4165,0x41c6,0x51e6,0x49a5,0x3964,0x51c6,
0x5164,0x4985,0x4985,0x5185,0x51a5,0x4985,0x4985,0x5165,0x5185,0x5985,0x5185,0x5185,
0x59a5,0x5185,0x59a5,0x4144,0x4964,0x4144,0x3123,0x4964,0x4944,0x4144,0x4144,0x3944,
0x4164,0x3144,0x4185,0x49c6,0x51e6,0x49a5,0x3964,0x51a5,0x5185,0x5164,0x5185,0x5165,
0x59a5,0x4985,0x5164,0x4985,0x5185,0x5985,0x5185,0x5185,0x59a5,0x5185,0x5185,0x4144,
0x4964,0x4164,0x3103,0x4944,0x4144,0x4144,0x4164,0x4144,0x4164,0x4165,0x4165,0x41a6,
0x49c6,0x49a5,0x3944,0x51a5,0x5165,0x4964,0x5164,0x5185,0x61e6,0x4985,0x4984,0x4964,
0x4964,0x5185,0x5165,0x4985,0x59c6,0x5185,0x5185,0x4144,0x4964,0x4964,0x3123,0x4964,
0x4144,0x4964,0x4144,0x4144,0x4144,0x4144,0x4185,0x41c6,0x49c6,0x49a5,0x3964,0x4985,
0x4965,0x5185,0x5164,0x5184,0x6207,0x4985,0x5185,0x5185,0x4964,0x4964,0x5164,0x59e6,
0x51a5,0x5185,0x4964,0x4964,0x59a5,0x4965,0x3944,0x4964,0x4164,0x4164,0x4144,0x4144,
0x4964,0x4185,0x4185,0x49c6,0x51c6,0x4185,0x3944,0x49a5,0x5185,0x4964,0x4144,0x5985,
0x59e6,0x4985,0x5185,0x4964,0x4985,0x4985,0x4965,0x4985,0x51a5,0x5185,0x4964,0x4944,
0x5185,0x4164,0x3924,0x4164,0x4944,0x4164,0x3924,0x4144,0x4964,0x4164,0x4185,0x41a6,
0x51c6,0x49a5,0x4164,0x49c6,0x51a5,0x5185,0x4964,0x4985,0x51c6,0x4965,0x5185,0x4984,
0x4964,0x4985,0x4985,0x4985,0x5185,0x4985,0x4164,0x4964,0x4964,0x3964,0x3123,0x3924,
0x3924,0x3944,0x3923,0x3924,0x3124,0x4165,0x4985,0x49c6,0x51c6,0x51a5,0x3944,0x5185,
0x4964,0x5185,0x5185,0x4965,0x51a5,0x4144,0x5164,0x4964,0x51a5,0x4985,0x4964,0x4985,
0x4985,0x5164,0x4965,0x4144,0x4964,0x4185,0x3924,0x4185,0x4124,0x4144,0x4144,0x4944,
0x4985,0x4165,0x4985,0x49c6,0x51e6,0x51a5,0x3944,0x51a5,0x4985,0x4964,0x4965,0x5185,
0x51a5,0x4164,0x4144,0x4144,0x51a5,0x4985,0x4985,0x4164,0x51a5,0x5164,0x4144,0x4964,
0x4944,0x4164,0x3924,0x4964,0x4144,0x4944,0x4944,0x4124,0x4984,0x4985,0x4985,0x41a5,
0x51c6,0x51a5,0x3964,0x5185,0x4964,0x4985,0x4964,0x4965,0x51a5,0x4144,0x4144,0x4144,
0x4164,0x4964,0x4144,0x4985,0x4985,0x4964,0x4164,0x4964,0x4124,0x4964,0x3123,0x4144,
0x4944,0x4944,0x4144,0x4144,0x4985,0x4164,0x4985,0x49c6,0x51c5,0x51a5,0x3924,0x4964,
0x4965,0x5165,0x4985,0x4964,0x51a5,0x3103,0x3944,0x3123,0x3923,0x3923,0x4164,0x3123,
0x4985,0x4964,0x4164,0x4964,0x4164,0x4144,0x3103,0x4164,0x4964,0x4144,0x4124,0x4144,
0x4144,0x3944,0x4165,0x49c6,0x49c6,0x4185,0x3944,0x4964,0x5185,0x5164,0x4964,0x4964,
0x5185,0x4124,0x3944,0x4964,0x4164,0x4164,0x4164,0x49a5,0x4965,0x4964,0x4144,0x4144,
0x4144,0x4124,0x3103,0x4985,0x4964,0x4144,0x4944,0x4144,0x4144,0x3944,0x4185,0x41a6,
0x49c6,0x4985,0x3944,0x4964,0x4984,0x4944,0x5164,0x4964,0x4964,0x4165,0x4144,0x4944,
0x4144,0x4964,0x4144,0x4985,0x4985,0x4944,0x4144,0x4144,0x4944,0x3924,0x3103,0x4965,
0x3944,0x4124,0x4124,0x4144,0x4964,0x3944,0x4185,0x41c6,0x51c6,0x49a5,0x4144,0x4964,
0x4964,0x4944,0x4964,0x4964,0x4964,0x4144,0x4144,0x4144,0x4144,0x4944,0x4944,0x4144,
0x5185,0x4144,0x4144,0x4944,0x4944,0x4144,0x3103,0x4964,0x4164,0x4144,0x4124,0x4124,
0x4164,0x3944,0x3965,0x41c6,0x51e6,0x4985,0x3944,0x4985,0x4944,0x4964,0x4944,0x4944,
0x4944,0x3944,0x4144,0x4144,0x4144,0x4944,0x4144,0x4164,0x4984,0x4144,0x4944,0x4944,
0x4944,0x4124,0x3123,0x4144,0x3944,0x4124,0x4124,0x3924,0x4164,0x3944,0x4185,0x41c6,
0x51c6,0x4985,0x3944,0x4985,0x4944,0x4964,0x4944,0x4964,0x4944,0x3944,0x4144,0x4144,
0x3924,0x4144,0x4144,0x4164,0x4944,0x4144,0x4123,0x4144,0x4124,0x4164,0x3123,0x4144,
0x3944,0x3924,0x3924,0x3924,0x3924,0x3144,0x4185,0x41c6,0x51a6,0x49a5,0x3924,0x4985,
0x4964,0x4944,0x4944,0x4964,0x4964,0x4144,0x4144,0x4144,0x3944,0x4144,0x4144,0x4164,
0x4964,0x4944,0x4124,0x4944,0x3924,0x4985,0x3103,0x4144,0x4144,0x3923,0x3944,0x3924,
0x4144,0x3964,0x3965,0x41c6,0x51c6,0x4985,0x3944,0x4985,0x5164,0x4964,0x4144,0x4144,
0x4985,0x3903,0x4144,0x4144,0x3923,0x4944,0x4144,0x4164,0x4164,0x4964,0x4144,0x4944,
0x3924,0x4985,0x3103,0x4944,0x4144,0x3923,0x3924,0x4144,0x3944,0x4185,0x4185,0x41c6,
0x59c6,0x49a5,0x3944,0x4965,0x4984,0x4964,0x4164,0x4164,0x4964,0x3923,0x4124,0x4144,
0x4144,0x4944,0x4144,0x4164,0x4964,0x5185,0x4164,0x3944,0x4164,0x4944,0x3923,0x4944,
0x3923,0x3924,0x3924,0x4124,0x3964,0x4165,0x3965,0x41c6,0x51c6,0x5185,0x3944,0x4964,
0x4964,0x4944,0x4944,0x4944,0x4164,0x4124,0x4124,0x4144,0x4965,0x4944,0x4144,0x4144,
0x5185,0x4144,0x4144,0x4144,0x4964,0x4124,0x3924,0x4144,0x3923,0x3923,0x4124,0x3924,
0x4164,0x4185,0x4165,0x49c6,0x51c6,0x51a5,0x3944,0x4985,0x4144,0x4964,0x4964,0x4144,
0x4144,0x4164,0x4144,0x4123,0x4964,0x4144,0x4144,0x4164,0x4985,0x4144,0x4144,0x4144,
0x4144,0x4123,0x30e3,0x4144,0x3923,0x3923,0x4123,0x4124,0x3924,0x4185,0x4165,0x41c6,
0x51a6,0x49a5,0x3924,0x4164,0x4144,0x4964,0x4144,0x4124,0x4144,0x4124,0x3923,0x4123,
0x4964,0x4143,0x3923,0x3924,0x4164,0x4144,0x4144,0x4144,0x4144,0x3923,0x3123,0x4123,
0x3923,0x4124,0x3923,0x3924,0x4144,0x3964,0x3965,0x41a6,0x51e6,0x49a5,0x3944,0x4164,
0x4144,0x4964,0x4164,0x4144,0x4964,0x3924,0x3923,0x4123,0x3944,0x3923,0x4124,0x4164,
0x4164,0x4144,0x4144,0x3924,0x4144,0x3923,0x3124,0x4123,0x3924,0x4123,0x3923,0x4144,
0x3944,0x3924,0x4165,0x41a5,0x49a5,0x4165,0x3944,0x4164,0x4144,0x4164,0x4164,0x4144,
0x4144,0x4144,0x4124,0x4124,0x4144,0x3923,0x3923,0x4144,0x4144,0x4124,0x4123,0x3944,
0x4123,0x3923,0x3103,0x4124,0x3923,0x3923,0x3923,0x4124,0x4144,0x3944,0x4165,0x41a6,
0x49a5,0x4965,0x3944,0x4164,0x4164,0x4964,0x4144,0x4944,0x4144,0x3924,0x4124,0x3923,
0x4123,0x3924,0x4124,0x3944,0x4144,0x3903,0x3924,0x3924,0x4144,0x4164,0x3103,0x4144,
0x3923,0x4124,0x3923,0x3923,0x3944,0x3944,0x4185,0x41a5,0x4985,0x4164,0x3944,0x4164,
0x4144,0x4144,0x4944,0x4944,0x4144,0x3944,0x4123,0x3923,0x4123,0x4164,0x4144,0x3944,
0x3944,0x3924,0x3923,0x4124,0x3923,0x4985,0x3103,0x4144,0x3923,0x3924,0x3924,0x3924,
0x3944,0x3944,0x3964,0x41a6,0x49a6,0x4185,0x3944,0x4185,0x3944,0x4164,0x4944,0x4144,
0x4164,0x3944,0x4164,0x3924,0x3944,0x3944,0x4964,0x3964,0x4144,0x4144,0x3924,0x3923,
0x3924,0x4144,0x3123,0x4144,0x3924,0x3124,0x3944,0x3124,0x3944,0x3964,0x4165,0x41a5,
0x62ca,0x5aca,0x5aeb,0x5aca,0x5289,0x5aa9,0x5aca,0x6b2b,0x62eb,0x5aca,0x630b,0x5aaa,
0x5aca,0x62eb,0x52aa,0x5aca,0x5aca,0x52a9,0x5aaa,0x5289,0x5aaa,0x5aaa,0x5aca,0x5a89,
0x62ca,0x62ea,0x5aca,0x52aa,0x5aa9,0x5268,0x5aaa,0x5269,0x52aa,0x4a69,0x4a69,0x738d,
0x5aca,0x4a49,0x4a69,0x5269,0x52aa,0x52aa,0x4a49,0x5aaa,0x52ca,0x528a,0x4a89,0x4a48,
0x5aeb,0x4a89,0x5acb,0x5289,0x5289,0x4a49,0x4a48,0x528a,0x4a49,0x5269,0x4a49,0x6b4c,
0x5269,0x4a69,0x5268,0x5aa9,0x5aaa,0x528a,0x62eb,0x4a48,0x5289,0x6b0c,0x4a49,0x52aa,
0x5aaa,0x4a69,0x4a69,0x528a,0x4a69,0x5289,0x528a,0x4a48,0x5289,0x4a69,0x5aaa,0x52aa,
0x5aaa,0x4228,0x4a69,0x52aa,0x4228,0x5acb,0x5aaa,0x4208,0x4228,0x5289,0x4a69,0x5289,
0x5aca,0x5269,0x5269,0x5289,0x5289,0x4a69,0x6b4c,0x5aeb,0x5aca,0x52ca,0x528a,0x4a69,
0x630b,0x736c,0x6b4c,0x4a68,0x7bae,0x736d,0x630b,0x5289,0x4a69,0x4248,0x4228,0x5aca,
0x6b4c,0x4228,0x52aa,0x630b,0x4a28,0x630b,0x4a48,0x62ca,0x62ea,0x528a,0x5aca,0x5aca,
0x4a68,0x6b2c,0x4a69,0x5269,0x52ca,0x4228,0x7bad,0x83ce,0x5aca,0x4208,0x2944,0x2964,
0x2965,0x3185,0x5269,0x6b4c,0x630b,0x5269,0x4208,0x4a49,0x4248,0x6b2c,0x4228,0x5289,
0x630b,0x4208,0x5289,0x52aa,0x62ca,0x4a69,0x528a,0x528a,0x630b,0x6b2c,0x4a49,0x5289,
0x62eb,0x7bae,0x4a28,0x31a6,0x62ca,0x5289,0x6b4c,0x736d,0x6b6d,0x5aca,0x5aca,0x5248,
0x39c6,0x630c,0x630b,0x4a49,0x4a49,0x6b4c,0x5269,0x4a48,0x52aa,0x4a48,0x4a28,0x630b,
0x5289,0x52aa,0x5acb,0x5aca,0x632c,0x4a48,0x528a,0x6b2c,0x736c,0x2945,0x5aa9,0x4a69,
0x4a49,0x4a69,0x4a69,0x7bae,0x4a49,0x5289,0x4a69,0x4a49,0x4a28,0x4a48,0x5269,0x6b4c,
0x528a,0x4a49,0x6b2c,0x5aca,0x52aa,0x5289,0x5289,0x62eb,0x5aaa,0x5289,0x6b4c,0x5289,
0x4a69,0x52aa,0x6b4c,0x6b2c,0x4207,0x5269,0x4a69,0x528a,0x4a49,0x4248,0x4a69,0x7bce,
0x4228,0x5289,0x4a49,0x5289,0x528a,0x4a49,0x62ea,0x4a28,0x62eb,0x4a68,0x4a48,0x5289,
0x4a49,0x4a49,0x4a48,0x6b0b,0x5aea,0x5aaa,0x5289,0x5289,0x5acb,0x4a69,0x6b4c,0x3185,
0x52aa,0x4a49,0x52aa,0x4a69,0x5289,0x840f,0x632c,0x632c,0x5269,0x738d,0x5aca,0x4a69,
0x4a69,0x52aa,0x5289,0x62ea,0x5aca,0x62eb,0x4a49,0x4a69,0x4a48,0x5aca,0x4a48,0x5aca,
0x5aa9,0x528a,0x4a69,0x4a49,0x4208,0x738d,0x31a6,0x5ac9,0x52aa,0x5aca,0x52ca,0x52aa,
0x7bae,0x31a5,0x5268,0x7bad,0x4228,0x4208,0x5aeb,0x5aeb,0x5acb,0x52aa,0x5acb,0x4a69,
0x4207,0x5aeb,0x4a48,0x4a49,0x4a69,0x4a49,0x4a48,0x5aca,0x62eb,0x4a49,0x5289,0x4a69,
0x5289,0x6b2c,0x5289,0x52aa,0x528a,0x52aa,0x528a,0x738d,0x39c6,0x4a89,0x4a69,0x7bae,
0x4208,0x528a,0x528a,0x6b2c,0x5269,0x5289,0x5acb,0x4a48,0x4a48,0x4a69,0x5aca,0x4a49,
0x4a49,0x5289,0x4a48,0x62eb,0x5aaa,0x4a49,0x5269,0x4a69,0x630b,0x4207,0x5268,0x5289,
0x4a69,0x5b0b,0x52aa,0x630b,0x528a,0x4a69,0x6b0b,0x6b4c,0x7bae,0x4228,0x528a,0x4a48,
0x6b2c,0x528a,0x4228,0x4a48,0x4a48,0x41e7,0x62eb,0x4a69,0x4a69,0x4a49,0x5269,0x5aca,
0x5aca,0x528a,0x4a69,0x4a69,0x6b2c,0x31a6,0x4a48,0x4a69,0x52aa,0x528a,0x6b0b,0x4a28,
0x4a69,0x4a69,0x738d,0x5aeb,0x5aeb,0x5268,0x4a49,0x4248,0x6b4c,0x4a69,0x4228,0x4a48,
0x4228,0x4a48,0x632c,0x4a48,0x4a69,0x4a49,0x5269,0x630b,0x5aaa,0x5289,0x5289,0x4a48,
0x630b,0x41e7,0x5268,0x4a49,0x4a48,0x52aa,0x5289,0x5289,0x4a69,0x4248,0x736d,0x5acb,
0x632c,0x41e7,0x5269,0x4228,0x630b,0x4a48,0x4a48,0x5269,0x5289,0x4a27,0x5aeb,0x41e7,
0x5aa9,0x5269,0x4a48,0x5aca,0x62eb,0x62eb,0x5aaa,0x4a69,0x73ae,0x4207,0x4a48,0x52aa,
0x528a,0x52aa,0x4a27,0x6b4c,0x4a69,0x52aa,0x39e7,0x6b2c,0x39c6,0x4a69,0x52aa,0x5289,
0x528a,0x5289,0x5acb,0x5289,0x5269,0x4a69,0x62eb,0x4a48,0x52aa,0x4a89,0x5aa9,0x5289,
0x630b,0x528a,0x630b,0x4a48,0x6b4c,0x41e6,0x4a49,0x4a49,0x4a69,0x4a49,0x5269,0x6b2c,
0x5aaa,0x5289,0x4a69,0x630c,0x4208,0x528a,0x4a48,0x736d,0x39c6,0x5289,0x4a69,0x4207,
0x4a69,0x5269,0x630b,0x4a48,0x4228,0x4248,0x5269,0x5269,0x5aca,0x5269,0x528a,0x4228,
0x6b4c,0x39c7,0x528a,0x4a49,0x4a69,0x4a69,0x4a69,0x4a48,0x6b2c,0x5aca,0x4a48,0x736c,
0x41e7,0x5269,0x738d,0x39e7,0x5289,0x4a89,0x528a,0x4a48,0x4207,0x4207,0x6b2c,0x4208,
0x4208,0x4207,0x5269,0x5289,0x5aaa,0x5289,0x4a69,0x4248,0x5acb,0x4a49,0x4a69,0x4a48,
0x52aa,0x4a89,0x4a69,0x4a69,0x4a48,0x4227,0x6b0b,0x6b4d,0x5289,0x5aa9,0x3165,0x52aa,
0x528a,0x528a,0x52aa,0x4228,0x4a69,0x31a6,0x630b,0x4207,0x4228,0x39e7,0x4a69,0x4a69,
0x5aaa,0x528a,0x4a49,0x4a69,0x5269,0x6b2c,0x4a48,0x4a49,0x528a,0x5289,0x5289,0x4a69,
0x4228,0x4a69,0x4a48,0x736d,0x4228,0x4a69,0x4a69,0x52aa,0x528a,0x528a,0x52aa,0x528a,
0x4a48,0x5aaa,0x5aaa,0x4208,0x4208,0x52a9,0x5269,0x5aa9,0x5aaa,0x52aa,0x5289,0x5289,
0x4228,0x6b2c,0x4a48,0x5aaa,0x52aa,0x4a49,0x52aa,0x4a49,0x5289,0x528a,0x39e7,0x6b4c,
0x4228,0x4a49,0x5289,0x4a69,0x52aa,0x4a69,0x4a49,0x5289,0x39c6,0x6b4c,0x4208,0x4a28,
0x4a48,0x4a48,0x5269,0x5269,0x5aaa,0x528a,0x5269,0x52aa,0x4a48,0x4a68,0x6b2c,0x39e7,
0x4a69,0x4a69,0x528a,0x5aca,0x4a69,0x5289,0x630b,0x5aaa,0x62eb,0x5aa9,0x528a,0x52aa,
0x4a69,0x5289,0x4a69,0x5289,0x6b4c,0x5269,0x4228,0x4a48,0x4a48,0x4a28,0x4a48,0x5269,
0x5aca,0x5289,0x528a,0x4a69,0x5aaa,0x4a48,0x5aaa,0x630b,0x4207,0x5269,0x5269,0x4a69,
0x4a69,0x4a69,0x62ea,0x39c6,0x632c,0x5269,0x4a69,0x4a49,0x4a49,0x4a49,0x5289,0x630b,
0x5aca,0x4a48,0x4248,0x4a48,0x4207,0x62ca,0x4a68,0x5aca,0x5289,0x52a9,0x6b2b,0x52aa,
0x5248,0x52a9,0x4a48,0x5289,0x6b4c,0x4207,0x5268,0x4a69,0x4a69,0x4a69,0x5aa9,0x41e7,
0x62eb,0x5289,0x4a69,0x4228,0x5289,0x4207,0x630b,0x630b,0x4a48,0x4a48,0x4228,0x52aa,
0x5aeb,0x4227,0x4a48,0x5aca,0x5aca,0x5289,0x5aaa,0x52a9,0x630b,0x5aca,0x4228,0x5289,
0x5269,0x736c,0x5aeb,0x4207,0x5268,0x5aca,0x5aaa,0x39c6,0x5acb,0x5268,0x62ea,0x5268,
0x4a28,0x736c,0x52aa,0x4a28,0x52aa,0x4a48,0x6b4c,0x5aeb,0x62eb,0x4a48,0x4a48,0x528a,
0x5aaa,0x5aaa,0x5aca,0x528a,0x52aa,0x5aca,0x4a49,0x4a49,0x4a69,0x4a69,0x5aaa,0x6b4c,
0x6b2c,0x5289,0x6b2c,0x39c7,0x6b4d,0x4a28,0x632c,0x6b2b,0x5289,0x4a28,0x4a69,0x4228,
0x4228,0x630c,0x4a48,0x5289,0x4a49,0x4a48,0x5289,0x5aa9,0x5aa9,0x5289,0x62eb,0x5289,
0x4a69,0x6b2c,0x4a49,0x4228,0x528a,0x4208,0x4a69,0x4a48,0x4a48,0x5aca,0x5aca,0x39e7,
0x630b,0x5aaa,0x4a28,0x4a48,0x4a48,0x5269,0x4a48,0x4208,0x4a48,0x5aa9,0x4228,0x4a48,
0x5aca,0x4228,0x4a69,0x5289,0x5aaa,0x52aa,0x4a28,0x4a69,0x5269,0x4207,0x6b2c,0x5aaa,
0x528a,0x4208,0x5269,0x5aca,0x4228,0x5289,0x4228,0x4207,0x528a,0x528a,0x5289,0x5aa9,
0x4228,0x4a48,0x39e7,0x632c,0x62eb,0x4a48,0x5289,0x5aeb,0x4228,0x5aca,0x4228,0x52a9,
0x52aa,0x5289,0x52a9,0x5289,0x4228,0x630b,0x4228,0x5289,0x4a68,0x5aca,0x528a,0x528a,
0x4207,0x4a28,0x4a69,0x4207,0x5acb,0x4a89,0x4a49,0x4a48,0x4a48,0x4a48,0x4a48,0x4a69,
0x4228,0x62eb,0x5aaa,0x4a49,0x4207,0x5aaa,0x4a48,0x5aaa,0x5aaa,0x4a49,0x5289,0x6b6d,
0x630b,0x4a69,0x5289,0x52aa,0x52aa,0x528a,0x4a48,0x528a,0x4208,0x4a69,0x4a69,0x4207,
0x5289,0x52aa,0x4a69,0x4228,0x4a48,0x4228,0x4207,0x39e7,0x4228,0x4a69,0x5aca,0x6b2c,
0x630b,0x4208,0x4a48,0x52a9,0x5aa9,0x5269,0x4a49,0x4a28,0x4a48,0x4a49,0x4a69,0x528a,
0x5aeb,0x5289,0x52aa,0x5289,0x528a,0x528a,0x52aa,0x4a48,0x4a69,0x52aa,0x52aa,0x4228,
0x4a69,0x52aa,0x5aa9,0x4228,0x4a49,0x4a48,0x5aaa,0x4a48,0x4a48,0x4a28,0x4a48,0x5269,
0x5aca,0x5289,0x5aaa,0x5268,0x5289,0x5289,0x4a69,0x5289,0x5269,0x5aca,0x4a28,0x4a69,
0x52a9,0x5289,0x5269,0x4a28,0x5269,0x5289,0x4a48,0x5289,0x5269,0x5269,0x4a69,0x52aa,
0x5289,0x4a69,0x5289,0x5288,0x5289,0x5289,0x5aa8,0x52aa,0x5aca,0x52aa,0x5aaa,0x5aca,
0x5aca,0x52aa,0x5a89,0x5289,0x5aaa,0x5289,0x5aaa,0x5aca,0x52aa,0x5aaa,0x62eb,0x62eb,
0x5aca,0x52aa,0x52aa,0x5289,0x52aa,0x62eb,0x52aa,0x52aa,0x5289,0x5289,0x5269,0x4a69,
0x52aa,0x52aa,0x5aab,0x5aa9,0x0000,0x0000,0x0000,0x0000,0x0000,0x0000,0x0000,0x0000,
0x0000,0x0000,0x0000,0x0000,0x0000,0x0000,0x0000,0x0000,0x0000,0x0000,0x0000,0x0000,
0x0000,0x0000,0x0000,0x0000,0x0000,0x0000,0x0000,0x0000,0x0000,0x0000,0x0000,0x0000,
0x0000,0x0000,0x0000,0x0000,0x0000,0x0000,0x0000,0x0000,0x0000,0x0000,0x0000,0x0000,
0x0000,0x0000,0x0000,0x9cd3,0x0000,0x0000,0x0000,0x0000,0x0000,0x0000,0x0000,0x0000,
0x0000,0x0000,0x0000,0x0000,0x0000,0x0000,0x0000,0x0000,0x0000,0x0000,0x0000,0x0000,
0x0000,0x0000,0x0000,0x0000,0x0000,0x0000,0x0000,0x0000,0x0000,0x0000,0x0000,0xad75,
0x0000,0x0000,0x0000,0x0000,0x0000,0x0000,0x0000,0x0000,0x0000,0x0000,0x0000,0x0000,
0x0000,0x0000,0x0000,0x0000,0x0000,0x0000,0x0000,0x0000,0x0000,0x0000,0x0000,0x0000,
0x0000,0x0000,0x0000,0x0000,0x0000,0x0000,0x0000,0xc5f7,0x0000,0x0000,0x0000,0x0000,
0x0000,0x0000,0x0000,0x0000,0x0000,0x0000,0x0000,0x0000,0x0000,0x0000,0x0000,0x0000,
0x0000,0x0000,0x0000,0x0000,0x0000,0x0000,0x0000,0x0000,0x0000,0x0000,0x0000,0x0000,
0x8410,0x0000,0x62eb,0x736c,0x632c,0x0000,0x9471,0x0000,0x0000,0x0000,0x0000,0x0000,
0x0000,0x0000,0x0000,0x0000,0x0000,0x0000,0x0000,0x0000,0x0000,0x0000,0x0000,0x0000,
0x0000,0x0000,0x0000,0x0000,0x0000,0x0000,0x0000,0x0000,0x0000,0x9492,0x8c30,0xad34,
0x9cd2,0x8c50,0x0000,0x0000,0x0000,0x0000,0x0000,0x0000,0x0000,0x0000,0x0000,0x0000,
0x0000,0x0000,0x0000,0x0000,0x0000,0x0000,0x0000,0x0000,0x0000,0x0000,0x0000,0x0000,
0x0000,0x8410,0x0000,0x9471,0x8c50,0x4207,0x3185,0x2924,0x39c6,0x4a28,0x83ef,0xad54,
0x0000,0x83ef,0x0000,0x0000,0x0000,0x0000,0x0000,0x0000,0x0000,0x0000,0x0000,0x0000,
0x0000,0x0000,0x0000,0x0000,0x0000,0x0000,0x0000,0x0000,0x9451,0xb575,0x3185,0x0000,
0x0000,0x0000,0x5aeb,0x9efa,0x63ad,0x0000,0x0000,0x0000,0x39a6,0x9cb2,0xad13,0x0000,
0x0000,0x0000,0x0000,0x0000,0x0000,0x0000,0x0000,0x0000,0x0000,0x0000,0x0000,0x0000,
0x0000,0x0000,0x0000,0x8410,0x3144,0x3165,0xa4f3,0x0000,0x0000,0x0000,0x0000,0x7bcf,
0x0000,0x0000,0x0000,0x0000,0x8c51,0x3185,0x20e3,0x9491,0x6b4c,0x0000,0x0000,0x0000,
0x0000,0x0000,0x0000,0x0000,0x0000,0x0000,0x0000,0x0000,0x9c92,0x0000,0xa514,0x3165,
0x39a6,0x0000,0x630b,0x630b,0x840f,0x0000,0x7bae,0x3aca,0x7bef,0x0000,0x8410,0x5248,
0x7bae,0x6b2c,0x7bce,0x3165,0xa513,0x0000,0x9492,0x0000,0x0000,0x0000,0x0000,0x0000,
0x0000,0x0000,0x0000,0x0000,0x0000,0x8c10,0x41e7,0x0000,0x0000,0x0000,0x7b8d,0x5aa9,
0x39a6,0x31a5,0x0000,0x3aca,0x0000,0x0000,0x4207,0x6b2c,0x736d,0x0000,0x0000,0x0000,
0x39a6,0x7bae,0x0000,0x0000,0x0000,0x0000,0x0000,0x0000,0x0000,0x0000,0x0000,0x0000,
0x0000,0xa4f3,0x3185,0x736d,0x734c,0x0000,0x0000,0x0000,0x0000,0x0000,0x3aea,0x53ce,
0x432b,0x0000,0x0000,0x0000,0x0000,0x0000,0x734d,0x7bcf,0x39a6,0xb555,0x0000,0x0000,
0x0000,0x0000,0x0000,0x0000,0x0000,0x0000,0x0000,0x0000,0x0000,0x5248,0x2945,0x5249,
0x0000,0x0000,0x0000,0x0000,0x0000,0x0000,0x32a9,0x640f,0xb6ba,0x0000,0x0000,0x0000,
0x0000,0x0000,0x0000,0x4a28,0x20e3,0x5269,0x0000,0x0000,0x0000,0x0000,0x0000,0x0000,
0x0000,0x0000,0x0000,0x0000,0x0000,0x4a28,0x5269,0x0000,0x0000,0x0000,0x0000,0x0000,
0x0000,0x2aa9,0x1144,0x336c,0xdf7d,0x2aca,0x0000,0x0000,0x0000,0x0000,0x0000,0x0000,
0x5269,0x5a8a,0x0000,0x0000,0x0000,0x0000,0x0000,0x0000,0x0000,0x0000,0x0000,0x0000,
0x4a48,0x9451,0x41c7,0x0000,0x0000,0x0000,0x0000,0x0000,0x0000,0x19c6,0x0000,0x334b,
0x2288,0x1965,0x0000,0x0000,0x0000,0x0000,0x0000,0x0000,0x4a48,0x6b0b,0x62eb,0x0000,
0x0000,0x0000,0x0000,0x0000,0x0000,0x0000,0x0000,0x0000,0x2104,0x7b6d,0x0000,0x0000,
0x0000,0x0000,0x0000,0x0000,0x0000,0x19c6,0x0000,0x2ac9,0x1124,0x2248,0x0000,0x0000,
0x0000,0x0000,0x0000,0x0000,0x0000,0x9471,0x20e3,0x0000,0x0000,0x0000,0x0000,0x0000,
0x0000,0x0000,0xa4f4,0xad75,0x630b,0x6b0c,0x630b,0x0000,0x0000,0x0000,0x0000,0x0000,
0x0000,0x22a9,0x0000,0x2ac9,0x0000,0x334b,0x0000,0x0000,0x0000,0x0000,0x0000,0x0000,
0x5aca,0x5aaa,0x5269,0xc638,0xb595,0x0000,0x0000,0x0000,0x0000,0x0000,0x0000,0x3985,
0x39c7,0x39a6,0x9cb2,0x0000,0x0000,0x0000,0x0000,0x0000,0x0000,0x2a68,0x19e6,0x1165,
0x1124,0x3288,0x0000,0x0000,0x0000,0x0000,0x0000,0x0000,0xa4f3,0x39a6,0x41c7,0x3165,
0x0000,0x0000,0x0000,0x0000,0x0000,0x0000,0x0000,0x0000,0x5269,0x5aaa,0x5aaa,0x9492,
0x9471,0x0000,0x0000,0x0000,0x0000,0x0000,0x3c2d,0x19a5,0x338b,0x0000,0x0000,0x0000,
0x0000,0x0000,0x0000,0x8c30,0x5aa9,0x5a89,0x5a8a,0x0000,0x0000,0x0000,0x0000,0x0000,
0x0000,0x0000,0x0000,0x0000,0x8c50,0x0000,0x3165,0x9cb2,0x5268,0x0000,0x0000,0x0000,
0x0000,0x0000,0x548f,0x2287,0x3bac,0x0000,0x0000,0x0000,0x0000,0x0000,0x5289,0xa4f3,
0x39a6,0x0000,0x8c50,0x0000,0x0000,0x0000,0x0000,0x0000,0x0000,0x0000,0x0000,0x0000,
0x0000,0x0000,0x0000,0x2903,0x9cb2,0x9471,0x83ef,0x0000,0x0000,0x0000,0x0000,0x54f1,
0x0000,0x0000,0x0000,0x0000,0x83ef,0x8c30,0xa4b2,0x3985,0x0000,0x0000,0x0000,0x0000,
0x0000,0x0000,0x0000,0x0000,0x0000,0x0000,0x0000,0x0000,0x0000,0x0000,0x0000,0x0000,
0x4a08,0x41c6,0xad54,0x0000,0x0000,0x0000,0x0000,0x0000,0x0000,0x0000,0x0000,0x0000,
0xbdb6,0x41e7,0x41c7,0x0000,0x0000,0x0000,0x0000,0x0000,0x0000,0x0000,0x0000,0x0000,
0x0000,0x0000,0x0000,0x0000,0x0000,0x0000,0x0000,0x0000,0x4207,0x3185,0x3165,0x5248,
0x9cd2,0x94b2,0x738e,0xad54,0x7bcf,0x9cb2,0x9c91,0x7b8d,0x3165,0x3185,0x41e7,0x0000,
0x0000,0x0000,0x0000,0x0000,0x0000,0x0000,0x0000,0x0000,0x0000,0x0000,0x0000,0x0000,
0x0000,0x0000,0x0000,0x0000,0x0000,0x0000,0x0000,0x41e6,0x3165,0x20c3,0x41c6,0x840f,
0x4207,0x20e3,0x3165,0x0000,0x0000,0x0000,0x0000,0x0000,0x0000,0x0000,0x0000,0x0000,
0x0000,0x0000,0x0000,0x0000,0x0000,0x0000,0x0000,0x0000,0x0000,0x0000,0x0000,0x0000,
0x0000,0x0000,0x0000,0x0000,0x630b,0x0000,0x2944,0x7bae,0x3165,0x0000,0x62eb,0x0000,
0x0000,0x0000,0x0000,0x0000,0x0000,0x0000,0x0000,0x0000,0x0000,0x0000,0x0000,0x0000,
0x0000,0x0000,0x0000,0x0000,0x0000,0x0000,0x0000,0x0000,0x0000,0x0000,0x0000,0x0000,
0x5269,0x0000,0x0000,0x736d,0x0000,0x0000,0x5aaa,0x0000,0x0000,0x0000,0x0000,0x0000,
0x0000,0x0000,0x0000,0x0000,0x0000,0x0000,0x0000,0x0000,0x0000,0x0000,0x0000,0x0000,
0x0000,0x0000,0x0000,0x0000,0x0000,0x0000,0x0000,0x0000,0x0000,0x0000,0x0000,0x83cf,
0x0000,0x0000,0x0000,0x0000,0x0000,0x0000,0x0000,0x0000,0x0000,0x0000,0x0000,0x0000,
0x0000,0x0000,0x0000,0x0000,0x0000,0x0000,0x0000,0x0000,0x0000,0x0000,0x0000,0x0000,
0x0000,0x0000,0x0000,0x0000,0x0000,0x0000,0x0000,0x8c30,0x0000,0x0000,0x0000,0x0000,
0x0000,0x0000,0x0000,0x0000,0x0000,0x0000,0x0000,0x0000,0x0000,0x0000,0x0000,0x0000,
0x0000,0x0000,0x0000,0x0000,0x0000,0x0000,0x0000,0x0000,0x0000,0x0000,0x0000,0x0000,
0x0000,0x0000,0x0000,0x83ef,0x0000,0x0000,0x0000,0x0000,0x0000,0x0000,0x0000,0x0000,
0x0000,0x0000,0x0000,0x0000,0x0000,0x0000,0x0000,0x0000,0x0000,0x0000,0x0000,0x0000,
0x0000,0x0000,0x0000,0x0000,0x0000,0x0000,0x0000,0x0000,0x0000,0x0000,0x0000,0x83ef,
0x0000,0x0000,0x0000,0x0000,0x0000,0x0000,0x0000,0x0000,0x0000,0x0000,0x0000,0x0000,
0x0000,0x0000,0x0000,0x0000,0x0000,0x0000,0x0000,0x0000,0x0000,0x0000,0x0000,0x0000,
0x0000,0x0000,0x0000,0x0000,0x0000,0x0000,0x0000,0x0000,0x0000,0x0000,0x0000,0x0000,
0x0000,0x0000,0x0000,0x0000,0x0000,0x0000,0x0000,0x0000,0x0000,0x0000,0x0000,0x0000,
0x0000,0x0000,0x0000,0x0000,0x0000,0x0000,0x0000,0x0000,0x0000,0x0000,0x0000,0x0000,
0x0000,0x0000,0x0000,0x0000,0x0000,0x0000,0x0000,0x0000,0x0000,0x0000,0x0000,0x0000,
0x0000,0x0000,0x0000,0x0000,0x0000,0x0000,0x0000,0x0000,0x0000,0x0000,0x0000,0x0000,
0x0000,0x0000,0x0000,0x0000,0x0000,0x0000,0x0000,0x0000,0x0000,0x0000,0x0000,0x0000,
0x0000,0x0000,0x0000,0x0000,0x0000,0x0000,0x0000,0x0000,0x0000,0x0000,0x0000,0x0000,
0x0000,0x0000,0x0000,0x0000,0x0000,0x738e,0x0000,0x0000,0x0000,0x0000,0x0000,0x0000,
0x0000,0x0000,0x0000,0x0000,0x0000,0x0000,0x0000,0x0000,0x0000,0x0000,0x0000,0x0000,
0x0000,0x0000,0x0000,0x0000,0x0000,0x0000,0x0000,0x0000,0x0000,0x6b4d,0x0000,0x0000,
0x0000,0x0000,0x6b6e,0x0000,0x0000,0x0000,0x0000,0x0000,0x0000,0x0000,0x0000,0x0000,
0x0000,0x0000,0x0000,0x0000,0x0000,0x0000,0x0000,0x0000,0x0000,0x0000,0x0000,0x0000,
0x0000,0x0000,0x0000,0x0000,0x6b2d,0x0000,0x0000,0x0000,0x0000,0x0000,0x5b0c,0x630d,
0x0000,0x0000,0x0000,0x0000,0x0000,0x0000,0x0000,0x0000,0x0000,0x0000,0x0000,0x0000,
0x0000,0x0000,0x0000,0x0000,0x0000,0x0000,0x0000,0x0000,0x0000,0x0000,0x0000,0x7baf,
0x630d,0x0000,0x0000,0x0000,0x0000,0x0000,0x0000,0x634e,0x7bcf,0x0000,0x0000,0x0000,
0x0000,0x0000,0x0000,0x0000,0x0000,0x0000,0x0000,0x0000,0x0000,0x0000,0x0000,0x0000,
0x0000,0x0000,0x0000,0x0000,0x0000,0x0000,0x7c10,0x738f,0x0000,0x0000,0x0000,0x0000,
0x0000,0x0000,0x0000,0x0000,0x8431,0xb596,0xa514,0x0000,0x0000,0x0000,0x0000,0x0000,
0x0000,0x0000,0x0000,0x0000,0x0000,0x0000,0x0000,0x0000,0x0000,0x0000,0x0000,0x0000,
0x9cd3,0xc618,0x8c72,0x0000,0x0000,0x0000,0x0000,0x0000,0x0000,0x0000,0x0000,0x0000,
0x0000,0xce79,0x8431,0x7bf0,0x0000,0x0000,0x0000,0x0000,0x0000,0x0000,0x0000,0x0000,
0x0000,0x0000,0x0000,0x0000,0x0000,0x0000,0x0000,0x8410,0x9492,0xef5d,0x0000,0x0000,
0x0000,0x0000,0x0000,0x0000,0x0000,0x0000,0x0000,0x0000,0x0000,0x0000,0xa535,0x5aec,
0x8c51,0x0000,0x0000,0x0000,0x0000,0x0000,0x0000,0x0000,0x0000,0x0000,0x0000,0x0000,
0x0000,0x0000,0x8c51,0x6b6e,0xad96,0x0000,0x0000,0x0000,0x0000,0x0000,0x0000,0x0000,
0x0000,0x0000,0x0000,0x0000,0x0000,0x0000,0x0000,0x6b6e,0x634d,0x94b3,0x0000,0x0000,
0x0000,0x0000,0x0000,0x0000,0x0000,0x0000,0x0000,0x0000,0x0000,0x9cd3,0x73af,0x8431,
0x0000,0x0000,0x0000,0x0000,0x0000,0x0000,0x0000,0x0000,0x0000,0x0000,0x0000,0x0000,
0x0000,0x632c,0x8431,0x0000,0x8451,0x8431,0xad75,0x0000,0x0000,0x0000,0x0000,0x0000,
0x0000,0x0000,0x0000,0x0000,0xbdd7,0x8c73,0x9493,0x0000,0x8410,0x5acc,0x0000,0x0000,
0x0000,0x0000,0x0000,0x0000,0x0000,0x0000,0x0000,0x0000,0x0000,0x0000,0x632d,0x6b6e,
0x4229,0xad55,0xef5d,0x4a29,0x0000,0x0000,0x0000,0x8c52,0x0000,0x0000,0x0000,0x4a49,
0xf79e,0xad55,0x52aa,0x73ae,0x73af,0x0000,0x0000,0x0000,0x0000,0x0000,0x0000,0x0000,
0x0000,0x0000,0x0000,0x0000,0x0000,0x0000,0x8431,0x5b0c,0x630c,0x62ec,0x39c6,0x5aaa,
0x0000,0x0000,0x0000,0x8c12,0x0000,0x0000,0x0000,0x528a,0x2945,0x738f,0x630c,0x5acb,
0x8c52,0x0000,0x0000,0x0000,0x0000,0x0000,0x0000,0x0000,0x0000,0x0000,0x0000,0x0000,
0x0000,0x0000,0x0000,0x5acc,0x632d,0x8c31,0x2123,0x4a49,0x0000,0x0000,0x0000,0x83d3,
0x49cc,0x0000,0x0000,0x4a49,0x39a6,0xa535,0x6b4e,0x632d,0x0000,0x0000,0x0000,0x0000,
0x0000,0x0000,0x0000,0x0000,0x0000,0x0000,0x0000,0x0000,0x0000,0x0000,0x0000,0x0000,
0x6b4d,0xad35,0x31a6,0x0000,0x0000,0x0000,0x51ef,0x8bd3,0xac59,0x0000,0x0000,0x0000,
0x3166,0xa4f4,0x7baf,0x0000,0x0000,0x0000,0x0000,0x0000,0x0000,0x0000,0x0000,0x0000,
0x0000,0x0000,0x0000,0x0000,0x4208,0x7bf0,0xad76,0x0000,0x0000,0x52ab,0x6b4d,0x0000,
0x0000,0x0000,0x518f,0x72d2,0xce1a,0x0000,0x0000,0x0000,0x6b2d,0x5acb,0x0000,0x0000,
0xa535,0x7bcf,0x3186,0x0000,0x0000,0x0000,0x0000,0x0000,0x0000,0x0000,0x0000,0x0000,
0x0000,0x5acc,0x3186,0x8c51,0xad55,0x0000,0x73af,0x0000,0x0000,0x41ea,0x59b0,0x9bd8,
0xcdba,0x0000,0x0000,0x0000,0x6b4e,0x0000,0xb596,0x8c10,0x2924,0x5acc,0x0000,0x0000,
0x0000,0x0000,0x0000,0x0000,0x0000,0x0000,0x0000,0x0000,0x0000,0x0000,0x6b6e,0x630c,
0x4a6a,0x0000,0x7bf0,0x0000,0x0000,0x732f,0x1885,0xac5a,0x0000,0x8c53,0x0000,0x0000,
0xa4f4,0x0000,0x4a69,0x5aec,0x0000,0x0000,0x0000,0x0000,0x0000,0x0000,0x0000,0x0000,
0x0000,0x0000,0x0000,0x0000,0x0000,0x0000,0x0000,0x632d,0x5aec,0x0000,0x9cd3,0x0000,
0x0000,0x49eb,0x41ac,0x61d2,0x3166,0x49ea,0x0000,0x0000,0x9cd3,0x0000,0x5aec,0x8410,
0x0000,0x0000,0x0000,0x0000,0x0000,0x0000,0x0000,0x0000,0x0000,0x0000,0x0000,0x0000,
0x0000,0x0000,0x0000,0x0000,0x8411,0x0000,0x5aab,0x6b4e,0x0000,0x0000,0x9337,0x498d,
0x8c31,0x0000,0x0000,0x6b2d,0x5acb,0x0000,0x7bd0,0x0000,0x0000,0x0000,0x0000,0x0000,
0x0000,0x0000,0x0000,0x0000,0x0000,0x0000,0x0000,0x0000,0x0000,0x0000,0x0000,0x0000,
0x8411,0x0000,0x0000,0x8c31,0x0000,0x0000,0x51ed,0x8bb3,0x6b2e,0x0000,0x0000,0x738f,
0x0000,0x0000,0x8c72,0x0000,0x0000,0x0000,0x0000,0x0000,0x0000,0x0000,0x0000,0x0000,
0x0000,0x0000,0x0000,0x0000,0x0000,0x0000,0x0000,0x0000,0x5aec,0x8411,0x0000,0x4208,
0x8c52,0x0000,0x5a8c,0x83d1,0x734f,0x0000,0x9492,0x4229,0x0000,0x7bcf,0x630d,0x0000,
0x0000,0x0000,0x0000,0x0000,0x0000,0x0000,0x0000,0x0000,0x0000,0x0000,0x0000,0x0000,
0x0000,0x0000,0x0000,0x0000,0x0000,0x52ab,0x73af,0x0000,0x5aec,0x0000,0x62ec,0x7bf0,
0x528b,0x0000,0x630d,0x0000,0x7bcf,0x528a,0x0000,0x0000,0x0000,0x0000,0x0000,0x0000,
0x0000,0x0000,0x0000,0x0000,0x0000,0x0000,0x0000,0x0000,0x0000,0x0000,0x0000,0x0000,
0x0000,0x0000,0x0000,0x8c52,0x0000,0x738e,0x0000,0x9493,0x0000,0x736e,0x0000,0x83f0,
0x0000,0x0000,0x0000,0x0000,0x0000,0x0000,0x0000,0x0000,0x0000,0x0000,0x0000,0x0000,
0x0000,0x0000,0x0000,0x0000,0x0000,0x0000,0x0000,0x0000,0x0000,0x0000,0x0000,0x0000,
0x738e,0x0000,0x0000,0x9492,0x0000,0x0000,0x7bcf,0x0000,0x0000,0x0000,0x0000,0x0000,
0x0000,0x0000,0x0000,0x0000,0x0000,0x0000,0x0000,0x0000,0x0000,0x0000,0x0000,0x0000,
0x0000,0x0000,0x0000,0x0000,0x0000,0x0000,0x0000,0x0000,0x0000,0x632d,0x0000,0xa514,
0x0000,0x62ec,0x0000,0x0000,0x0000,0x0000,0x0000,0x0000,0x0000,0x0000,0x0000,0x0000,
0x0000,0x0000,0x0000,0x0000,0x0000,0x0000,0x0000,0x0000,0x0000,0x0000,0x0000,0x0000,
0x0000,0x0000,0x0000,0x0000,0x0000,0x0000,0x0000,0x4a08,0x0000,0x0000,0x0000,0x0000,
0x0000,0x0000,0x0000,0x0000,0x0000,0x0000,0x0000,0x0000,0x0000,0x0000,0x0000,0x0000,
0x0000,0x0000,0x0000,0x0000,0x0000,0x0000,0x0000,0x0000,0x0000,0x0000,0x0000,0x0000,
0x0000,0x0000,0x0000,0x7bcf,0x0000,0x0000,0x0000,0x0000,0x0000,0x0000,0x0000,0x0000,
0x0000,0x0000,0x0000,0x0000,0x0000,0x0000,0x0000,0x0000,0x0000,0x0000,0x0000,0x0000,
0x0000,0x0000,0x0000,0x0000,0x0000,0x0000,0x0000,0x0000,0x0000,0x0000,0x0000,0x8410,
0x0000,0x0000,0x0000,0x0000,0x0000,0x0000,0x0000,0x0000,0x0000,0x0000,0x0000,0x0000,
0x0000,0x0000,0x0000,0x0000,0x0000,0x0000,0x0000,0x0000,0x0000,0x0000,0x0000,0x0000,
0x0000,0x0000,0x0000,0x0000,0x0000,0x0000,0x0000,0x8431,0x0000,0x0000,0x0000,0x0000,
0x0000,0x0000,0x0000,0x0000,0x0000,0x0000,0x0000,0x0000,0x0000,0x0000,0x0000,0x0000,
0x0000,0x0000,0x0000,0x0000,0x0000,0x0000,0x0000,0x0000,0x0000,0x0000,0x0000,0x0000,
0x0000,0x0000,0x0000,0x8c51,0x0000,0x0000,0x0000,0x0000,0x0000,0x0000,0x0000,0x0000,
0x0000,0x0000,0x0000,0x0000,0x0000,0x0000,0x0000,0x0000,0x0000,0x0000,0x0000,0x0000,
0x0000,0x0000,0x0000,0x0000,0x0000,0x0000,0x0000,0x0000,0x0000,0x0000,0x0000,0x0000,
0x0000,0x0000,0x0000,0x0000,0x0000,0x0000,0x0000,0x0000,0x0000,0x0000,0x0000,0x0000,
0x0000,0x0000,0x0000,0x0000,0x0000,0x0000,0x0000,0x0000,0x0000,0x0000,0x0000,0x0000,
0x0000,0x0000,0x0000,0x0000,0x0000,0x0000,0x0000,0x0000,0x0000,0x0000,0x0000,0x0000,
0x0000,0x0000,0x0000,0x0000,0x0000,0x0000,0x0000,0x0000,0x0000,0x0000,0x0000,0x0000,
0x0000,0x0000,0x0000,0x0000,0x0000,0x0000,0x0000,0x0000,0x0000,0x0000,0x0000,0x0000,
0x0000,0x0000,0x0000,0x0000,0x0000,0x0000,0x0000,0x0000,0x0000,0x0000,0x0000,0x0000,
0x0000,0x0000,0x0000,0x0000,0x0000,0x0000,0x0000,0x0000,0x0000,0x0000,0x0000,0x0000,
0x0000,0x0000,0x0000,0x0000,0x0000,0x0000,0x0000,0x0000,0x0000,0x0000,0x0000,0x9a8b,
0x0000,0x0000,0x0000,0x0000,0x0000,0x0000,0x0000,0x0000,0x0000,0x0000,0x0000,0x0000,
0x0000,0x0000,0x0000,0x0000,0x0000,0x0000,0x0000,0x0000,0x0000,0x0000,0x0000,0x0000,
0x0000,0x0000,0x0000,0x0000,0x0000,0x0000,0x0000,0xab0d,0x0000,0x0000,0x0000,0x0000,
0x0000,0x0000,0x0000,0x0000,0x0000,0x0000,0x0000,0x0000,0x0000,0x0000,0x0000,0x0000,
0x0000,0x0000,0x0000,0x0000,0x0000,0x0000,0x0000,0x0000,0x0000,0x0000,0x0000,0x0000,
0x0000,0x0000,0x0000,0x9aab,0x0000,0x0000,0x0000,0x0000,0x0000,0x0000,0x0000,0x0000,
0x0000,0x0000,0x0000,0x0000,0x0000,0x0000,0x0000,0x0000,0x0000,0x0000,0x0000,0x0000,
0x0000,0x0000,0x0000,0x0000,0x0000,0x0000,0x0000,0x0000,0x0000,0x0000,0x48e3,0x8a8b,
0x6145,0x0000,0x7186,0x0000,0x0000,0x0000,0x0000,0x0000,0x0000,0x0000,0x0000,0x0000,
0x0000,0x0000,0x0000,0x0000,0x0000,0x0000,0x0000,0x0000,0x0000,0x0000,0x0000,0x0000,
0x8a6a,0x0000,0x71a7,0x6986,0x5945,0x3082,0x6966,0x5105,0x79e8,0x50c3,0x71c8,0x6186,
0x0000,0x8228,0x0000,0x0000,0x0000,0x71a7,0x0000,0x0000,0x0000,0x0000,0x0000,0x0000,
0x0000,0x0000,0x0000,0x0000,0x0000,0x0000,0x0000,0x0000,0x38a2,0x8209,0xa2ec,0x6105,
0x3082,0x79a7,0x5904,0x5125,0x8269,0xbb6e,0x3061,0x8249,0x40c3,0x8249,0x0000,0x0000,
0x8a29,0x0000,0x0000,0x0000,0x0000,0x0000,0x0000,0x0000,0x0000,0x0000,0x0000,0x0000,
0x0000,0x0000,0x0000,0x0000,0x6146,0x48c3,0x2020,0x0000,0x2882,0x2882,0x2861,0x6986,
0x2062,0x2061,0x2882,0x40e3,0x40c3,0x8249,0x4904,0x7a8a,0x3841,0x0000,0x0000,0x0000,
0x0000,0x0000,0x0000,0x0000,0x0000,0x0000,0x0000,0x0000,0x0000,0x0000,0x0000,0x79e8,
0x4041,0x2861,0x0000,0x40a2,0x0000,0x28c2,0x0000,0x79e8,0x0000,0x2903,0x0000,0x28e3,
0x3082,0x3082,0x4104,0x9a09,0x0000,0x0000,0x0000,0x0000,0x0000,0x0000,0x0000,0x0000,
0x0000,0x0000,0x0000,0x9acb,0x0000,0x0000,0x40c3,0x7987,0x2882,0x0000,0x0000,0x2124,
0x4228,0x0000,0x0000,0x0000,0x39a6,0x9cf3,0x5269,0x3986,0x0000,0x2882,0x2041,0x69a7,
0x71c7,0x0000,0x0000,0x0000,0x0000,0x0000,0x0000,0x0000,0x0000,0x0000,0x0000,0x3041,
0x71a7,0x6125,0x7987,0x3061,0x0000,0x2944,0x4a28,0x0000,0x2965,0x5acb,0x83ef,0x6b2c,
0xa513,0xa491,0x738e,0x0000,0x3186,0x30c3,0x30a2,0x0000,0x9aab,0x3882,0x0000,0x0000,
0x0000,0x0000,0x0000,0x0000,0x0000,0x0000,0x0000,0x0000,0x2882,0x8209,0x2820,0x0000,
0x0000,0x41e7,0x0000,0x2104,0x738e,0x0000,0x0000,0x0000,0x0000,0x0000,0x8bcf,0x4a48,
0x4903,0x3186,0x2882,0x2041,0x9a29,0x69a7,0x0000,0x0000,0x7a28,0x0000,0x0000,0x0000,
0x0000,0x0000,0x0000,0x0000,0x6986,0x5945,0x2041,0x0000,0x0000,0x4186,0x0000,0x6b2c,
0x0000,0x0000,0x3144,0x0000,0x0000,0x0000,0x0000,0x7b8e,0x39e7,0x2924,0x38e3,0x0000,
0x30a2,0x3882,0x81c8,0x5104,0x0000,0x0000,0x0000,0x0000,0x0000,0x0000,0x0000,0x0000,
0x2862,0x71c7,0x81c7,0x0000,0x0000,0x0000,0x4a28,0x0000,0x2945,0x5248,0x39a6,0x49a6,
0x3144,0x0000,0x0000,0x0000,0x5289,0x0000,0x30e3,0x28a2,0x48c3,0xab4e,0x2041,0x0000,
0x0000,0x0000,0x0000,0x0000,0x0000,0x0000,0x0000,0x3082,0x0000,0x3861,0x0000,0x3082,
0x3104,0x0000,0x5228,0x0000,0x5a69,0x5248,0x0000,0x0000,0x0000,0x39a6,0x3165,0x0000,
0x62eb,0x20c3,0x40e4,0x8249,0xa26a,0x4882,0x2861,0x0000,0x0000,0x0000,0x0000,0x0000,
0x0000,0x0000,0x0000,0x0000,0x4904,0x5925,0x30a2,0x0000,0x4985,0x0000,0x5aaa,0x3186,
0x9430,0x5a69,0x2041,0x0000,0x50a2,0x3965,0x3165,0x20c3,0x5a28,0x0000,0x0000,0x2082,
0x2020,0x7186,0x60e4,0x0000,0x0000,0x0000,0x0000,0x0000,0x0000,0x0000,0x0000,0x0000,
0x40a2,0x60e4,0x0000,0x69c7,0x0000,0x0000,0x4a07,0x39a6,0x732c,0x9cb2,0x2041,0x2041,
0x8945,0x49e7,0x4a08,0x20e3,0x41e7,0x0000,0x20e3,0x2061,0x0000,0x50a3,0x3082,0x38a2,
0x0000,0x0000,0x0000,0x0000,0x0000,0x0000,0x0000,0x6166,0x2020,0x8229,0x0000,0x0000,
0x6186,0x0000,0x4186,0x39a6,0x9451,0xa492,0x83ae,0x48c3,0x5a08,0x62eb,0x4a28,0x0000,
0x41c7,0x0000,0x28e3,0x0000,0x38a2,0x0000,0x5925,0x0000,0x0000,0x0000,0x0000,0x0000,
0x0000,0x0000,0x0000,0x0000,0x3082,0x60a3,0x0000,0x0000,0x0000,0x0000,0x0000,0x62cb,
0x5aaa,0x9cb2,0xcdb5,0x9c92,0x7b8d,0x5269,0x31a6,0x4a28,0x0000,0x0000,0x28c3,0x0000,
0x48e3,0x2841,0x71a6,0x0000,0x0000,0x0000,0x0000,0x0000,0x0000,0x0000,0x0000,0x0000,
0x0000,0x7187,0x3882,0x0000,0x0000,0x3145,0x0000,0x5104,0x736d,0x4a28,0x94b3,0x8c51,
0x5aeb,0x39c7,0x4a28,0x2104,0x38c3,0x0000,0x0000,0x0000,0x89e8,0x6945,0x0000,0x7987,
0x0000,0x0000,0x0000,0x0000,0x0000,0x0000,0x0000,0x0000,0x6986,0x40a3,0x6125,0x6145,
0x2082,0x2061,0x81c8,0x2041,0x0000,0x49e7,0x62aa,0x41c7,0x5acb,0x4a28,0x20e3,0x0000,
0x0000,0x7a09,0x38a2,0x40c3,0x9acc,0x2020,0x0000,0x0000,0x6966,0x0000,0x0000,0x0000,
0x0000,0x0000,0x0000,0x0000,0x0000,0x0000,0x38a2,0x4945,0x71c8,0x9a6a,0x2041,0x0000,
0x0000,0x0000,0x0000,0x0000,0x0000,0x30c3,0x20a2,0x2924,0x0000,0x0000,0x4945,0x8987,
0x3041,0x2862,0x0000,0x0000,0x0000,0x0000,0x0000,0x0000,0x0000,0x0000,0x0000,0x0000,
0x0000,0x0000,0x69c7,0x7165,0x2020,0x0000,0xa34e,0x3062,0x0000,0x0000,0x20c3,0x2103,
0x0000,0x0000,0x0000,0x0000,0x40a3,0x28a2,0x7105,0x48a3,0x2861,0x0000,0x0000,0x0000,
0x0000,0x0000,0x0000,0x0000,0x0000,0x0000,0x0000,0x0000,0x0000,0x92cc,0x0000,0x2861,
0x0000,0x2061,0x3841,0x8a4a,0x6946,0x0000,0x0000,0x0000,0x7a69,0x2061,0x5924,0x69c7,
0x2861,0x89c8,0x2840,0x0000,0x6125,0x0000,0x0000,0x0000,0x0000,0x0000,0x0000,0x0000,
0x0000,0x0000,0x0000,0x0000,0x5124,0x0000,0x0000,0x0000,0x38a2,0x2861,0x2862,0x0000,
0x5104,0x9aab,0x7966,0x50a3,0x8166,0x69e8,0x0000,0x3882,0x3061,0x0000,0x2841,0x3062,
0x71c7,0x0000,0x0000,0x0000,0x0000,0x0000,0x0000,0x0000,0x0000,0x0000,0x0000,0x0000,
0x0000,0x0000,0x0000,0x0000,0x0000,0x3082,0x3082,0x2061,0x2041,0x0000,0x2020,0x3041,
0x3061,0x3082,0x2041,0x0000,0x2861,0x2862,0x0000,0x0000,0x3061,0x7987,0x0000,0x0000,
0x0000,0x0000,0x0000,0x0000,0x0000,0x0000,0x0000,0x0000,0x0000,0x0000,0x0000,0x0000,
0x0000,0x71c7,0x0000,0x0000,0x0000,0x2882,0x2061,0x40e4,0x40a2,0x2061,0x2861,0x0000,
0x0000,0x0000,0x0000,0x0000,0x0000,0x0000,0x81e8,0x0000,0x0000,0x0000,0x0000,0x0000,
0x0000,0x0000,0x0000,0x0000,0x0000,0x0000,0x0000,0x0000,0x0000,0x0000,0x0000,0x0000,
0x0000,0x0000,0x0000,0x5925,0x0000,0x0000,0x0000,0x0000,0x0000,0x0000,0x0000,0x0000,
0x0000,0x0000,0x0000,0x0000,0x0000,0x0000,0x0000,0x0000,0x0000,0x0000,0x0000,0x0000,
0x0000,0x0000,0x0000,0x0000,0x0000,0x0000,0x0000,0x0000,0x0000,0x0000,0x0000,0x6166,
0x0000,0x0000,0x0000,0x0000,0x0000,0x0000,0x0000,0x0000,0x0000,0x0000,0x0000,0x0000,
0x0000,0x0000,0x0000,0x0000,0x0000,0x0000,0x0000,0x0000,0x0000,0x0000,0x0000,0x0000,
0x0000,0x0000,0x0000,0x0000,0x0000,0x0000,0x0000,0x71a7,0x0000,0x0000,0x0000,0x0000,
0x0000,0x0000,0x0000,0x0000,0x0000,0x0000,0x0000,0x0000,0x0000,0x0000,0x0000,0x0000,
0x0000,0x0000,0x0000,0x0000,0x0000,0x0000,0x0000,0x0000,0x0000,0x0000,0x0000,0x0000,
0x0000,0x0000,0x0000,0x0000,0x0000,0x0000,0x0000,0x0000,0x0000,0x0000,0x0000,0x0000,
0x0000,0x0000,0x0000,0x0000,0x0000,0x0000,0x0000,0x0000,0x0000,0x0000,0x0000,0x0000,
0x0000,0x0000,0x0000,0x0000,0x0000,0x0000,0x0000,0x0000,0x0000,0x0000,0x0000,0x0000,
0x0000,0x0000,0x0000,0x0000,0x0000,0x0000,0x0000,0x0000,0x0000,0x0000,0x0000,0x0000,
0x0000,0x0000,0x0000,0x0000,0x0000,0x0000,0x0000,0x0000,0x0000,0x0000,0x0000,0x0000,
0x0000,0x0000,0x0000,0x0000,0x0000,0x0000,0x0000,0x0000,0x0000,0x0000,0x0000,0x0000,
0x0000,0x0000,0x0000,0x0000,0x0000,0x0000,0x0000,0x0000,0x0000,0x0000,0x0000,0x0000,
0x0000,0x0000,0x0000,0x0000,0x0000,0x0000,0x0000,0x0000,0x0000,0x0000,0x0000,0x0000,
0x0000,0x0000,0x0000,0x4a49,0x0000,0x0000,0x0000,0x0000,0x0000,0x0000,0x0000,0x0000,
0x0000,0x0000,0x0000,0x0000,0x0000,0x0000,0x0000,0x0000,0x0000,0x0000,0x0000,0x0000,
0x0000,0x0000,0x0000,0x0000,0x0000,0x0000,0x0000,0x0000,0x0000,0x0000,0x3186,0x5aec,
0x73cf,0x0000,0x0000,0x0000,0x0000,0x0000,0x0000,0x0000,0x0000,0x0000,0x0000,0x0000,
0x0000,0x0000,0x0000,0x0000,0x0000,0x0000,0x0000,0x0000,0x0000,0x0000,0x0000,0x0000,
0x0000,0x0000,0x0000,0x0000,0x0000,0x0000,0x0000,0x528a,0x6b4d,0x0000,0x0000,0x0000,
0x0000,0x0000,0x0000,0x0000,0x0000,0x0000,0x0000,0x0000,0x0000,0x0000,0x0000,0x0000,
0x0000,0x0000,0x0000,0x0000,0x0000,0x0000,0x0000,0x0000,0x0000,0x0000,0x0000,0x0000,
0x0000,0x2125,0x0000,0x4228,0x630c,0x5aec,0x0000,0x0000,0x0000,0x0000,0x0000,0x0000,
0x0000,0x0000,0x0000,0x0000,0x0000,0x0000,0x0000,0x0000,0x0000,0x0000,0x0000,0x0000,
0x0000,0x0000,0x0000,0x0000,0x0000,0x0000,0x0000,0x0000,0x0000,0x0000,0x0000,0x4a28,
0x5aec,0x0000,0x0000,0x0000,0x0000,0x0000,0x0000,0x0000,0x0000,0x0000,0x0000,0x0000,
0x0000,0x0000,0x0000,0x0000,0x0000,0x0000,0x0000,0x0000,0x0000,0x0000,0x0000,0x0000,
0x0000,0x0000,0x0000,0x0000,0x31c7,0x2125,0x0000,0x4a69,0x5b0c,0x4229,0x0000,0x4229,
0x0000,0x0000,0x0000,0x0000,0x0000,0x0000,0x0000,0x0000,0x0000,0x0000,0x0000,0x0000,
0x0000,0x0000,0x0000,0x0000,0x0000,0x0000,0x0000,0x0000,0x0000,0x0000,0x0000,0x0000,
0x2125,0x1104,0x0000,0x4228,0x632d,0x3186,0x0000,0x0000,0x52aa,0x0000,0x0000,0x0000,
0x0000,0x0000,0x0000,0x0000,0x0000,0x0000,0x0000,0x0000,0x0000,0x0000,0x0000,0x0000,
0x0000,0x0000,0x0000,0x0000,0x0000,0x0000,0x0000,0x29a7,0x0000,0x3b0b,0x0000,0x2965,
0x0000,0x2125,0x4229,0x39c7,0x0000,0x0000,0x0000,0x0000,0x0000,0x0000,0x0000,0x0000,
0x0000,0x0000,0x0000,0x0000,0x0000,0x0000,0x0000,0x0000,0x0000,0x0000,0x0000,0x0000,
0x0000,0x0000,0x0000,0x3187,0x0000,0x3b2c,0x1904,0x52aa,0x0000,0x2145,0x2965,0x4249,
0x5acb,0x0000,0x0000,0x0000,0x0000,0x0000,0x0000,0x0000,0x0000,0x0000,0x0000,0x0000,
0x0000,0x0000,0x0000,0x0000,0x0000,0x0000,0x0000,0x0000,0x39e8,0x0000,0x2145,0x0000,
0x0000,0x2a69,0x1945,0x4228,0x4a6a,0x2145,0x0000,0x4a6a,0x632d,0x0000,0x0000,0x0000,
0x0000,0x0000,0x0000,0x0000,0x0000,0x0000,0x0000,0x0000,0x0000,0x0000,0x0000,0x0000,
0x0000,0x0000,0x0000,0x0000,0x2125,0x0000,0x2986,0x0000,0x1125,0x4bef,0x0000,0x4249,
0x632d,0x3a08,0x4aab,0x0000,0x0000,0x0000,0x0000,0x0000,0x0000,0x0000,0x0000,0x0000,
0x0000,0x0000,0x0000,0x0000,0x0000,0x0000,0x0000,0x0000,0x0000,0x0000,0x0000,0x0000,
0x0000,0x3a08,0x2104,0x0000,0x0000,0x3b2c,0x0000,0x39e8,0x528b,0x3a08,0x0000,0x2965,
0x632d,0x4a6a,0x0000,0x632d,0x0000,0x0000,0x0000,0x0000,0x0000,0x0000,0x0000,0x0000,
0x0000,0x0000,0x0000,0x0000,0x0000,0x0000,0x0000,0x0000,0x0000,0x31a7,0x0000,0x0000,
0x1965,0x1a07,0x0000,0x5acb,0x0000,0x0000,0x3186,0x4a6a,0x39e8,0x52ab,0x0000,0x0000,
0x0000,0x0000,0x0000,0x0000,0x0000,0x0000,0x0000,0x0000,0x0000,0x0000,0x0000,0x0000,
0x0000,0x0000,0x31c7,0x0000,0x52ab,0x31a7,0x0000,0x0000,0x0000,0x5c51,0x2aeb,0x1a07,
0x0000,0x4a49,0x39e8,0x2945,0x4249,0x4229,0x0000,0x0000,0x0000,0x0000,0x0000,0x0000,
0x0000,0x0000,0x0000,0x0000,0x0000,0x0000,0x0000,0x0000,0x0000,0x0000,0x2966,0x0000,
0x2966,0x3187,0x2966,0x0000,0x1904,0x11c6,0x0000,0x39e8,0x2104,0x0000,0x5aec,0x31c7,
0x39c7,0x39c7,0x31a6,0x0000,0x0000,0x0000,0x0000,0x0000,0x0000,0x0000,0x0000,0x0000,
0x0000,0x0000,0x0000,0x0000,0x0000,0x0000,0x2125,0x2966,0x0000,0x0000,0x2986,0x0000,
0x0000,0x0000,0x0000,0x0000,0x0000,0x0000,0x21e7,0x0000,0x39e8,0x4a6a,0x4249,0x4a8a,
0x0000,0x0000,0x0000,0x0000,0x0000,0x0000,0x0000,0x0000,0x0000,0x0000,0x0000,0x0000,
0x0000,0x0000,0x2945,0x0000,0x0000,0x0000,0x0000,0x3a08,0x0000,0x0000,0x0000,0x2104,
0x0000,0x0000,0x5cd2,0x3bef,0x0000,0x0000,0x632d,0x5b0d,0x0000,0x0000,0x0000,0x0000,
0x0000,0x0000,0x0000,0x0000,0x0000,0x0000,0x0000,0x0000,0x0000,0x0000,0x0000,0x0000,
0x31a7,0x2104,0x0000,0x0000,0x1904,0x0000,0x0000,0x2125,0x0000,0x0000,0x21c6,0x1a08,
0x0000,0x0000,0x0000,0x4a6a,0x0000,0x0000,0x0000,0x0000,0x0000,0x0000,0x0000,0x0000,
0x0000,0x0000,0x0000,0x0000,0x0000,0x0000,0x0000,0x0000,0x0000,0x31a7,0x0000,0x0000,
0x0000,0x3a09,0x0000,0x0000,0x0000,0x0000,0x2b0c,0x0000,0x0000,0x0000,0x0000,0x0000,
0x0000,0x0000,0x0000,0x0000,0x0000,0x0000,0x0000,0x0000,0x0000,0x0000,0x0000,0x0000,
0x0000,0x0000,0x0000,0x0000,0x0000,0x0000,0x18e4,0x0000,0x0000,0x0000,0x2125,0x0000,
0x2104,0x2a28,0x32cb,0x0000,0x0000,0x0000,0x2966,0x0000,0x0000,0x0000,0x0000,0x0000,
0x0000,0x0000,0x0000,0x0000,0x0000,0x0000,0x0000,0x0000,0x0000,0x0000,0x0000,0x0000,
0x0000,0x0000,0x0000,0x2104,0x0000,0x0000,0x0000,0x2124,0x0000,0x54f2,0x19c7,0x0000,
0x2104,0x2104,0x0000,0x0000,0x0000,0x0000,0x0000,0x0000,0x0000,0x0000,0x0000,0x0000,
0x0000,0x0000,0x0000,0x0000,0x0000,0x0000,0x0000,0x0000,0x0000,0x0000,0x0000,0x0000,
0x0000,0x0000,0x0000,0x2945,0x0000,0x19c6,0x0000,0x0000,0x2945,0x0000,0x4a49,0x0000,
0x0000,0x0000,0x0000,0x0000,0x0000,0x0000,0x0000,0x0000,0x0000,0x0000,0x0000,0x0000,
0x0000,0x0000,0x0000,0x0000,0x0000,0x0000,0x0000,0x3187,0x0000,0x0000,0x0000,0x2966,
0x19a6,0x3b6d,0x54f3,0x0000,0x2966,0x0000,0x0000,0x0000,0x0000,0x0000,0x0000,0x0000,
0x0000,0x0000,0x0000,0x0000,0x0000,0x0000,0x0000,0x0000,0x0000,0x0000,0x0000,0x0000,
0x0000,0x0000,0x0000,0x0000,0x2104,0x0000,0x0000,0x2966,0x0000,0x336d,0x0000,0x0000,
0x0000,0x0000,0x0000,0x0000,0x0000,0x0000,0x0000,0x0000,0x0000,0x0000,0x0000,0x0000,
0x0000,0x0000,0x0000,0x0000,0x0000,0x0000,0x0000,0x0000,0x0000,0x0000,0x0000,0x0000,
0x2986,0x0000,0x0000,0x2945,0x0000,0x4c0f,0x0000,0x0000,0x0000,0x0000,0x0000,0x0000,
0x0000,0x0000,0x0000,0x0000,0x0000,0x0000,0x0000,0x0000,0x0000,0x0000,0x0000,0x0000,
0x0000,0x0000,0x0000,0x0000,0x0000,0x0000,0x0000,0x0000,0x0000,0x0000,0x0000,0x2966,
0x0000,0x2186,0x1904,0x0000,0x0000,0x0000,0x0000,0x0000,0x0000,0x0000,0x0000,0x0000,
0x0000,0x0000,0x0000,0x0000,0x0000,0x0000,0x0000,0x0000,0x0000,0x0000,0x0000,0x0000,
0x0000,0x0000,0x0000,0x0000,0x0000,0x2966,0x0000,0x2104,0x0000,0x0000,0x0000,0x0000,
0x0000,0x0000,0x0000,0x0000,0x0000,0x0000,0x0000,0x0000,0x0000,0x0000,0x0000,0x0000,
0x0000,0x0000,0x0000,0x0000,0x0000,0x0000,0x0000,0x0000,0x0000,0x0000,0x0000,0x0000,
0x0000,0x0000,0x2104,0x31a7,0x2104,0x0000,0x0000,0x0000,0x0000,0x0000,0x0000,0x0000,
0x0000,0x0000,0x0000,0x0000,0x0000,0x0000,0x0000,0x0000,0x0000,0x0000,0x0000,0x0000,
0x0000,0x0000,0x0000,0x0000,0x0000,0x0000,0x0000,0x0000,0x0000,0x0000,0x0000,0x39c7,
0x2104,0x0000,0x0000,0x0000,0x0000,0x0000,0x0000,0x0000,0x0000,0x0000,0x0000,0x0000,
0x0000,0x0000,0x0000,0x0000,0x0000,0x0000,0x0000,0x0000,0x0000,0x0000,0x0000,0x0000,
0x0000,0x0000,0x0000,0x0000,0x0000,0x0000,0x0000,0x31a7,0x0000,0x0000,0x0000,0x0000,
0x0000,0x0000,0x0000,0x0000,0x0000,0x0000,0x0000,0x0000,0x0000,0x0000,0x0000,0x0000,
0x0000,0x0000,0x0000,0x0000,0x0000,0x0000,0x0000,0x0000,0x0000,0x0000,0x0000,0x0000,
0x0000,0x0000,0x0000,0x0000,0x0000,0x0000,0x0000,0x0000,0x0000,0x0000,0x0000,0x0000,
0x0000,0x0000,0x0000,0x0000,0x0000,0x0000,0x0000,0x0000,0x0000,0x0000,0x0000,0x0000,
0x0000,0x0000,0x0000,0x0000,0x0000,0x0000,0x0000,0x0000,0x0000,0x0000,0x0000,0x0000,
0x0000,0x0000,0x0000,0x0000,0x0000,0x0000,0x0000,0x0000,0x0000,0x0000,0x0000,0x0000,
0x0000,0x0000,0x0000,0x0000,0x0000,0x0000,0x0000,0x0000,0x0000,0x0000,0x0000,0x0000,
0x0000,0xb512,0x0000,0x0000,0x0000,0x0000,0x0000,0x0000,0x0000,0x0000,0x0000,0x0000,
0x0000,0x0000,0x0000,0x0000,0x0000,0x0000,0x0000,0x0000,0x0000,0x0000,0x0000,0x0000,
0x0000,0x0000,0x0000,0x0000,0x0000,0x0000,0x0000,0x0000,0xcdf5,0x0000,0x0000,0x0000,
0x0000,0x0000,0x0000,0xad13,0x0000,0x0000,0x0000,0x0000,0x0000,0x0000,0xde57,0x0000,
0x0000,0x0000,0x0000,0x0000,0x0000,0x0000,0x0000,0x0000,0x0000,0x0000,0x0000,0x0000,
0x0000,0x0000,0x0000,0xd657,0xbd53,0x0000,0x0000,0x0000,0x0000,0x0000,0x0000,0xad13,
0x0000,0x0000,0x0000,0x0000,0x0000,0x0000,0xacf1,0xd637,0x0000,0x0000,0x0000,0x0000,
0x0000,0x0000,0x0000,0x0000,0x0000,0x0000,0x0000,0x0000,0x0000,0x0000,0xce16,0x5a46,
0xb532,0x0000,0x0000,0x0000,0x0000,0x0000,0x0000,0xa4d2,0x0000,0x0000,0x0000,0x0000,
0x0000,0x0000,0xa46f,0x6287,0xde98,0x0000,0x0000,0x0000,0x0000,0x0000,0x0000,0x0000,
0x0000,0x0000,0x0000,0x0000,0x0000,0x0000,0x9c4f,0x0000,0x0000,0x0000,0x0000,0x0000,
0x0000,0x0000,0x0000,0x9cb1,0x0000,0x0000,0x0000,0x0000,0x0000,0x0000,0x0000,0x0000,
0xa4b0,0x0000,0x0000,0x0000,0x0000,0x0000,0x0000,0x0000,0x0000,0x0000,0x0000,0x0000,
0x0000,0xbdb5,0x9c4e,0xbd32,0x0000,0x0000,0x0000,0x0000,0x0000,0x0000,0x0000,0x62eb,
0x0000,0x0000,0x0000,0x0000,0x0000,0x0000,0x0000,0xc5b4,0xb512,0xde98,0x0000,0x0000,
0x0000,0x0000,0x0000,0x0000,0x0000,0x0000,0x0000,0x0000,0x0000,0xbd73,0x0000,0xbd73,
0x0000,0x0000,0x0000,0xbd74,0x0000,0x0000,0x5227,0x83ce,0x6288,0x49c5,0x0000,0xbd73,
0x0000,0x0000,0x0000,0xd615,0x0000,0xbd52,0x0000,0x0000,0x0000,0x0000,0x0000,0x0000,
0x0000,0x0000,0x0000,0x0000,0xc5b5,0x83ac,0x0000,0xbd73,0x0000,0x0000,0x0000,0xb573,
0x0000,0x0000,0x5a47,0x736d,0x4183,0x6a22,0x9325,0xb532,0x0000,0x0000,0x0000,0xcdf5,
0x0000,0x8bcc,0xd637,0x0000,0x0000,0x0000,0x0000,0x0000,0x0000,0x0000,0x0000,0x0000,
0xa48f,0x0000,0x0000,0xc5b4,0x0000,0x0000,0x0000,0xb553,0x0000,0x0000,0x49e6,0x62cb,
0x7a61,0x82c3,0x8b25,0xb532,0x0000,0x0000,0x0000,0xcdf5,0x0000,0x0000,0xacd0,0x0000,
0x0000,0x0000,0x0000,0x0000,0x0000,0x0000,0x0000,0xc5d5,0x72e9,0xbdb4,0x0000,0xbd32,
0x0000,0x0000,0x0000,0xb532,0x0000,0x5247,0x5206,0x6289,0x8ae3,0xbc24,0x0000,0xbd53,
0x0000,0x0000,0x0000,0xd616,0x0000,0xb511,0x6267,0xd636,0x0000,0x0000,0x0000,0x0000,
0x0000,0x0000,0x0000,0xa48f,0xa4b0,0xcdd5,0x0000,0xbd53,0x0000,0x0000,0x0000,0xacf1,
0x0000,0x5a47,0x5a06,0x72c8,0xc464,0x7ac4,0x0000,0xb552,0x0000,0x0000,0x0000,0xcdf5,
0x0000,0xd657,0x0000,0xb511,0x0000,0x0000,0x0000,0x0000,0x0000,0x0000,0x0000,0x838b,
0x0000,0x9c4e,0xbd53,0xbd32,0x0000,0x0000,0x0000,0xa4b0,0x0000,0x6268,0x5206,0x9368,
0xd4c6,0x0000,0x0000,0xb533,0x0000,0x0000,0x0000,0xbd52,0xbd73,0xacb0,0x0000,0x8bac,
0x0000,0x0000,0x0000,0x0000,0x0000,0x0000,0x0000,0x0000,0x0000,0x0000,0xbd94,0x93ed,
0x0000,0x0000,0x0000,0xa490,0x62a8,0x5a48,0x6246,0xc4a6,0xbc68,0x0000,0x0000,0xacf1,
0x0000,0x0000,0x0000,0xb511,0xc5b4,0x0000,0x0000,0x0000,0x0000,0x0000,0x0000,0x0000,
0x0000,0x0000,0x0000,0x0000,0x0000,0x0000,0x0000,0xacd0,0xb532,0x0000,0x0000,0x9c6f,
0x6ac8,0x6ac9,0x6223,0xbc89,0xb405,0xb511,0x0000,0xacf2,0x0000,0x0000,0xacd0,0xbd52,
0x0000,0x0000,0x0000,0x0000,0x0000,0x0000,0x0000,0x0000,0x0000,0x0000,0x0000,0x0000,
0x0000,0x0000,0x0000,0xacd1,0xce16,0x0000,0x0000,0xa4b0,0x0000,0x6245,0x6222,0x8ba9,
0x0000,0xb511,0x0000,0xb553,0x0000,0x0000,0xd616,0xacd0,0x0000,0x0000,0x0000,0x0000,
0x0000,0x0000,0x0000,0x0000,0x0000,0x0000,0x0000,0x0000,0x0000,0x0000,0x0000,0xacf1,
0xb532,0x0000,0x0000,0x8bcd,0x49e5,0x7b4a,0x3963,0x7ae5,0x5a47,0xb4f1,0x6267,0x7b6b,
0x0000,0x0000,0xbd73,0xbd52,0x0000,0x0000,0x0000,0x0000,0x0000,0x0000,0x0000,0x0000,
0x0000,0x0000,0x0000,0x0000,0x0000,0x0000,0x0000,0xa4d1,0x940d,0xcdd5,0x0000,0x732a,
0x0000,0x940d,0x3164,0x8c0e,0x49e6,0xb512,0x0000,0x6ae9,0x0000,0xacf1,0x9c4e,0xbd73,
0x0000,0x0000,0x0000,0x0000,0x0000,0x0000,0x0000,0x0000,0x0000,0x0000,0x0000,0x0000,
0x0000,0x0000,0x0000,0xbd74,0xa490,0xcdd5,0xcdf5,0x62ea,0xcdf5,0xb4d0,0x3164,0xa4d1,
0x3165,0xacd1,0xd636,0x7b8c,0xb553,0xbd73,0x9c6f,0xc5d5,0x0000,0x0000,0x0000,0x0000,
0x0000,0x0000,0x0000,0x0000,0x0000,0x0000,0x0000,0x0000,0x0000,0x0000,0x0000,0xb532,
0xb532,0x9c4e,0xce16,0x9c2e,0xb532,0x28c2,0x3985,0x942f,0x3985,0x2903,0xb532,0xacf1,
0xbd73,0xa46f,0xc5b5,0xd616,0x0000,0x0000,0x0000,0x0000,0x0000,0x0000,0x0000,0x0000,
0x0000,0x0000,0x0000,0x0000,0x0000,0x0000,0x0000,0xbd73,0x4a06,0x49e6,0xbd93,0x9c4e,
0x83ac,0x4a27,0x41c6,0x8bee,0x41e7,0x4a06,0x7b4a,0xa4b0,0xbd73,0x49e5,0x6ac9,0xc594,
0x0000,0x0000,0x0000,0x0000,0x0000,0x0000,0x0000,0x0000,0x0000,0x0000,0x0000,0x0000,
0x0000,0x0000,0xb532,0x0000,0x0000,0x62a8,0x3964,0xc594,0xc594,0x5289,0x3985,0x8bee,
0x4a07,0x6b2b,0xacf1,0xcdf6,0x3943,0x732a,0x0000,0x0000,0xbd32,0x0000,0x0000,0x0000,
0x0000,0x0000,0x0000,0x0000,0x0000,0x0000,0x0000,0x0000,0x0000,0x0000,0x0000,0x0000,
0x0000,0xb532,0x5a47,0x41a5,0xc5b4,0x7b8c,0x4207,0x9c4f,0x0000,0x8bed,0xcdd5,0x41a4,
0x72e9,0xc5b4,0x0000,0x0000,0x0000,0x0000,0x0000,0x0000,0x0000,0x0000,0x0000,0x0000,
0x0000,0x0000,0x0000,0x0000,0x0000,0x0000,0x0000,0x0000,0x0000,0x93ed,0x732a,0x0000,
0x72e9,0xb532,0x940e,0x9c70,0x83ee,0xb511,0x7b6b,0x0000,0x7309,0x93ed,0x0000,0x0000,
0x0000,0x0000,0x0000,0x0000,0x0000,0x0000,0x0000,0x0000,0x0000,0x0000,0x0000,0x0000,
0x0000,0x0000,0x0000,0x0000,0xacf1,0x7b4a,0x0000,0x0000,0x5206,0xbd53,0x8bed,0x83ad,
0x940e,0xbd32,0x6288,0x0000,0x0000,0x7b4a,0xbd52,0x0000,0x0000,0x0000,0x0000,0x0000,
0x0000,0x0000,0x0000,0x0000,0x0000,0x0000,0x0000,0x0000,0x0000,0x0000,0x0000,0xa490,
0x0000,0x0000,0x0000,0xb512,0x5226,0x7b6b,0xacf1,0x7b6c,0xa48f,0x7b6b,0x6287,0x0000,
0x0000,0x0000,0x0000,0xacd0,0x0000,0x0000,0x0000,0x0000,0x0000,0x0000,0x0000,0x0000,
0x0000,0x0000,0x0000,0x0000,0x0000,0x0000,0x0000,0x0000,0x0000,0x0000,0x0000,0xb512,
0x0000,0x0000,0xa4b0,0x83ac,0xa48f,0x0000,0x0000,0xc5b4,0x0000,0x0000,0x0000,0x0000,
0x0000,0x0000,0x0000,0x0000,0x0000,0x0000,0x0000,0x0000,0x0000,0x0000,0x0000,0x0000,
0x0000,0x0000,0x0000,0x0000,0x0000,0x0000,0x0000,0xacf1,0x0000,0x0000,0xa490,0x836b,
0xad11,0x0000,0x0000,0x0000,0x0000,0x0000,0x0000,0x0000,0x0000,0x0000,0x0000,0x0000,
0x0000,0x0000,0x0000,0x0000,0x0000,0x0000,0x0000,0x0000,0x0000,0x0000,0x0000,0x0000,
0x0000,0x0000,0x0000,0x0000,0x0000,0x0000,0xa4b0,0x942e,0xacf1,0x0000,0x0000,0x0000,
0x0000,0x0000,0x0000,0x0000,0x0000,0x0000,0x0000,0x0000,0x0000,0x0000,0x0000,0x0000,
0x0000,0x0000,0x0000,0x0000,0x0000,0x0000,0x0000,0x0000,0x0000,0x0000,0x0000,0x0000,
0x0000,0x0000,0x0000,0x942e,0x0000,0x0000,0x0000,0x0000,0x0000,0x0000,0x0000,0x0000,
0x0000,0x0000,0x0000,0x0000,0x0000,0x0000,0x0000,0x0000,0x0000,0x0000,0x0000,0x0000,
0x0000,0x0000,0x0000,0x0000,0x0000,0x0000,0x0000,0x0000,0x0000,0x0000,0x0000,0xacd0,
0x0000,0x0000,0x0000,0x0000,0x0000,0x0000,0x0000,0x0000,0x0000,0x0000,0x0000,0x0000,
0x0000,0x0000,0x0000,0x0000,0x0000,0x0000,0x0000,0x0000,0x0000,0x0000,0x0000,0x0000,
0x0000,0x0000,0x0000,0x0000,0x0000,0x0000,0x0000,0xa48f,0x0000,0x0000,0x0000,0x0000,
0x0000,0x0000,0x0000,0x0000,0x0000,0x0000,0x0000,0x0000,0x0000,0x0000,0x0000,0x0000,
0x0000,0x0000,0x0000,0x0000,0x0000,0x0000,0x0000,0x0000,0x0000,0x0000,0x0000,0x0000,
0x0000,0x0000,0x0000,0x0000,0x0000,0x0000,0x0000,0x0000,0x0000,0x0000,0x0000,0x0000,
0x0000,0x0000,0x0000,0x0000,0x0000,0x0000,0x0000,0x0000,0x0000,0x0000,0x0000,0x0000,
0x0000,0x0000,0x0000,0x0000,0x0000,0x0000,0x0000,0x0000,0x0000,0x0000,0x0000,0x8410,
0x0000,0x0000,0x0000,0x0000,0x0000,0x0000,0x0000,0x0000,0x0000,0x0000,0x0000,0x0000,
0x0000,0x0000,0x0000,0x0000,0x0000,0x0000,0x0000,0x0000,0x0000,0x0000,0x0000,0x0000,
0x0000,0x0000,0x0000,0x0000,0x0000,0x0000,0x0000,0x9cd3,0x0000,0x0000,0x0000,0x0000,
0x0000,0x0000,0x0000,0x0000,0x0000,0x0000,0x0000,0x0000,0x0000,0x0000,0x0000,0x0000,
0x0000,0x0000,0x0000,0x0000,0x0000,0x0000,0x0000,0x0000,0x0000,0x0000,0x0000,0x0000,
0x0000,0x0000,0x0000,0x8c51,0x0000,0x0000,0x0000,0x0000,0x0000,0x0000,0x0000,0x0000,
0x0000,0x0000,0x0000,0x0000,0x0000,0x0000,0x0000,0x0000,0x0000,0x0000,0x0000,0x0000,
0x0000,0x0000,0x0000,0x0000,0x0000,0x0000,0x0000,0x0000,0x0000,0x0000,0x630d,0x8c30,
0x0000,0x0000,0x0000,0x0000,0x0000,0x0000,0x0000,0x0000,0x0000,0x0000,0x0000,0x0000,
0x0000,0x0000,0x0000,0x0000,0x0000,0x0000,0x0000,0x0000,0x0000,0x0000,0x0000,0x0000,
0x0000,0x0000,0x0000,0x0000,0x0000,0x0000,0x6b2d,0x9cd3,0xa535,0x0000,0x0000,0x0000,
0x0000,0x0000,0x0000,0x0000,0x0000,0x0000,0x0000,0x0000,0x0000,0x0000,0x0000,0x0000,
0x0000,0x0000,0x0000,0x0000,0x0000,0x528a,0x9cb3,0x0000,0x0000,0x0000,0x0000,0x0000,
0x0000,0x0000,0x6b6e,0x9cb2,0x9cd3,0x0000,0x0000,0x0000,0x0000,0x0000,0x0000,0x0000,
0xa535,0x0000,0x0000,0x0000,0x0000,0x0000,0x0000,0x0000,0x0000,0x0000,0x0000,0x0000,
0x0000,0x0000,0x41e8,0xd69a,0x0000,0x0000,0x0000,0x0000,0x0000,0x0000,0x630c,0x8bce,
0x9492,0x0000,0x0000,0x0000,0x0000,0x0000,0x0000,0xad35,0x4208,0x0000,0x0000,0x0000,
0x0000,0x0000,0x0000,0x0000,0x0000,0x0000,0x0000,0x0000,0x0000,0x0000,0x0000,0x41c7,
0xbdb7,0xb5b6,0x0000,0x0000,0x0000,0x8410,0x5228,0x7b2d,0x736e,0x0000,0x0000,0x0000,
0x0000,0xc638,0xb596,0x4a29,0x0000,0x0000,0x0000,0x0000,0x0000,0x0000,0x0000,0x0000,
0x0000,0x0000,0x0000,0x0000,0x0000,0x0000,0x0000,0x7bd0,0x2924,0xdedb,0xb596,0x0000,
0x0000,0x0000,0x0000,0x9c92,0x0000,0x0000,0xc413,0x0000,0x630c,0xcd56,0x5228,0x0000,
0x0000,0x0000,0x0000,0x0000,0x0000,0x0000,0x0000,0x0000,0x0000,0x0000,0x0000,0x0000,
0x0000,0x0000,0x0000,0x0000,0x8411,0x41c7,0x8c51,0x0000,0x0000,0x0000,0x0000,0x9472,
0x0000,0x0000,0xcbb2,0xb371,0x9c11,0x7aac,0x7baf,0x0000,0x0000,0x0000,0x0000,0x0000,
0x0000,0x0000,0x0000,0x0000,0x0000,0x0000,0x0000,0x0000,0x0000,0x0000,0x0000,0x0000,
0x0000,0x628a,0x5249,0x8c11,0xab50,0x0000,0x0000,0x8430,0xcc94,0xc3b2,0x0000,0x7bae,
0x82ed,0x8bd0,0x0000,0x0000,0x0000,0x0000,0x0000,0x0000,0x0000,0x0000,0x0000,0x0000,
0x0000,0x0000,0x0000,0x0000,0x0000,0x0000,0x0000,0x0000,0x0000,0x83d0,0x0000,0x0000,
0x0000,0x0000,0x720b,0x8baf,0xbc12,0xb2ef,0xb370,0x934e,0x0000,0x82ec,0x0000,0x0000,
0x0000,0x0000,0x0000,0x0000,0x0000,0x0000,0x0000,0x0000,0x0000,0x0000,0x0000,0x0000,
0x0000,0x0000,0x0000,0x0000,0x0000,0x0000,0x0000,0xbb91,0x0000,0x0000,0xbc53,0x0000,
0xecb6,0xe5b5,0xc413,0x8a2c,0x0000,0x0000,0x0000,0x0000,0x0000,0x0000,0x0000,0x0000,
0x0000,0x0000,0x0000,0x0000,0x0000,0x0000,0x0000,0x0000,0xa514,0xad76,0xad76,0x62cb,
0x0000,0x0000,0x836e,0x9452,0xb350,0x0000,0x0000,0x0000,0x826b,0xecd6,0x8a4c,0x938f,
0x0000,0x0000,0x0000,0x7baf,0xa514,0x9cf4,0x9492,0x0000,0x0000,0x0000,0x0000,0x0000,
0x6b6d,0x7bcf,0x736e,0x62ec,0x734d,0x62eb,0x6b2c,0x6b2c,0x8410,0x7b8e,0x732d,0x9472,
0x8410,0xa32f,0x0000,0xbc33,0x0000,0xa32e,0x9c11,0x832e,0x7bcf,0x738e,0x7baf,0x5a8a,
0x83ef,0x7bcf,0x6b4d,0x73ae,0x7bae,0x7baf,0x73ae,0x0000,0x0000,0x0000,0x0000,0x5aab,
0x5aab,0x62ec,0x6b2c,0x6b2c,0x0000,0x0000,0x72cc,0x8c31,0x5167,0x89ca,0xc433,0x0000,
0x0000,0x0000,0x7a6b,0x6b2d,0x6aab,0x0000,0x0000,0x7baf,0x632d,0x4a49,0x5aab,0x0000,
0x0000,0x0000,0x0000,0x0000,0x0000,0x0000,0x0000,0x0000,0x0000,0x0000,0x0000,0x0000,
0x0000,0x0000,0x0000,0x51a8,0xa28d,0xa350,0xb1eb,0xb391,0x0000,0x0000,0x0000,0x72ac,
0x9b90,0x0000,0x0000,0x0000,0x0000,0x0000,0x0000,0x0000,0x0000,0x0000,0x0000,0x0000,
0x0000,0x0000,0x0000,0x0000,0x0000,0x0000,0x0000,0x0000,0x0000,0x732d,0x0000,0x0000,
0x8aad,0x51e9,0xd351,0xb371,0x0000,0x0000,0x0000,0x0000,0x0000,0x8bcf,0x0000,0x0000,
0x0000,0x0000,0x0000,0x0000,0x0000,0x0000,0x0000,0x0000,0x0000,0x0000,0x0000,0x0000,
0x0000,0x0000,0x0000,0x0000,0x0000,0xb473,0x0000,0x9c52,0x0000,0x41a8,0x79a9,0x83ef,
0x0000,0x0000,0x0000,0x8b4f,0x0000,0x9cb3,0x0000,0x0000,0x0000,0x0000,0x0000,0x0000,
0x0000,0x0000,0x0000,0x0000,0x0000,0x0000,0x0000,0x0000,0x0000,0x0000,0x0000,0x0000,
0x0000,0x0000,0x83f0,0x41c7,0x0000,0xbb71,0x7a4b,0x8431,0x9b0f,0x0000,0x0000,0x528a,
0x9cd3,0xb576,0x0000,0x0000,0x0000,0x0000,0x0000,0x0000,0x0000,0x0000,0x0000,0x0000,
0x0000,0x0000,0x0000,0x0000,0x0000,0x0000,0x0000,0x0000,0x7b6e,0xad34,0x39c7,0x0000,
0x0000,0xc3d3,0x0000,0x8410,0x0000,0x0000,0x0000,0x0000,0x5aaa,0xad55,0x9492,0x0000,
0x0000,0x0000,0x0000,0x0000,0x0000,0x0000,0x0000,0x0000,0x0000,0x0000,0x0000,0x0000,
0x0000,0x0000,0x0000,0x8c71,0x9cd3,0x41c7,0x5a89,0x8c10,0x9b0f,0x0000,0x0000,0x8c51,
0x0000,0x0000,0x0000,0x7b8e,0x41a7,0x738e,0xa514,0x0000,0x0000,0x0000,0x0000,0x0000,
0x0000,0x0000,0x0000,0x0000,0x0000,0x0000,0x0000,0x0000,0x0000,0x0000,0x0000,0xad55,
0x49a7,0x5aaa,0x62cb,0x0000,0xa2ce,0x0000,0x0000,0x9431,0x0000,0x0000,0x0000,0x0000,
0x5a8a,0x4a08,0x736e,0x7bd0,0x0000,0x0000,0x0000,0x0000,0x0000,0x0000,0x0000,0x0000,
0x0000,0x0000,0x0000,0x0000,0x0000,0x0000,0x9472,0x5249,0x526a,0x0000,0x0000,0x0000,
0x0000,0x0000,0x7c10,0x9430,0x8c51,0x0000,0x9b2f,0x0000,0x0000,0x5acb,0x4a08,0x8c30,
0x0000,0x0000,0x0000,0x0000,0x0000,0x0000,0x0000,0x0000,0x0000,0x0000,0x0000,0x0000,
0x0000,0x0000,0x6b4d,0x62eb,0x0000,0x0000,0x0000,0x0000,0x0000,0x0000,0x736e,0x8bae,
0x8c51,0x0000,0x0000,0x0000,0x0000,0x0000,0x0000,0x4208,0x9472,0x0000,0x0000,0x0000,
0x0000,0x0000,0x0000,0x0000,0x0000,0x0000,0x0000,0x0000,0x0000,0x8410,0x0000,0x0000,
0x0000,0x0000,0x0000,0x0000,0x0000,0x8aad,0x6b6e,0x6b0c,0x7bf0,0x0000,0x0000,0x0000,
0x0000,0x0000,0x0000,0x0000,0x4208,0x8411,0x0000,0x0000,0x0000,0x0000,0x0000,0x0000,
0x0000,0x0000,0x0000,0x0000,0x7bf0,0x0000,0x0000,0x0000,0x0000,0x0000,0x0000,0x0000,
0x0000,0x0000,0x0000,0x7bef,0x7baf,0x0000,0x0000,0x9ace,0x0000,0x0000,0x0000,0x0000,
0x0000,0x0000,0x0000,0x0000,0x0000,0x0000,0x0000,0x0000,0x0000,0x0000,0x0000,0x0000,
0x0000,0x0000,0x0000,0x0000,0x0000,0x0000,0x0000,0x0000,0x0000,0x0000,0x0000,0x736e,
0x0000,0x0000,0x0000,0x0000,0x0000,0x0000,0x0000,0x0000,0x0000,0x0000,0x0000,0x0000,
0x0000,0x0000,0x0000,0x0000,0x0000,0x0000,0x0000,0x0000,0x0000,0x0000,0x0000,0x0000,
0x0000,0x0000,0x0000,0x0000,0x0000,0x0000,0x0000,0x83ef,0x0000,0x0000,0x0000,0x0000,
0x0000,0x0000,0x0000,0x0000,0x0000,0x0000,0x0000,0x0000,0x0000,0x0000,0x0000,0x0000,
0x0000,0x0000,0x0000,0x0000,0x0000,0x0000,0x0000,0x0000,0x0000,0x0000,0x0000,0x0000,
0x0000,0x0000,0x0000,0x738e,0x0000,0x0000,0x0000,0x0000,0x0000,0x0000,0x0000,0x0000,
0x0000,0x0000,0x0000,0x0000,0x0000,0x0000,0x0000,0x0000,0x0000,0x0000,0x0000,0x0000,
0x0000,0x0000,0x0000,0x0000,0x0000,0x0000,0x0000,0x0000,0x0000,0x0000,0x0000,0x83cf,
0x0000,0x0000,0x0000,0x0000,0x0000,0x0000,0x0000,0x0000,0x0000,0x0000,0x0000,0x0000,
0x0000,0x0000,0x0000,0x0000,0x0000,0x0000,0x0000,0x0000,0x0000,0x0000,0x0000,0x0000,
0x0000,0x0000,0x0000,0x0000,0x0000,0x0000,0x0000,0x0000,0x0000,0x0000,0x0000,0x0000,
0x0000,0x0000,0x0000,0x0000,0x0000,0x0000,0x0000,0x0000,0x0000,0x0000,0x0000,0x0000,
0x0000,0x0000,0x0000,0x0000,0x0000,0x0000,0x0000,0x0000,0x0000,0x0000,0x0000,0x0000,
0x0000,0x0000,0x0000,0x9492,0x0000,0x0000,0x0000,0x0000,0x0000,0x0000,0x0000,0x0000,
0x0000,0x0000,0x0000,0x0000,0x0000,0x0000,0x0000,0x0000,0x0000,0x0000,0x0000,0x0000,
0x0000,0x0000,0x0000,0x0000,0x0000,0x0000,0x0000,0x0000,0x0000,0x0000,0x0000,0x9492,
0x0000,0x0000,0x0000,0x0000,0x0000,0x0000,0x0000,0x0000,0x0000,0x0000,0x0000,0x0000,
0x0000,0x0000,0x0000,0x0000,0x0000,0x0000,0x0000,0x0000,0x0000,0x0000,0x0000,0x0000,
0x0000,0x0000,0x0000,0x0000,0x0000,0x0000,0x0000,0xb575,0x0000,0x0000,0x0000,0x0000,
0x0000,0x0000,0x0000,0x0000,0x0000,0x0000,0x0000,0x0000,0x0000,0x0000,0x0000,0x0000,
0x0000,0x0000,0x0000,0x0000,0x0000,0x0000,0x0000,0x0000,0x0000,0x0000,0x0000,0x0000,
0x0000,0x0000,0x4a49,0xb595,0x0000,0x0000,0x0000,0x0000,0x0000,0x0000,0x0000,0x0000,
0x0000,0x0000,0x0000,0x0000,0x0000,0x0000,0x0000,0x0000,0x0000,0x0000,0x0000,0x0000,
0x0000,0x0000,0x0000,0x0000,0x0000,0x0000,0x0000,0x0000,0x0000,0x0000,0x528a,0xc618,
0x4208,0x0000,0x0000,0x0000,0x0000,0x0000,0x0000,0x0000,0x0000,0x0000,0x0000,0x0000,
0x0000,0x0000,0x0000,0x0000,0x0000,0x0000,0x0000,0x0000,0x0000,0x0000,0x0000,0x0000,
0x0000,0x0000,0x41e7,0x630b,0x5acb,0x630c,0x2945,0x7bce,0x4a69,0x8c50,0xbdb6,0x41e7,
0x0000,0x0000,0x0000,0x0000,0x9451,0x0000,0x0000,0x0000,0x0000,0x0000,0x0000,0x0000,
0x0000,0x0000,0x0000,0x0000,0x0000,0x0000,0x734d,0x0000,0x0000,0x41e7,0xa4f3,0x2124,
0x2965,0x3165,0x2944,0x8c30,0x4a49,0x0000,0x0000,0x5acb,0x738d,0x0000,0x0000,0xb575,
0x0000,0x0000,0x0000,0x0000,0x0000,0x0000,0x0000,0x0000,0x0000,0x0000,0x0000,0x0000,
0x0000,0x0000,0x0000,0x6b4d,0x4a49,0x2945,0x0000,0x0000,0x0000,0x0000,0x0000,0x4a28,
0x0000,0x0000,0x5269,0x8c51,0xa4f3,0x9cd3,0x83ef,0x39a6,0x0000,0x0000,0x0000,0x0000,
0x0000,0x0000,0x0000,0x0000,0x0000,0x0000,0x0000,0x0000,0x0000,0x0000,0x0000,0x2104,
0x62cb,0x0000,0x2124,0x0000,0x2145,0x2965,0x2145,0x31a7,0x73ae,0x630c,0x0000,0x0000,
0x630c,0xce38,0x6b4d,0x4a28,0x0000,0x0000,0x0000,0x0000,0x0000,0x0000,0x0000,0x0000,
0x0000,0x0000,0x0000,0x0000,0x0000,0x0000,0x83ef,0x2924,0x0000,0x0000,0x0000,0x31a6,
0x52ec,0x530d,0x5b6e,0x7432,0x8471,0xc638,0x41c7,0x39c6,0x5aaa,0x9450,0x9cd2,0x6b4c,
0x6b2c,0x0000,0x0000,0x0000,0x0000,0x0000,0x0000,0x0000,0x0000,0x0000,0x0000,0x0000,
0x0000,0x5acb,0x5249,0x0000,0x4207,0x0000,0x528a,0x5b2d,0x2986,0x532d,0x7c32,0xa597,
0xad76,0xef7d,0xe71c,0x41e8,0x0000,0x0000,0xb575,0x0000,0x738d,0x0000,0x0000,0x0000,
0x0000,0x0000,0x0000,0x0000,0x0000,0x0000,0x0000,0x9cb2,0x0000,0x4207,0x39a6,0x4208,
0x0000,0x39c7,0x7410,0x3a29,0x1924,0x6bd0,0x7c73,0xb5d8,0xf79e,0xef5c,0x8c0f,0x0000,
0x0000,0x4a28,0x0000,0x0000,0x4207,0x39c7,0x0000,0x9492,0x0000,0x0000,0x0000,0x0000,
0x0000,0x0000,0x0000,0x9492,0x0000,0x5acb,0x0000,0x39c7,0x0000,0x8c71,0x4acb,0x0000,
0x1925,0x7411,0x7411,0x8cd4,0xdf3d,0xbdd6,0x3185,0x39a6,0x0000,0x62eb,0xa514,0x0000,
0x8410,0x4a49,0x0000,0x9471,0x0000,0x0000,0x0000,0x0000,0x0000,0x0000,0x0000,0x9c92,
0x39c6,0x4a48,0x0000,0x0000,0x3165,0x6b8e,0x0000,0x0000,0x0000,0x428b,0x5b4e,0x7c32,
0x9536,0x9cf4,0xf79e,0x73af,0x0000,0x41e7,0xad34,0x2945,0x39c6,0x62eb,0x0000,0xad55,
0x0000,0x0000,0x0000,0x0000,0x0000,0x0000,0x5269,0xad55,0x4208,0x3185,0x2124,0x0000,
0x2945,0x0000,0x0000,0x0000,0x0000,0x31e8,0x52ec,0x63af,0x424a,0x3a29,0xad75,0x9492,
0x0000,0x5269,0x5269,0x0000,0x0000,0x4207,0x4a49,0xbdb6,0x528a,0x0000,0x0000,0x0000,
0x5289,0x41e7,0x41e7,0x62cb,0x41e7,0x4208,0x2124,0x0000,0x2924,0x0000,0x0000,0x0000,
0x0000,0x0000,0x2986,0x2986,0x4228,0x2166,0x52aa,0x2145,0x5acb,0x2124,0x5aaa,0x0000,
0x4a48,0x4208,0x39a6,0x5aaa,0x3186,0x4208,0x5269,0x0000,0x0000,0x0000,0x0000,0x7bae,
0x0000,0x39c7,0x2104,0x0000,0x4228,0x2985,0x0000,0x0000,0x0000,0x2145,0x2145,0x2145,
0x3a29,0x2124,0x4269,0x31a6,0x2145,0x736c,0x5aca,0x0000,0x0000,0x39c6,0x39a6,0x83ef,
0x0000,0x0000,0x0000,0x0000,0x0000,0x0000,0x0000,0x83cf,0x0000,0x5acb,0x0000,0x2945,
0x39c6,0x0000,0x2944,0x0000,0x2124,0x0000,0x31c7,0x2965,0x0000,0x2104,0x0000,0x0000,
0x2966,0x7b8c,0x0000,0x3185,0x0000,0x62cb,0x0000,0x7bcf,0x0000,0x0000,0x0000,0x0000,
0x0000,0x0000,0x0000,0x736d,0x0000,0x5acb,0x0000,0x0000,0x0000,0x4a48,0x62ca,0x2924,
0x39a5,0x6aea,0x0000,0x0000,0x0000,0x0000,0x3185,0x4a48,0x39a6,0x528a,0x31a6,0x0000,
0x2965,0x41c7,0x0000,0x738d,0x0000,0x0000,0x0000,0x0000,0x0000,0x0000,0x0000,0x734d,
0x0000,0x39c6,0x4a48,0x840f,0x4228,0x2104,0x41e7,0x7b4b,0x62ca,0x0000,0x2124,0x0000,
0x0000,0x0000,0x2124,0x2945,0x7b8d,0x0000,0x9c92,0x6b4d,0x6b2c,0x6b2c,0x0000,0x738d,
0x0000,0x0000,0x0000,0x0000,0x0000,0x0000,0x0000,0x0000,0x0000,0x0000,0x5aca,0x5269,
0x9cd3,0x0000,0x39c6,0x41c6,0x0000,0x3185,0x3165,0x2103,0x2924,0x2124,0x39a6,0x6b0a,
0x2966,0x0000,0x4a48,0x5269,0x6b2c,0x0000,0x0000,0x0000,0x0000,0x0000,0x0000,0x0000,
0x0000,0x0000,0x0000,0x0000,0x0000,0x0000,0x39a6,0x734c,0x4a28,0x6b2c,0x0000,0x0000,
0x5aaa,0x3985,0x7bcf,0x4228,0x39c6,0x4a27,0x630b,0x0000,0x0000,0x3185,0x0000,0x62ca,
0x2924,0x0000,0x0000,0x0000,0x0000,0x0000,0x0000,0x0000,0x0000,0x0000,0x0000,0x0000,
0x0000,0x0000,0x0000,0x41e7,0x4a08,0x39c7,0x0000,0x39c7,0x0000,0x0000,0x39c6,0xad55,
0xad55,0x0000,0x0000,0x2965,0x2945,0x3185,0x7b8e,0x39a6,0x0000,0x0000,0x0000,0x0000,
0x0000,0x0000,0x0000,0x0000,0x0000,0x0000,0x0000,0x0000,0x0000,0x0000,0x0000,0x7bae,
0x0000,0x6b0c,0x3186,0x0000,0x630b,0x0000,0x31a6,0x4a48,0x4a48,0x3185,0x0000,0x5289,
0x6b2c,0x5aca,0x3145,0x8c30,0x0000,0x0000,0x0000,0x0000,0x0000,0x0000,0x0000,0x0000,
0x0000,0x0000,0x0000,0x0000,0x0000,0x0000,0x0000,0x3165,0x0000,0x3186,0x3185,0x5269,
0x39c7,0x0000,0x0000,0x9471,0x2965,0x3185,0x3186,0x5269,0x3165,0x41e7,0x0000,0x39c7,
0x0000,0x0000,0x0000,0x0000,0x0000,0x0000,0x0000,0x0000,0x0000,0x0000,0x0000,0x0000,
0x0000,0x0000,0x0000,0x0000,0x0000,0x0000,0x0000,0x3186,0x41c6,0x39c6,0x6b0b,0xb575,
0x736d,0x5aaa,0x3185,0x5a8a,0x0000,0x0000,0x0000,0x0000,0x0000,0x0000,0x0000,0x0000,
0x0000,0x0000,0x0000,0x0000,0x0000,0x0000,0x0000,0x0000,0x0000,0x0000,0x0000,0x0000,
0x0000,0x0000,0x0000,0x0000,0x0000,0x0000,0x39c6,0x83ce,0x4a08,0x0000,0x0000,0x0000,
0x0000,0x0000,0x0000,0x0000,0x0000,0x0000,0x0000,0x0000,0x0000,0x0000,0x0000,0x0000,
0x0000,0x0000,0x0000,0x0000,0x0000,0x0000,0x0000,0x0000,0x0000,0x0000,0x0000,0x0000,
0x0000,0x0000,0x0000,0x9451,0x0000,0x0000,0x0000,0x0000,0x0000,0x0000,0x0000,0x0000,
0x0000,0x0000,0x0000,0x0000,0x0000,0x0000,0x0000,0x0000,0x0000,0x0000,0x0000,0x0000,
0x0000,0x0000,0x0000,0x0000,0x0000,0x0000,0x0000,0x0000,0x0000,0x0000,0x0000,0x9450,
0x0000,0x0000,0x0000,0x0000,0x0000,0x0000,0x0000,0x0000,0x0000,0x0000,0x0000,0x0000,
0x0000,0x0000,0x0000,0x0000,0x0000,0x0000,0x0000,0x0000,0x0000,0x0000,0x0000,0x0000,
0x0000,0x0000,0x0000,0x0000,0x0000,0x0000,0x0000,0x8c30,0x0000,0x0000,0x0000,0x0000,
0x0000,0x0000,0x0000,0x0000,0x0000,0x0000,0x0000,0x0000,0x0000,0x0000,0x0000,0x0000,
0x0000,0x0000,0x0000,0x0000,0x0000,0x0000,0x0000,0x0000,0x0000,0x0000,0x0000,0x0000,
0x0000,0x0000,0x0000,0x0000,0x0000,0x0000,0x0000,0x0000,0x0000,0x0000,0x0000,0x0000,
0x0000,0x0000,0x0000,0x0000,0x0000,0x0000,0x0000,0x0000,0x0000,0x0000,0x0000,0x0000,
0x0000,0x0000,0x0000,0x0000,0x0000,0x0000,0x0000,0x0000,0x0000,0x0000,0x0000,0x0000,
0x0000,0x0000,0x0000,0x0000,0x0000,0x0000,0x0000,0x0000,0x0000,0x0000,0x0000,0x0000,
0x0000,0x0000,0x0000,0x0000,0x0000,0x0000,0x0000,0x0000,0x0000,0x0000,0x0000,0x0000,
0x0000,0x0000,0x0000,0x0000,0x0000,0x0000,0x0000,0x0000,0x0000,0x0000,0x0000,0x0000,
0x0000,0x0000,0x0000,0x0000,0x91e8,0x0000,0x0000,0x0000,0x0000,0x0000,0x0000,0x0000,
0x0000,0x0000,0x0000,0x0000,0x0000,0x0000,0x0000,0x0000,0x0000,0x0000,0x0000,0x0000,
0x0000,0x0000,0x0000,0x0000,0x0000,0x0000,0x0000,0x0000,0x0000,0x0000,0x0000,0x0000,
0x0000,0x0000,0x0000,0x0000,0x0000,0x0000,0x0000,0x0000,0x0000,0x0000,0x0000,0x0000,
0x0000,0x0000,0x0000,0x81c7,0x0000,0x0000,0x0000,0x0000,0x0000,0x0000,0x0000,0x8208,
0x0000,0x0000,0x0000,0x0000,0x0000,0x0000,0x0000,0x81c7,0x0000,0x0000,0x0000,0x0000,
0x0000,0x0000,0x0000,0x0000,0x0000,0x0000,0x0000,0x0000,0x0000,0x0000,0x0000,0x0000,
0x0000,0x0000,0x0000,0x0000,0x0000,0x0000,0x0000,0x8a29,0x0000,0x0000,0x0000,0x0000,
0x0000,0x0000,0x0000,0x81c8,0x0000,0x0000,0x0000,0x0000,0x0000,0x0000,0x0000,0x0000,
0x0000,0x0000,0x0000,0x0000,0x0000,0x0000,0x0000,0x0000,0x926a,0x0000,0x0000,0x0000,
0x0000,0x0000,0x0000,0x7a28,0x0000,0x0000,0x0000,0x0000,0x0000,0x0000,0x89c8,0x0000,
0x0000,0x0000,0x0000,0x0000,0x0000,0x0000,0x0000,0x0000,0x0000,0x0000,0x0000,0x0000,
0x0000,0x0000,0x0000,0x0000,0x6145,0x0000,0x0000,0x4a8a,0x0000,0x0000,0x4208,0x8208,
0x4208,0x0000,0x0000,0x39a6,0x62aa,0x0000,0x8a29,0x0000,0x0000,0x0000,0x0000,0x0000,
0x0000,0x0000,0x0000,0x0000,0x0000,0x0000,0x0000,0x0000,0x0000,0x0000,0x0000,0x0000,
0x0000,0x9a49,0x0000,0x41c7,0x4a08,0x39a6,0x39c7,0x6925,0x632c,0x6b4c,0x528a,0x0000,
0x20e3,0x5125,0x0000,0x0000,0x0000,0x0000,0x0000,0x0000,0x0000,0x0000,0x0000,0x0000,
0x0000,0x0000,0x0000,0x0000,0x0000,0x0000,0x0000,0x0000,0x0000,0x7187,0x28a2,0x0000,
0x4a07,0x3986,0x2965,0x6104,0x73cf,0x738e,0x6b2c,0x2104,0x3986,0x7986,0x41c7,0x0000,
0x0000,0x0000,0x0000,0x0000,0x0000,0x0000,0x0000,0x0000,0x0000,0x0000,0x0000,0x71a6,
0x0000,0x0000,0x0000,0x0000,0x0000,0x3082,0x4904,0x2124,0x4a69,0x3186,0x0000,0x30a2,
0x9492,0x8c51,0x7b6d,0x630b,0x20a2,0x5945,0x0000,0x0000,0x0000,0x0000,0x0000,0x7986,
0x0000,0x0000,0x0000,0x0000,0x0000,0x0000,0x0000,0x0000,0x0000,0x89e8,0x0000,0x0000,
0x0000,0x0000,0x4082,0x3186,0x2965,0x2945,0x2145,0x52ab,0xad54,0xa4b1,0x9471,0x9471,
0x3904,0x0000,0x0000,0x2924,0x0000,0x8a08,0x0000,0x0000,0x0000,0x0000,0x0000,0x0000,
0x0000,0x0000,0x0000,0x0000,0x0000,0x0000,0x38c3,0x81e7,0x2882,0x0000,0x3924,0x0000,
0x0000,0x2104,0x31a6,0x5aaa,0x9471,0x83ef,0x7bcf,0x6b4d,0x4a49,0x39a6,0x3924,0x9249,
0x40e3,0x0000,0x0000,0x0000,0x0000,0x0000,0x0000,0x0000,0x0000,0x0000,0x0000,0x0000,
0x0000,0x0000,0x20e3,0x0000,0x0000,0x4103,0x2904,0x0000,0x2124,0x0000,0x0000,0x4228,
0x94b2,0x738d,0x62eb,0x528a,0x4a07,0x3945,0x38e4,0x0000,0x3145,0x0000,0x0000,0x0000,
0x0000,0x0000,0x0000,0x0000,0x0000,0x0000,0x0000,0x0000,0x0000,0x0000,0x2104,0x0000,
0x0000,0x20a2,0x2104,0x2945,0x2104,0x2945,0x0000,0x52aa,0x7bcf,0x7bcf,0x6b2c,0x6b0b,
0x2945,0x2104,0x0000,0x0000,0x2924,0x0000,0x0000,0x0000,0x0000,0x0000,0x0000,0x0000,
0x0000,0x0000,0x0000,0x0000,0x0000,0x0000,0x2924,0x0000,0x20e3,0x3104,0x0000,0x0000,
0x0000,0x0000,0x2944,0x39a6,0x4a49,0x0000,0x0000,0x0000,0x39a6,0x3124,0x28e3,0x0000,
0x2924,0x0000,0x0000,0x0000,0x0000,0x0000,0x0000,0x0000,0x0000,0x0000,0x0000,0x0000,
0x0000,0x0000,0x3165,0x0000,0x38c3,0x2986,0x31a6,0x0000,0x11c4,0x19e5,0x0000,0x2104,
0x2985,0x0902,0x33a8,0x0000,0x39c7,0x3186,0x4904,0x0000,0x3165,0x0000,0x0000,0x0000,
0x0000,0x0000,0x0000,0x0000,0x0000,0x0000,0x0000,0x0000,0x0000,0x0000,0x3186,0x0000,
0x0000,0x0000,0x0000,0x52aa,0x2965,0x0000,0x2104,0x4a28,0x528a,0x4228,0x39a6,0x840f,
0x0000,0x0000,0x0000,0x0000,0x39c7,0x0000,0x0000,0x0000,0x0000,0x0000,0x0000,0x0000,
0x0000,0x0000,0x0000,0x0000,0x0000,0x0000,0x4208,0x0000,0x0000,0x0000,0x2104,0x0000,
0x2945,0x0000,0x0000,0x5aaa,0x6b4d,0x52aa,0x0000,0x0000,0x2965,0x0000,0x0000,0x0000,
0x4208,0x0000,0x0000,0x0000,0x0000,0x0000,0x0000,0x0000,0x0000,0x0000,0x0000,0x0000,
0x0000,0x0000,0x0000,0x0000,0x0000,0x0000,0x0000,0x0000,0x0000,0x2103,0x0000,0x4208,
0x7b6c,0x62eb,0x0000,0x2924,0x0000,0x0000,0x0000,0x4208,0x0000,0x0000,0x0000,0x0000,
0x0000,0x0000,0x0000,0x0000,0x0000,0x0000,0x0000,0x0000,0x0000,0x0000,0x0000,0x39c7,
0x0000,0x0000,0x0000,0x3965,0x0000,0x0000,0x0000,0x4a29,0x6b0c,0x5aaa,0x0000,0x2965,
0x0000,0x0000,0x0000,0x0000,0x0000,0x0000,0x0000,0x0000,0x0000,0x0000,0x0000,0x0000,
0x0000,0x0000,0x0000,0x0000,0x0000,0x0000,0x0000,0x0000,0x0000,0x0000,0x0000,0x2124,
0x0000,0x0000,0x2945,0x0000,0x39c7,0x4a48,0x2924,0x3165,0x2965,0x0000,0x0000,0x0000,
0x0000,0x0000,0x0000,0x0000,0x0000,0x0000,0x0000,0x0000,0x0000,0x0000,0x0000,0x0000,
0x0000,0x0000,0x0000,0x0000,0x0000,0x0000,0x0000,0x2965,0x2124,0x0000,0x39a6,0x39c6,
0x0000,0x4228,0x31a6,0x2965,0x39c7,0x0000,0x0000,0x0000,0x0000,0x0000,0x0000,0x0000,
0x0000,0x0000,0x0000,0x0000,0x0000,0x0000,0x0000,0x0000,0x0000,0x0000,0x0000,0x0000,
0x0000,0x2945,0x0000,0x0000,0x2945,0x0000,0x5269,0x3165,0x0000,0x4a49,0x41e7,0x0000,
0x41e7,0x0000,0x0000,0x0000,0x0000,0x0000,0x0000,0x0000,0x0000,0x0000,0x0000,0x0000,
0x0000,0x0000,0x0000,0x0000,0x0000,0x0000,0x0000,0x0000,0x0000,0x0000,0x0000,0x0000,
0x2945,0x0000,0x4a49,0x39a6,0x2124,0x39c7,0x39a6,0x0000,0x5269,0x0000,0x0000,0x0000,
0x0000,0x0000,0x0000,0x0000,0x0000,0x0000,0x0000,0x0000,0x0000,0x0000,0x0000,0x0000,
0x0000,0x0000,0x0000,0x0000,0x0000,0x0000,0x0000,0x0000,0x0000,0x0000,0x4a69,0x4208,
0x3186,0x31a6,0x0000,0x0000,0x0000,0x0000,0x0000,0x0000,0x0000,0x0000,0x0000,0x0000,
0x0000,0x0000,0x0000,0x0000,0x0000,0x0000,0x0000,0x0000,0x0000,0x0000,0x0000,0x0000,
0x0000,0x0000,0x0000,0x0000,0x0000,0x0000,0x5acb,0x4208,0x39c7,0x31a6,0x0000,0x0000,
0x0000,0x0000,0x0000,0x0000,0x0000,0x0000,0x0000,0x0000,0x0000,0x0000,0x0000,0x0000,
0x0000,0x0000,0x0000,0x0000,0x0000,0x0000,0x0000,0x0000,0x0000,0x0000,0x0000,0x0000,
0x0000,0x0000,0x4a49,0x0000,0x4208,0x39a6,0x0000,0x0000,0x0000,0x0000,0x0000,0x0000,
0x0000,0x0000,0x0000,0x0000,0x0000,0x0000,0x0000,0x0000,0x0000,0x0000,0x0000,0x0000,
0x0000,0x0000,0x0000,0x0000,0x0000,0x0000,0x0000,0x0000,0x0000,0x0000,0x4228,0x0000,
0x39c7,0x0000,0x0000,0x0000,0x0000,0x0000,0x0000,0x0000,0x0000,0x0000,0x0000,0x0000,
0x0000,0x0000,0x0000,0x0000,0x0000,0x0000,0x0000,0x0000,0x0000,0x0000,0x0000,0x0000,
0x0000,0x0000,0x0000,0x0000,0x0000,0x0000,0x4a49,0x0000,0x4208,0x0000,0x0000,0x0000,
0x0000,0x0000,0x0000,0x0000,0x0000,0x0000,0x0000,0x0000,0x0000,0x0000,0x0000,0x0000,
0x0000,0x0000,0x0000,0x0000,0x0000,0x0000,0x0000,0x0000,0x0000,0x0000,0x0000,0x0000,
0x0000,0x0000,0x0000,0x0000,0x0000,0x0000,0x0000,0x0000,0x0000,0x0000,0x0000,0x0000,
0x0000,0x0000,0x0000,0x0000,0x0000,0x0000,0x0000,0x0000,0x0000,0x0000,0x0000,0x0000,
0x0000,0x0000,0x0000,0x0000,0x0000,0x0000,0x0000,0x0000,0x0000,0x0000,0x0000,0x0000,
0x0000,0x0000,0x0000,0x0000,0x0000,0x0000,0x0000,0x0000,0x0000,0x0000,0x0000,0x0000,
0x0000,0x0000,0x0000,0x0000,0x0000,0x0000,0x0000,0x0000,0x0000,0x0000,0x0000,0x0000,
0x0000,0x0000,0x0000,0x0000,0x0000,0x0000,0x0000,0x0000,0x0000,0x0000,0x0000,0x0000,
0x0000,0x0000,0x0000,0x0000,0x0000,0x0000,0x0000,0x0000,0x0000,0x0000,0x0000,0x0000,
0x5269,0x5269,0x4a69,0x5aaa,0x39c7,0x5269,0x41e7,0x41e7,0x528a,0x4a69,0x8c30,0xa4d3,
0xc617,0xbd95,0xbdb6,0x5248,0xa4f3,0xd679,0xad55,0x9491,0x736d,0x6b2c,0x39e7,0x4a69,
0x39c7,0x5acb,0x5aeb,0x4a48,0x39a6,0x528a,0x4a48,0x630b,0x7bce,0x8c30,0x9cd2,0x9471,
0x9491,0x4a48,0x5aca,0x5289,0x62eb,0x6b2c,0x738e,0x8c0f,0x9450,0x9450,0x83ce,0x4a48,
0x8c50,0x9471,0x8c0f,0x7bce,0x738e,0x6b4c,0x6b2c,0x5269,0x6b2c,0x630c,0x7bae,0x8c50,
0xad34,0x9471,0xa4d3,0x5aaa,0x4a48,0x6b2c,0x18e3,0x2103,0x2904,0x5aaa,0x6b6d,0x6b6d,
0x738e,0x83ef,0xad55,0xd69a,0xdeda,0xef5d,0xef5d,0x3165,0xb575,0xe71c,0xdeba,0xb575,
0xa514,0x8410,0x6b4d,0x632c,0x5aeb,0x630c,0x2124,0x5269,0x10a2,0x62eb,0x18c3,0x738e,
0x5aca,0x31a6,0x83ef,0x39a6,0x528a,0x630c,0x630b,0x5aeb,0x632c,0x840f,0xa4f3,0xb595,
0xdedb,0x9492,0xd679,0x4a28,0x6b2c,0xdeba,0xc618,0xb596,0xa514,0x8410,0x6b4d,0x6b2c,
0x5acb,0x4a69,0x6b6d,0x4207,0x7bae,0x2103,0x20e3,0x6b4d,0x528a,0x738e,0x1082,0x9492,
0x4a28,0x630b,0x630c,0x6b6d,0x6b4d,0x8c51,0xa4f3,0xb596,0xd69a,0x3165,0xad54,0x5aeb,
0x4a48,0x9cd3,0xbdd6,0xa514,0x8410,0x8c71,0x7bcf,0x6b4d,0x528a,0x528a,0x5aca,0x7b8d,
0x18c3,0x4a49,0x2945,0x630c,0x5269,0x7b8e,0x2944,0x18c3,0x9471,0x5289,0x736d,0x6b4d,
0x8430,0x8410,0x9471,0xbdd6,0x73ae,0x4228,0x31a6,0x5aaa,0x5aeb,0x4208,0x4207,0xad34,
0x9cd3,0x9492,0x7bcf,0x62eb,0x6b2c,0x4228,0x83ce,0x18c3,0x3185,0x6b2c,0x2924,0x5aca,
0x4a69,0x5248,0x5289,0x5249,0x3165,0x630c,0x6b6d,0x4a28,0x9cd2,0x8430,0xa4f3,0x9492,
0xd699,0x7bce,0x5aca,0x5aeb,0x6b2c,0x5aaa,0xce38,0xad34,0x9492,0x94b2,0x7bce,0x6b2c,
0x6b4d,0x83ef,0x39a6,0x6b4c,0x7bcf,0x4228,0x39c7,0x4a69,0x5289,0x5269,0x4a69,0x4a48,
0x5acb,0x6b2c,0x630b,0x7bae,0x2104,0xad54,0x9cd2,0x6b4c,0x3185,0x7bae,0x4228,0x73ae,
0x3185,0xa4d3,0x39c7,0x39a6,0xad34,0xa514,0x4a69,0x736d,0x94b2,0x62eb,0x73ae,0x5acb,
0x6b6d,0x62eb,0x3186,0x4228,0x5269,0x528a,0x5acb,0x52aa,0x4a49,0x5aeb,0x2103,0x8410,
0x8c50,0x39c7,0x2965,0x9492,0xc5f7,0xa4f3,0x39a6,0x52aa,0x41e7,0x83cf,0xce38,0xa4f3,
0x3186,0x39e7,0x5aaa,0x9491,0x20e3,0x6b2c,0x4a49,0x83ef,0x62eb,0x5269,0x39c6,0x5acb,
0x5289,0x6b2c,0x5aeb,0x5aeb,0x5aaa,0x6b6d,0x73ae,0x7bce,0x83ef,0x39a6,0x4a28,0x9cb2,
0x2945,0x5269,0x840f,0x4208,0x5269,0x4228,0x2945,0x62eb,0x4a28,0x3186,0x5aaa,0x8c30,
0x7bce,0x630c,0x528a,0x5aaa,0x5aca,0x62eb,0x3186,0x5aeb,0x6b2c,0x6b4c,0x5acb,0x5aeb,
0x5acb,0x7bae,0x8c71,0x8c51,0x18e3,0x9471,0x39c7,0x6b2c,0x8c30,0xc5f7,0xce58,0x39a6,
0x7bce,0xc5f7,0xa4f3,0x39c6,0x4208,0x8c71,0x528a,0x630b,0x8410,0x738e,0x6b2d,0x5acb,
0x5aca,0x528a,0x39a6,0x62eb,0x630b,0x6b6d,0x738e,0x738e,0x8430,0x5289,0x83ef,0x41e7,
0x7bae,0x738d,0x3165,0x3165,0x8c30,0xb575,0x9471,0x39c6,0x736d,0xa514,0x9491,0x3165,
0x4a49,0x39c7,0x840f,0x3185,0x4a49,0x73ae,0x6b2c,0x526a,0x52aa,0x5aeb,0x4208,0x6b6d,
0x6b2c,0x840f,0x6b6d,0x8410,0x4a28,0x83ef,0x8c51,0x39a6,0x8c30,0x2124,0x83ef,0x83ef,
0x5acb,0xa534,0xbdb6,0x3185,0xad54,0x9cd3,0x4a48,0x840f,0x8c51,0x39c7,0x6b6d,0x6b4d,
0x6b6d,0x73ae,0x2944,0x8c30,0x630c,0x6b4d,0x4207,0x83ef,0x5aaa,0x8c51,0x8c30,0x83ef,
0x18c2,0x8c30,0x736d,0x6b2c,0x4a49,0x5269,0x83ef,0x6b4d,0x8c50,0x9471,0xc5f7,0x5269,
0xbdd6,0x9cb2,0x8c51,0x738e,0x632c,0x73ae,0x2924,0x8c30,0x2124,0x738e,0x4a28,0x630b,
0x8c30,0x5acb,0x5249,0x83ef,0x630c,0xa4f3,0x738e,0x39a6,0x2124,0xa4d2,0x5269,0x8c30,
0x3165,0x6b4c,0x738e,0x73ae,0x7bcf,0xad34,0xb555,0x83ef,0xbdb6,0xa4f3,0x7bef,0x738e,
0x5aeb,0x6b6d,0x3186,0x62eb,0x4228,0x8c50,0x2945,0x2965,0x62ca,0x9cd3,0x5aaa,0x8410,
0x3165,0x2104,0x2945,0x3165,0x62eb,0x39a6,0x31a6,0x39a6,0x39e7,0x8410,0x73ae,0x738e,
0x8410,0x8c50,0xbdd6,0x41e7,0xbdd7,0x9c92,0x738e,0x73ae,0x6b6d,0x6b4d,0x18e3,0x3186,
0x3186,0x3186,0x2965,0x4228,0x2945,0x2104,0x3186,0x5289,0x62ca,0x5269,0x83ce,0x8c50,
0x2945,0x9471,0x2945,0x7bcf,0x2944,0x8c10,0x8410,0x7bcf,0x8410,0xa4f3,0x8c30,0x734d,
0x39e7,0xbdb6,0x8410,0x7bae,0x630c,0x738d,0x3165,0x738d,0x2124,0x738d,0x4a48,0x3186,
0x9450,0x5269,0x2945,0x6b2c,0x6b0b,0x840f,0x6b2c,0x7bce,0x2103,0x7bef,0x528a,0x83ef,
0x2965,0x840f,0x7bcf,0x83ef,0x73ae,0x9492,0x41e7,0x4208,0x2924,0x9471,0x7bcf,0x6b6d,
0x5acb,0x7bef,0x2945,0x736d,0x2104,0x736d,0x39a6,0x83ef,0x3165,0x6b6d,0x39a6,0x7bae,
0x5269,0x73ae,0x8410,0x6b4d,0x62eb,0x7bae,0x7bae,0x62eb,0x5269,0x39c6,0x7bae,0x6b4c,
0x6b4d,0x8410,0xa513,0x39a6,0x62cb,0x8410,0x6b6d,0x630c,0x6b6d,0x632c,0x39c6,0x9471,
0x41e7,0x632c,0x3165,0x5269,0x6b4d,0x630c,0x3165,0x5aeb,0x6b2c,0x7bae,0x6b6d,0x73ae,
0x5aca,0x5aeb,0x83ce,0x39a6,0x8c30,0x31a6,0x9471,0x7bce,0x62eb,0x8c50,0xa4f3,0x39a6,
0x7bce,0x83ef,0x4a49,0x9492,0x7bef,0x3185,0x736d,0x5269,0x5289,0x630c,0x5289,0x630b,
0x5289,0x4228,0x4a07,0x5acb,0x5269,0x6b4c,0x738e,0x738e,0x73ae,0x6b4c,0x7bce,0x5aaa,
0x6b4d,0x7bce,0x2103,0x5269,0x7bce,0x9471,0x8c30,0x39a6,0x7bae,0x73ae,0x83f0,0x2124,
0x41e7,0x5aaa,0x7bcf,0x18c3,0x840f,0x6b2c,0x528a,0x4208,0x4208,0x5269,0x31a6,0x52aa,
0x5a8a,0x630c,0x6b2c,0x736d,0x62eb,0x6b4c,0x736d,0x8c50,0x2965,0x8c50,0x41e7,0x2945,
0x9471,0x8410,0x9471,0x3165,0x7b8e,0x8410,0x9471,0x3165,0x39c7,0x8410,0x2945,0x738d,
0x5aaa,0x4a69,0x4228,0x4a69,0x4208,0x39c7,0x3186,0x5269,0x4a48,0x736d,0x5aeb,0x5aaa,
0x5aaa,0x62eb,0x7bcf,0x840f,0x7bce,0x2924,0x3165,0x8c30,0x2944,0x62eb,0x9cd3,0x2924,
0x7b8e,0x9cd3,0x10a2,0x6b2c,0x4a69,0x39c7,0x6b2c,0x7bae,0x5aeb,0x6b2c,0x4208,0x4208,
0x4208,0x31a6,0x3185,0x528a,0x5aaa,0x52ab,0x5269,0x4a48,0x52aa,0x6b4d,0x4207,0x7bae,
0x7bae,0x2924,0x3165,0x6b4c,0x9cb2,0x83ef,0x2944,0x4a49,0x3186,0x5aaa,0x8c71,0x83ef,
0x20e3,0x5aca,0x3165,0x738d,0x5289,0x4a49,0x4228,0x39e7,0x3186,0x31a6,0x3185,0x39e7,
0x4a28,0x630b,0x630c,0x6b0b,0x4228,0x738d,0x5289,0x738d,0x4a49,0x83ef,0x8410,0x738e,
0x18e3,0x528a,0x6b4d,0x4207,0x3165,0x62eb,0x39c6,0x4a48,0x632c,0x6b6d,0x736d,0x41e7,
0x5acb,0x5269,0x528a,0x528a,0x736d,0x5aaa,0x2924,0x4a49,0x5269,0x7b8d,0x4a48,0x528a,
0x62eb,0x4a28,0x630c,0x5acb,0x5aaa,0x6b6e,0x83ef,0x8c30,0x9471,0x62eb,0x39c7,0x5aaa,
0x5aca,0x41c7,0x9491,0x83cf,0x83ef,0x528a,0x5269,0x6b4d,0x62eb,0x5aaa,0x62eb,0x41e7,
0x4a48,0x5aaa,0x2924,0x4a69,0x4a49,0x6b0c,0x4a49,0x83ef,0x18a2,0x4208,0x4207,0x5269,
0x5aeb,0x528a,0x6b4c,0x6b4d,0x8c30,0x39c6,0x528a,0x5289,0x3165,0x5a8a,0x52aa,0x7bcf,
0x6b6d,0x5acb,0x5aeb,0x4a28,0x5269,0x4228,0x39a6,0x7bae,0x39a6,0x5269,0x2104,0x4207,
0x5289,0x4a49,0x7bcf,0x1082,0x3186,0x4a49,0x528a,0x5acb,0x6b4c,0x632c,0x5acb,0x632c,
0x9491,0x39c6,0x83ef,0x39a6,0x5269,0x7bce,0x8c50,0x736d,0x4a49,0x4a69,0x5aaa,0x41e7,
0x4208,0x39c7,0x39e7,0x2944,0x9471,0x31a6,0x2945,0x5aaa,0x4228,0x5aca,0x18e3,0x4208,
0x2965,0x4208,0x5269,0x5269,0x5aec,0x5aeb,0x632c,0x738d,0x840f,0x7bce,0x8c50,0x3185,
0x738d,0x9cd2,0x8c0f,0x6b6d,0x6b4d,0x5acb,0x4208,0x39c7,0x39c7,0x4a69,0x39e7,0x4a28,
0x18c3,0x8c30,0x2104,0x5269,0x4a48,0x18e3,0x39c6,0x39c6,0x736d,0x4207,0x528a,0x4a69,
0x39c7,0x4208,0x630b,0x7bcf,0x8c50,0x8c51,0x8c50,0x3165,0x83ce,0x8c50,0x7bce,0x6b4c,
0x5269,0x4a49,0x4208,0x4a28,0x4208,0x39c7,0x5289,0x39c6,0x4a28,0x20e3,0x528a,0x4a48,
0x5289,0x528a,0x4208,0x5269,0x5aaa,0x5aaa,0x4a49,0x5269,0x5acb,0x5aaa,0x73ae,0x8c30,
0x8c71,0x9cd3,0x8c50,0x3165,0x736d,0x83ef,0x9491,0x8c30,0x7b8e,0x5acb,0x52aa,0x528a,
0x5aaa,0x630b,0x5269,0x5aa9,0x4a69,0x52aa,0x4a49,0x62eb,0x52aa,0x528a,0x4a69,0x4a69,
0x4a28,0x5269,0x5269,0x528a,0x630b,0x6b2c,0x6b6d,0x7bae,0x9491,0x9471,0x9471,0x5289,
0x8c30,0x9492,0x8c30,0x7bae,0x630b,0x52aa,0x4a69,0x4a69,0x4a28,0x528a,0x52aa,0x528a,
0x5289,0x4a49,0x5aeb,0x630c,0x4945,0x1021,0x0001,0x38c3,0x28a2,0x1020,0x38a3,0x4965,
0x1020,0x2861,0x2041,0x3082,0x1000,0x0800,0x39a6,0x5a48,0x1820,0x3904,0x0001,0x2861,
0x2861,0x2041,0x1841,0x40e3,0x30c3,0x2041,0x28a2,0x4945,0x1841,0x1020,0x38c3,0x3082,
0x4966,0x1020,0x2041,0x0001,0x0001,0x0800,0x30a2,0x5a28,0x1820,0x48e4,0x40a3,0x3924,
0x40a2,0x1820,0x2862,0x738d,0x40c3,0x0800,0x2861,0x4945,0x2882,0x5145,0x2861,0x5925,
0x28a2,0x2061,0x0001,0x0001,0x0001,0x1841,0x3061,0x28a2,0x5124,0x1840,0x1020,0x40e3,
0x1041,0x0800,0x3882,0x69e7,0x2041,0x1841,0x3061,0x51a6,0x49e7,0x2841,0x1020,0x7228,
0x3061,0x1000,0x40a3,0x6269,0x40a2,0x0800,0x3062,0x40e4,0x4124,0x1041,0x1041,0x30c3,
0x3082,0x1020,0x3082,0x30c3,0x4124,0x2041,0x1020,0x0001,0x2082,0x1041,0x58a3,0x5a28,
0x1841,0x1841,0x38a2,0x934d,0x79c7,0x38a2,0x0800,0x61a6,0x1820,0x3061,0x6965,0xa451,
0x71a6,0x2061,0x3082,0x6186,0x30e3,0x2082,0x2082,0x0820,0x0001,0x2861,0x3061,0x38c3,
0x4986,0x2061,0x2862,0x2882,0x0001,0x0001,0x30a2,0x59e7,0x1020,0x1820,0x0001,0x0001,
0x3062,0x7166,0x2041,0x5125,0x2020,0x4082,0x8208,0x0001,0x0800,0x0800,0x2041,0x5924,
0x40e3,0x1020,0x0001,0x1021,0x38c3,0x2061,0x28a2,0x30a2,0x5904,0x2041,0x0800,0x0820,
0x30e3,0x2861,0x40c3,0x6186,0x1820,0x2861,0x2041,0x2061,0x0800,0x2862,0x5904,0x7228,
0x2820,0x79c8,0x0800,0x2041,0x2061,0x2061,0x1821,0x5925,0x3904,0x2862,0x30e3,0x1061,
0x0001,0x2861,0x3882,0x3882,0x5124,0x2061,0x2882,0x1020,0x0001,0x0001,0x48c3,0x6125,
0x1820,0x40a3,0x38c3,0x4104,0x3882,0x0800,0x6166,0x82cb,0x3862,0x1800,0x1820,0x4904,
0x38a2,0x5145,0x2861,0x6145,0x2082,0x2081,0x0001,0x0800,0x30a2,0x1841,0x48a3,0x2861,
0x48e4,0x1841,0x0001,0x1861,0x28c3,0x48c3,0x48c3,0x71c7,0x2041,0x0800,0x3882,0x41e7,
0x4904,0x2861,0x1841,0x69c7,0x40a2,0x0800,0x30a2,0x5207,0x50e4,0x0800,0x2841,0x50c3,
0x48a2,0x28a2,0x30c3,0x1882,0x0001,0x1841,0x30a2,0x3862,0x40c3,0x28a2,0x38e3,0x4104,
0x30c3,0x1841,0x58c3,0x69a6,0x1000,0x2041,0x5904,0x932c,0x5186,0x3062,0x1020,0x79a7,
0x2841,0x2041,0x5904,0x9c0f,0x7986,0x2861,0x2861,0x5104,0x50c3,0x2061,0x2881,0x51c6,
0x3904,0x2082,0x3082,0x2861,0x50e3,0x2041,0x48c3,0x48c3,0x3882,0x3082,0x50c3,0x5965,
0x1820,0x2861,0x0001,0x0800,0x4986,0x5904,0x1020,0x71a7,0x1000,0x2861,0x9a6a,0x1000,
0x0800,0x0820,0x2861,0x50c3,0x50a2,0x2041,0x4082,0x28c3,0x30c3,0x2061,0x2882,0x3061,
0x5124,0x2861,0x2861,0x48e4,0x30a2,0x30a2,0x40a3,0x5986,0x1820,0x1841,0x1841,0x1841,
0x0001,0x4945,0x48a3,0x71a6,0x2041,0x79e8,0x0800,0x1840,0x2861,0x1841,0x2861,0x5924,
0x3082,0x3061,0x3882,0x4986,0x38a2,0x3882,0x2061,0x2882,0x48e3,0x1861,0x48c3,0x0800,
0x28a2,0x38c3,0x48a2,0x79a7,0x1820,0x3082,0x3082,0x38c3,0x2861,0x0800,0x6986,0x8a8a,
0x3862,0x2841,0x1820,0x50e3,0x40c3,0x3082,0x2041,0x50c3,0x3082,0x2861,0x4104,0x1020,
0x2882,0x2861,0x2861,0x2861,0x3924,0x2061,0x1841,0x0001,0x0001,0x30a3,0x28a2,0x69e7,
0x1820,0x1020,0x2861,0x6228,0x40e3,0x1820,0x3082,0x8a8a,0x4082,0x0800,0x38a2,0x49c6,
0x38a3,0x1020,0x2861,0x5124,0x30a2,0x38a3,0x0001,0x0001,0x0800,0x38a2,0x2861,0x3082,
0x48e3,0x3082,0x0800,0x0820,0x1861,0x1820,0x48c3,0x5965,0x1841,0x3062,0x2882,0x8249,
0x6145,0x2861,0x0820,0x8229,0x40a2,0x2020,0x4104,0x7aeb,0x5945,0x2861,0x2861,0x48e3,
0x30a2,0x40a2,0x1882,0x18a2,0x0001,0x1841,0x2061,0x2861,0x4924,0x2861,0x2061,0x2082,
0x0001,0x0800,0x5104,0x5986,0x2041,0x2041,0x1841,0x30a2,0x8a69,0x40a3,0x1020,0x69a7,
0x1820,0x30a2,0x79e8,0x6a08,0x1841,0x3082,0x2861,0x48e3,0x38e3,0x2882,0x0001,0x1041,
0x3082,0x1020,0x30a2,0x40c3,0x4945,0x1841,0x1020,0x0001,0x0020,0x0800,0x38a2,0x5986,
0x1000,0x0820,0x1020,0x0800,0x0800,0x8249,0x3082,0x6986,0x1840,0x5125,0x2861,0x0800,
0x1020,0x0800,0x2041,0x4124,0x30c2,0x3082,0x0001,0x0020,0x0001,0x1841,0x3082,0x38c3,
0x48e3,0x1841,0x1841,0x4924,0x4104,0x1041,0x48e3,0x7966,0x1000,0x2861,0x3061,0x38c3,
0x1820,0x1000,0x5924,0x7208,0x3041,0x5925,0x0820,0x3882,0x3082,0x1820,0x2061,0x48e3,
0x40c3,0x2862,0x20a2,0x5166,0x28a2,0x2882,0x3082,0x30a3,0x5945,0x2061,0x2061,0x0001,
0x0020,0x0001,0x38a2,0x5924,0x1020,0x40e3,0x48e3,0x4165,0x4082,0x1000,0x40c3,0x928a,
0x48a2,0x0800,0x2861,0x4904,0x30a2,0x51a7,0x2041,0x4924,0x38a2,0x2061,0x0001,0x0020,
0x0800,0x2061,0x2861,0x38a2,0x5145,0x2061,0x0001,0x30c3,0x4924,0x2882,0x48a2,0x6145,
0x2841,0x2041,0x3082,0x59c7,0x41e7,0x2041,0x1841,0x69e8,0x4082,0x1820,0x40c3,0x6269,
0x50c3,0x1020,0x2861,0x4904,0x2882,0x38a2,0x5166,0x4925,0x0001,0x2061,0x2861,0x3882,
0x40e4,0x2861,0x2862,0x0001,0x0001,0x0001,0x40a2,0x5145,0x1820,0x1841,0x5144,0x8b6d,
0x4986,0x3882,0x0800,0x7186,0x2041,0x2041,0x50e4,0x9430,0x7186,0x2861,0x2882,0x40e4,
0x2882,0x2881,0x0001,0x0001,0x2861,0x2061,0x2861,0x3062,0x50e4,0x2862,0x0800,0x1861,
0x30c3,0x2061,0x48a3,0x61a6,0x2041,0x1020,0x0800,0x0001,0x5124,0x50e4,0x1020,0x71a7,
0x1000,0x2862,0x9a8a,0x1820,0x0800,0x1020,0x2041,0x5104,0x30a2,0x2862,0x40e3,0x28a2,
0x0020,0x2882,0x2841,0x38a3,0x30e3,0x2882,0x38c2,0x1020,0x0001,0x0001,0x5104,0x51a6,
0x1820,0x1821,0x1841,0x1841,0x0001,0x5966,0x48c3,0x69c7,0x2041,0x8229,0x0800,0x1020,
0x2041,0x1020,0x2861,0x5124,0x3061,0x2861,0x0001,0x0800,0x38a3,0x1841,0x2861,0x2882,
0x4925,0x2861,0x1000,0x0001,0x0820,0x0820,0x48a2,0x6186,0x1020,0x2882,0x28a2,0x48e4,
0x3061,0x0800,0x5124,0x6208,0x3861,0x3082,0x1820,0x40a2,0x3904,0x1841,0x2861,0x40c3,
0x2861,0x2882,0x1061,0x0841,0x0001,0x1841,0x2861,0x3882,0x5104,0x2061,0x0820,0x4124,
0x38c3,0x1041,0x38a2,0x6145,0x1820,0x1020,0x2041,0x3165,0x48c3,0x1820,0x3082,0x5a08,
0x3882,0x1000,0x3082,0x5165,0x28a2,0x1020,0x2021,0x4104,0x30a2,0x38a2,0x20a2,0x4924,
0x28a2,0x1841,0x2841,0x4082,0x38e3,0x1882,0x2061,0x0001,0x0001,0x0001,0x38a2,0x6104,
0x1820,0x1841,0x3082,0x8269,0x40e3,0x2041,0x1020,0x7a08,0x2841,0x2041,0x4104,0x6248,
0x50e3,0x1841,0x2041,0x40c3,0x40a3,0x3082,0x0001,0x0001,0x0001,0x2882,0x1841,0x40a2,
0x50e4,0x2061,0x0820,0x28a3,0x4945,0x2082,0x40a3,0x5125,0x1020,0x2861,0x38a2,0x59c7,
0x7a08,0x3082,0x0800,0x79a7,0x2021,0x2041,0x6165,0x934d,0x48c3,0x3061,0x2861,0x40a3,
0x28a2,0x2882,0x4986,0x3904,0x0001,0x2882,0x2041,0x40a2,0x4904,0x2061,0x3082,0x0820,
0x0001,0x0001,0x4082,0x5925,0x1841,0x0820,0x0800,0x0800,0x2841,0x6925,0x1841,0x6145,
0x1000,0x38c3,0x6145,0x0800,0x0800,0x0820,0x2861,0x38a3,0x2882,0x3082,0x0001,0x0001,
0x38c3,0x2862,0x2041,0x40c3,0x48e3,0x1841,0x1820,0x0001,0x0020,0x0820,0x4082,0x6104,
0x1020,0x2862,0x2861,0x3082,0x0800,0x2061,0x48e3,0x6945,0x2841,0x71c7,0x0800,0x2041,
0x4082,0x2061,0x1841,0x48e4,0x2061,0x38a2,0x0020,0x0020,0x0001,0x2062,0x2021,0x3882,
0x40c3,0x2882,0x1020,0x0841,0x0861,0x3882,0x3882,0x4904,0x1820,0x40c3,0x30c2,0x4944,
0x2061,0x0800,0x5166,0x7208,0x3041,0x1820,0x1820,0x40c3,0x30c3,0x38e3,0x2041,0x48c3,
0x2082,0x3082,0x1041,0x0881,0x0001,0x2861,0x1820,0x40a3,0x50e4,0x2061,0x1020,0x18a2,
0x4104,0x5924,0x4082,0x5104,0x1820,0x0800,0x30a2,0x31a6,0x3904,0x1820,0x2061,0x69c7,
0x4062,0x0800,0x3082,0x41c6,0x2882,0x0001,0x1841,0x40a3,0x30a2,0x40c3,0x40c3,0x30c2,
0x1861,0x2041,0x1841,0x40a3,0x3082,0x2061,0x2882,0x30a2,0x40c3,0x1841,0x38a3,0x5125,
0x1820,0x3082,0x2861,0x6a69,0x30e3,0x2041,0x0800,0x5925,0x3882,0x1020,0x5104,0x4a28,
0x40c3,0x2061,0x2041,0x48c3,0x38c3,0x2041,0x2861,0x48e3,0x3082,0x30a2,0x1820,0x40a3,
0x3082,0x1841,0x2061,0x1020,0x2061,0x1841,0x30a2,0x48e4,0x1020,0x2041,0x2061,0x49a6,
0x6165,0x38a2,0x0001,0x7166,0x1000,0x3062,0x5924,0x728a,0x2882,0x2861,0x2061,0x38c3,
0x3082,0x2061,0x2061,0x1840,0x1841,0x1020,0x1841,0x3882,0x2105,0x20c5,0x0001,0x2106,
0x1083,0x59ae,0x20e6,0x398a,0x2927,0x20e5,0x0041,0x0821,0x20e5,0x2105,0x0862,0x2947,
0x2906,0x0862,0x2105,0x1083,0x0842,0x2105,0x20e5,0x3148,0x3149,0x396a,0x0842,0x2927,
0x10a3,0x18c4,0x20e5,0x20e4,0x18a3,0x0862,0x0862,0x0021,0x18a4,0x59af,0x3129,0x18c4,
0x18a3,0x2105,0x0841,0x0021,0x20e4,0x2105,0x0861,0x2906,0x3168,0x18a3,0x18c4,0x1062,
0x0863,0x18e4,0x20e5,0x20e4,0x20e5,0x496e,0x0020,0x28c6,0x0001,0x0862,0x20e5,0x18c4,
0x18c4,0x1063,0x0841,0x0841,0x0001,0x59d0,0x7a55,0x3127,0x18c4,0x18c4,0x0021,0x0841,
0x18e4,0x2905,0x0001,0x20c5,0x0001,0x2926,0x2126,0x1062,0x0862,0x20e5,0x18a3,0x2906,
0x416b,0xab5b,0x0841,0x0021,0x1082,0x0021,0x2947,0x18c4,0x20e4,0x1082,0x1082,0x18c4,
0x0020,0x0862,0x7a35,0x2106,0x20e5,0x2105,0x0021,0x0041,0x2105,0x3168,0x0021,0x28e6,
0x0041,0x3168,0x2104,0x18a3,0x0862,0x18c4,0x2947,0x20e5,0x28c8,0x5a0e,0x0841,0x10a3,
0x1062,0x18c4,0x20e5,0x2927,0x2926,0x0841,0x1082,0x10a3,0x18c3,0x0841,0x0842,0x59ef,
0x18c4,0x2105,0x0841,0x0841,0x2926,0x3188,0x0001,0x28e7,0x0020,0x3147,0x2946,0x1083,
0x1082,0x20e5,0x18c4,0x3129,0x59cf,0x0841,0x0862,0x10a3,0x1062,0x0040,0x2906,0x20c5,
0x0001,0x28e6,0x0841,0x20e5,0x10a3,0x1082,0x0841,0x18a4,0x390a,0x2106,0x0020,0x0021,
0x2946,0x3167,0x0020,0x49ab,0x0861,0x3968,0x2105,0x0841,0x0861,0x20e5,0x2106,0x620f,
0x0862,0x0861,0x18a4,0x18c4,0x1062,0x1083,0x20e5,0x0001,0x2947,0x0021,0x0841,0x18c4,
0x20e5,0x10a3,0x1083,0x1062,0x59b0,0x2908,0x0020,0x0841,0x2925,0x18a3,0x39a9,0x3128,
0x2105,0x2945,0x18e3,0x1083,0x1082,0x3989,0x28e9,0x3109,0x0841,0x1082,0x20e5,0x18a4,
0x1082,0x18c4,0x18a3,0x20c5,0x18c4,0x0841,0x0862,0x1062,0x18c4,0x20e5,0x10a3,0x0841,
0x9b1a,0x414c,0x0020,0x0861,0x2105,0x2946,0x41aa,0x20e5,0x2106,0x2946,0x20e4,0x0862,
0x18a3,0x2908,0x69f3,0x2908,0x1082,0x20e5,0x18c4,0x18c3,0x0862,0x10a4,0x2927,0x18c3,
0x18a4,0x0841,0x0841,0x18a3,0x18e4,0x2106,0x2907,0x20c6,0x0001,0x0001,0x0842,0x0021,
0x20e4,0x2105,0x3989,0x0862,0x3128,0x2104,0x2925,0x1062,0x20e5,0x0001,0x0001,0x0841,
0x2927,0x2906,0x18e4,0x18c3,0x1082,0x0841,0x2907,0x0861,0x1062,0x0841,0x0862,0x20e4,
0x18c3,0x2106,0x20e6,0x394a,0x10a3,0x0862,0x1083,0x0021,0x3147,0x2105,0x3989,0x0862,
0x28e6,0x3167,0x18c4,0x0862,0x20e5,0x0862,0x0861,0x0841,0x3128,0x18a4,0x18c4,0x18e4,
0x1083,0x0001,0x3168,0x0841,0x0841,0x0841,0x18c5,0x10a2,0x1083,0x2106,0x28e7,0x498c,
0x18c4,0x18c3,0x1082,0x0001,0x0001,0x2947,0x3969,0x0862,0x2907,0x2926,0x18c4,0x0862,
0x0020,0x18c4,0x18c4,0x0001,0x394b,0x3969,0x18c3,0x18a3,0x1083,0x0020,0x20e5,0x1062,
0x1062,0x3148,0x0001,0x3108,0x18a3,0x18c4,0x418b,0x392a,0x2927,0x10a3,0x20e4,0x1082,
0x0020,0x2946,0x396a,0x0862,0x3949,0x20e5,0x10a3,0x0021,0x18c4,0x20e5,0x20e5,0x0001,
0x7a56,0x2907,0x20e5,0x20e6,0x0842,0x2926,0x0841,0x20e5,0x18c4,0x0862,0x2105,0x0001,
0x416b,0x2907,0x5991,0x2906,0x0001,0x20c5,0x20c4,0x10a3,0x0861,0x28e6,0x3949,0x20c6,
0x1062,0x496b,0x18c4,0x0862,0x20e4,0x2927,0x0021,0x18c4,0x8ab7,0x20e7,0x18a5,0x28e7,
0x20e5,0x0020,0x2105,0x10a2,0x10a3,0x2105,0x1083,0x2947,0x18a4,0x5990,0x1883,0x1082,
0x3989,0x0001,0x3127,0x1083,0x1083,0x0001,0x0001,0x49cc,0x1062,0x0001,0x1083,0x0862,
0x18c4,0x0841,0x2926,0x1062,0x0841,0x6a33,0x498d,0x0842,0x1083,0x20e5,0x10a2,0x10a3,
0x10a3,0x10a3,0x2105,0x18a3,0x0862,0x8ab6,0x0841,0x18c4,0x0862,0x41ca,0x0001,0x2948,
0x10a3,0x0001,0x0020,0x418b,0x2105,0x0841,0x2906,0x10a3,0x0862,0x41aa,0x0841,0x18c4,
0x10a3,0x18a5,0x390b,0x1083,0x2104,0x18c4,0x1082,0x10a3,0x1082,0x18c4,0x18c4,0x2906,
0x0841,0x61d0,0x18c4,0x18c4,0x18a3,0x1062,0x3989,0x0001,0x18c4,0x0841,0x0862,0x41ac,
0x18e5,0x1062,0x2106,0x0841,0x3127,0x1082,0x1082,0x20e5,0x18a3,0x18a4,0x414b,0x0862,
0x18a3,0x18e4,0x1082,0x18a3,0x1083,0x10a3,0x18c3,0x2106,0x0842,0x7274,0x20e5,0x18c3,
0x20e4,0x2105,0x1082,0x2105,0x18c4,0x0001,0x0001,0x496c,0x0862,0x0861,0x20e5,0x0001,
0x18e4,0x1082,0x20e5,0x18c3,0x18a3,0x1884,0x30ea,0x18a4,0x18c4,0x10a2,0x1082,0x0862,
0x0001,0x10a3,0x10a3,0x2927,0x0842,0x51af,0x18a4,0x18e4,0x20e4,0x18c3,0x1082,0x18c4,
0x1083,0x2926,0x51ec,0x20c5,0x20e5,0x3147,0x10a3,0x0020,0x18e4,0x2105,0x20e4,0x18c4,
0x20e5,0x20c5,0x414c,0x1083,0x18c4,0x10a3,0x18c4,0x0841,0x2906,0x0841,0x18a4,0x2906,
0x1063,0x59b0,0x20e5,0x18a3,0x10a3,0x10a3,0x18c4,0x0861,0x18a3,0x2947,0x3128,0x1083,
0x3128,0x2105,0x20e5,0x0001,0x20e4,0x18c4,0x18c4,0x18c3,0x2106,0x2927,0x30cb,0x1062,
0x18c4,0x18c3,0x0001,0x2106,0x1082,0x18a4,0x1062,0x2906,0x1063,0x9b38,0x2907,0x2906,
0x2926,0x18c4,0x10a3,0x1082,0x1082,0x18c4,0x396a,0x0862,0x28e6,0x2105,0x1082,0x0001,
0x10a3,0x20e5,0x20e5,0x20e5,0x20c5,0x418b,0x494d,0x18a4,0x20e5,0x0001,0x2927,0x1082,
0x18a3,0x20e5,0x0842,0x18c4,0x0841,0x8a38,0x5a0f,0x20e6,0x18c4,0x18a3,0x18c3,0x10a3,
0x18c4,0x2106,0x18a4,0x1083,0x1083,0x18c4,0x2926,0x0001,0x18c4,0x18c4,0x2105,0x20e5,
0x3129,0x92b9,0x51eb,0x1083,0x0001,0x3989,0x1083,0x18c3,0x18a3,0x18c4,0x3968,0x0020,
0x3169,0x20c5,0x28a8,0x3128,0x18c4,0x18c3,0x18c4,0x18a3,0x18c4,0x2927,0x0842,0x20e6,
0x0001,0x3148,0x2906,0x0001,0x20e5,0x18c4,0x18e4,0x2926,0x0841,0x6a11,0x20e5,0x0842,
0x49cb,0x18a4,0x18c3,0x18c4,0x10a3,0x20e5,0x18c4,0x1062,0x0041,0x1864,0x414c,0x0841,
0x18c4,0x18a3,0x18c4,0x18a3,0x18a3,0x2927,0x0021,0x498c,0x18a4,0x3128,0x18c4,0x0020,
0x2105,0x18a3,0x2106,0x0841,0x0841,0x59b0,0x10a3,0x18a3,0x0001,0x2927,0x18a3,0x1083,
0x1083,0x20e5,0x0001,0x20e5,0x0841,0x18a4,0x412c,0x1082,0x0020,0x2105,0x18e4,0x1083,
0x10a3,0x20e6,0x1042,0x496d,0x28e8,0x28e6,0x18c4,0x0020,0x20e5,0x2105,0x0001,0x0862,
0x0041,0x8275,0x1062,0x2927,0x10a3,0x0021,0x20e5,0x18c4,0x20e5,0x0001,0x18a4,0x10a3,
0x1062,0x1884,0x30ea,0x0020,0x10a3,0x20e5,0x18c4,0x1083,0x18c4,0x2906,0x0822,0x414c,
0x498e,0x416b,0x20e5,0x0001,0x18c4,0x3168,0x0841,0x0841,0x0001,0x69d2,0x1083,0x20e5,
0x20e4,0x0001,0x0821,0x18c4,0x0001,0x0041,0x20e6,0x1083,0x0841,0x28e7,0x1063,0x20e5,
0x18c5,0x0001,0x2906,0x18a4,0x20e5,0x2907,0x0841,0x9298,0x6a32,0x30e8,0x2106,0x0020,
0x2927,0x0001,0x0841,0x3989,0x2105,0x510f,0x18a4,0x18a3,0x18c4,0x0020,0x0841,0x0821,
0x0001,0x0862,0x1062,0x18c4,0x0001,0x28e7,0x18a5,0x18c4,0x18c4,0x2927,0x0001,0x1083,
0x18c4,0x20e6,0x1083,0x3949,0x0001,0x49ac,0x18c4,0x0020,0x0842,0x0841,0x2926,0x20c4,
0x18c5,0x59f0,0x20e5,0x0862,0x18c4,0x0021,0x0862,0x18c4,0x0862,0x0862,0x1083,0x18c4,
0x0862,0x20c6,0x28e8,0x20e6,0x18c4,0x20e4,0x0020,0x0020,0x20c5,0x20e4,0x392a,0x1063,
0x28e7,0x20e5,0x18a4,0x0862,0x0020,0x2906,0x18c4,0x18c4,0x20c6,0x598f,0x2927,0x18e4,
0x18a3,0x0001,0x10a3,0x0841,0x2927,0x0841,0x18a3,0x18a4,0x18a4,0x20a5,0x30e9,0x20e7,
0x18a3,0x18c4,0x0020,0x0021,0x10a3,0x20e5,0x3969,0x0862,0x2907,0x20e5,0x18c4,0x0862,
0x0861,0x2906,0x10a3,0x20e5,0x20e6,0x7213,0x20c6,0x18a3,0x18c4,0x0021,0x0841,0x2927,
0x20e5,0x0020,0x10a3,0x18c4,0x1063,0x28e7,0x69f1,0x2907,0x18c4,0x18c5,0x0821,0x0841,
0x20e5,0x18c4,0x414b,0x0020,0x20c6,0x20e5,0x2105,0x0841,0x1082,0x20e5,0x18c4,0x20e5,
0x3129,0x8215,0x20c6,0x18a4,0x20e5,0x0020,0x20c5,0x1083,0x2906,0x0020,0x10a3,0x18c4,
0x1083,0x28c7,0x414b,0x2928,0x18c4,0x20e5,0x0021,0x0841,0x10a3,0x20e5,0x394b,0x0041,
0x3949,0x2906,0x20e5,0x0842,0x0862,0x2105,0x2926,0x2106,0x2948,0x8254,0x20a5,0x18e4,
0x18e4,0x0020,0x18a4,0x18e4,0x2105,0x0020,0x18e4,0x20e5,0x1063,0x3949,0x28e9,0x2106,
0x20e5,0x2105,0x0001,0x0841,0x18a4,0x2907,0x51cd,0x0882,0x3128,0x3128,0x2906,0x0841,
0x0862,0x3147,0x20e5,0x20e5,0x2927,0x8ad6,0x20c5,0x1083,0x18c4,0x0020,0x18a4,0x18a4,
0x18e3,0x1924,0x29e7,0x29c7,0x2965,0x39c7,0x29c7,0x2166,0x1945,0x2166,0x29a6,0x29e7,
0x31c7,0x31e8,0x0882,0x632c,0x10a3,0x29a7,0x2166,0x29c7,0x21a7,0x29a6,0x21c7,0x21a6,
0x2186,0x2966,0x29a7,0x2186,0x1904,0x2165,0x1904,0x2165,0x1945,0x2a08,0x4269,0x0001,
0x0001,0x0001,0x0001,0x0001,0x0001,0x0001,0x0001,0x0001,0x0001,0x0001,0x4228,0x8451,
0x39e7,0x18c3,0x0001,0x0001,0x0001,0x0001,0x0001,0x0001,0x0001,0x0001,0x0001,0x0001,
0x2145,0x31a6,0x29e7,0x29a6,0x1904,0x3249,0x0001,0x0001,0x0001,0x0001,0x0001,0x0020,
0x0001,0x0020,0x0020,0x0001,0x0001,0x0001,0x0861,0x52aa,0x18e3,0x0020,0x0001,0x0020,
0x0820,0x0841,0x0040,0x0020,0x0001,0x0001,0x0001,0x0001,0x0001,0x18e3,0x21c7,0x29a7,
0x2945,0x0001,0x10a2,0x10c3,0x2124,0x1924,0x21e7,0x1986,0x19e7,0x2228,0x2a69,0x2a49,
0x2a08,0x1904,0x2165,0x5aeb,0x0001,0x31a7,0x31c7,0x3249,0x2a29,0x2249,0x2208,0x21c7,
0x21e7,0x2165,0x1965,0x10e3,0x10a2,0x0041,0x1082,0x31a6,0x2165,0x18e3,0x39c7,0x3a08,
0x3a49,0x4a8a,0x430c,0x4b6d,0x53ae,0x5bae,0x5b8e,0x5b2c,0x52eb,0x4a6a,0x3a08,0x5aca,
0x10a2,0x42ab,0x5aeb,0x4b2d,0x63ae,0x538e,0x53cf,0x434d,0x4b2c,0x428a,0x3a49,0x3a28,
0x29c7,0x2145,0x29a6,0x2165,0x18e3,0x29e7,0x0001,0x0001,0x0001,0x0001,0x0001,0x0001,
0x0001,0x0001,0x0001,0x0001,0x0001,0x0001,0x4a49,0x6b6d,0x31a6,0x18e3,0x0001,0x0001,
0x0001,0x0001,0x0001,0x0001,0x0001,0x0001,0x0001,0x0001,0x0001,0x10c3,0x29c7,0x2124,
0x1924,0x0861,0x0020,0x0001,0x0020,0x0020,0x0020,0x0001,0x0841,0x0020,0x0041,0x0020,
0x0841,0x0001,0x0882,0x8c50,0x20e3,0x0001,0x0001,0x0841,0x0861,0x0041,0x0841,0x0020,
0x0020,0x0020,0x0001,0x0001,0x0001,0x0001,0x31e8,0x2145,0x29a6,0x0841,0x08a2,0x10e3,
0x2186,0x1986,0x2269,0x2249,0x2249,0x32cb,0x2289,0x3b2d,0x3228,0x2945,0x2125,0x528a,
0x1082,0x39a6,0x31c7,0x332c,0x2aaa,0x32eb,0x2aeb,0x2269,0x2207,0x21e7,0x19a6,0x1904,
0x08c3,0x10a2,0x2986,0x2985,0x0861,0x18e3,0x2965,0x3186,0x31a6,0x3a08,0x326a,0x3229,
0x3229,0x3228,0x3aab,0x52aa,0x5b0c,0x3208,0x1904,0x62cb,0x0861,0x21a6,0x4aaa,0x528a,
0x3a49,0x4269,0x3269,0x32aa,0x32cb,0x3249,0x31e7,0x2986,0x29a7,0x10c3,0x10e3,0x0862,
0x1924,0x2165,0x0001,0x0001,0x0001,0x0001,0x0001,0x0001,0x0001,0x0001,0x0001,0x0001,
0x0001,0x0001,0x31a6,0x41c7,0x18e3,0x0841,0x0001,0x0001,0x0001,0x0001,0x0001,0x0001,
0x0001,0x0001,0x0001,0x0001,0x0001,0x0882,0x10e3,0x4249,0x2145,0x1082,0x0020,0x0001,
0x0020,0x0020,0x0020,0x0020,0x0861,0x0841,0x0882,0x0861,0x0020,0x0020,0x0862,0x62eb,
0x0001,0x0841,0x0820,0x0841,0x10a2,0x0841,0x0861,0x0841,0x0841,0x0020,0x0020,0x0020,
0x0001,0x0001,0x2165,0x29e7,0x2145,0x0001,0x10a2,0x18e4,0x2165,0x29c7,0x2a49,0x2a28,
0x32aa,0x2acb,0x332c,0x4b8e,0x3a6a,0x29a6,0x2145,0x736d,0x1082,0x3a28,0x4249,0x4b4d,
0x3b4d,0x32cb,0x2acb,0x2269,0x2a8a,0x2208,0x2186,0x2124,0x10a2,0x10a2,0x10c3,0x1904,
0x0882,0x29a6,0x18e4,0x2124,0x2986,0x29c7,0x29a7,0x3249,0x3249,0x3269,0x3249,0x31a6,
0x31e8,0x3208,0x10e3,0x8c71,0x2965,0x3208,0x29e7,0x3a49,0x31c7,0x3269,0x2a28,0x3249,
0x21c7,0x29c7,0x2165,0x2145,0x2124,0x29a6,0x2965,0x2965,0x18e4,0x3228,0x0001,0x0001,
0x0001,0x0001,0x0001,0x0001,0x0001,0x0001,0x0001,0x0001,0x0001,0x0001,0x7bae,0xce58,
0x6b6d,0x2945,0x0001,0x0001,0x0001,0x0001,0x0001,0x0001,0x0001,0x0001,0x0001,0x0001,
0x0001,0x3186,0x2945,0x31e7,0x10e3,0x18e3,0x0020,0x0020,0x0841,0x0840,0x0841,0x0040,
0x0841,0x0841,0x0861,0x0841,0x0020,0x0020,0x0020,0x4a49,0x2944,0x0020,0x0820,0x0841,
0x0881,0x0861,0x0861,0x0841,0x0041,0x0841,0x0820,0x0001,0x0001,0x0001,0x1966,0x31e8,
0x2945,0x10c3,0x10e3,0x1104,0x2165,0x29a7,0x3208,0x328a,0x3b0b,0x4bae,0x4bcf,0x534d,
0x42ab,0x39c7,0x10a2,0x736d,0x18a2,0x3a28,0x3a08,0x428a,0x4b2c,0x3b4c,0x3b6d,0x3b2c,
0x2a69,0x29e7,0x2186,0x1945,0x10c3,0x1945,0x2145,0x4208,0x10a2,0x18e3,0x2145,0x2945,
0x1904,0x2165,0x1945,0x1945,0x1965,0x2186,0x2165,0x2986,0x2965,0x31c7,0x2965,0x5289,
0x1082,0x3249,0x1903,0x21a6,0x2165,0x21c7,0x1965,0x21a6,0x1104,0x2144,0x2145,0x2945,
0x2145,0x10e3,0x18e3,0x10a2,0x2124,0x2144,0x0001,0x0001,0x0001,0x0001,0x0001,0x0001,
0x0001,0x0001,0x0001,0x0001,0x0001,0x0001,0x10c3,0x52aa,0x18c3,0x0001,0x0001,0x0001,
0x0001,0x0001,0x0001,0x0001,0x0001,0x0001,0x0001,0x0001,0x0001,0x0020,0x1924,0x2986,
0x18e3,0x0882,0x0040,0x0861,0x0841,0x0861,0x0861,0x0861,0x1082,0x0882,0x10a2,0x0882,
0x0841,0x0020,0x10a2,0x7bef,0x3165,0x0882,0x0861,0x1082,0x0882,0x08a2,0x0881,0x0861,
0x0861,0x0861,0x0861,0x0841,0x0020,0x0001,0x29a6,0x2145,0x2103,0x10a2,0x2124,0x2125,
0x29a6,0x3229,0x3a6a,0x3a8a,0x3b6e,0x4c30,0x4bae,0x534d,0x4aaa,0x630c,0x9cd2,0xc659,
0x73ae,0x9471,0x4a8a,0x4aec,0x430c,0x5431,0x43ef,0x3acb,0x3229,0x3208,0x2986,0x2965,
0x2145,0x18e3,0x18c3,0x2986,0x10c3,0x2124,0x10a3,0x18c3,0x1945,0x1924,0x10e3,0x1945,
0x1965,0x1145,0x2166,0x1904,0x1904,0x2145,0x10c2,0x2986,0x39a6,0x0841,0x2125,0x1924,
0x1945,0x1925,0x1924,0x1945,0x1904,0x10e3,0x10c3,0x10c3,0x10a2,0x10c3,0x31a6,0x31a6,
0x18e3,0x2145,0x0001,0x0001,0x0001,0x0001,0x0001,0x0001,0x0001,0x0001,0x0001,0x0001,
0x0001,0x0001,0x0861,0x6b0b,0x1081,0x0861,0x0001,0x0001,0x0001,0x0020,0x0020,0x0001,
0x0001,0x0001,0x0001,0x0001,0x0001,0x0041,0x1945,0x21a7,0x2145,0x0841,0x0821,0x0861,
0x0882,0x10a2,0x08a2,0x0882,0x0882,0x1082,0x10a2,0x10a2,0x0882,0x0841,0x18e3,0x6b0b,
0x1081,0x0861,0x0882,0x10c3,0x10c3,0x0882,0x10a2,0x0882,0x1082,0x1082,0x0882,0x10a2,
0x0841,0x0020,0x2186,0x1945,0x2965,0x18e3,0x1924,0x31c7,0x2165,0x31e8,0x3269,0x32cb,
0x438e,0x4c91,0x5410,0x536d,0x52eb,0x31a6,0x18e3,0x6b2c,0x0841,0x29a6,0x4a69,0x530c,
0x42aa,0x4c30,0x5c51,0x43ce,0x3acb,0x3228,0x2986,0x2145,0x2965,0x10c3,0x18c3,0x5acb,
0x10a2,0x1945,0x18e4,0x1082,0x1904,0x1904,0x18e3,0x2186,0x21a6,0x1945,0x2186,0x2965,
0x1904,0x31a6,0x39a6,0x4a48,0x10a2,0x2a08,0x1945,0x1945,0x1924,0x1965,0x1125,0x1925,
0x2124,0x18e3,0x1904,0x18e3,0x1082,0x2166,0x10e3,0x1904,0x18e4,0x21e7,0x0001,0x0001,
0x0001,0x0001,0x0001,0x0020,0x0020,0x0020,0x0020,0x0001,0x0001,0x0001,0x29c7,0x4a28,
0x0882,0x0862,0x0001,0x0020,0x0841,0x0020,0x0020,0x0020,0x0001,0x0001,0x0001,0x0001,
0x0001,0x1924,0x2165,0x2185,0x10c3,0x10c3,0x0841,0x10a2,0x10c3,0x10e3,0x10c3,0x08a2,
0x10c3,0x1904,0x18e3,0x10a2,0x18e3,0x0841,0x0861,0x62eb,0x41e7,0x0020,0x18c3,0x1904,
0x10c3,0x10c3,0x10a2,0x1082,0x10c3,0x10e3,0x10c3,0x10a2,0x0861,0x0001,0x29a6,0x2145,
0x1904,0x2103,0x2965,0x29a6,0x31e8,0x3a49,0x430c,0x4bef,0x4430,0x42aa,0x42eb,0x4acb,
0x3aaa,0x528a,0x0882,0xb554,0x1082,0x31e7,0x4a8a,0x4aaa,0x3269,0x432c,0x4c30,0x4c30,
0x438d,0x3269,0x31e7,0x2986,0x2945,0x1924,0x10c3,0x2145,0x1904,0x2986,0x0020,0x0841,
0x0882,0x1082,0x0861,0x0882,0x0061,0x0882,0x0882,0x0882,0x0861,0x2145,0x2986,0x4207,
0x1082,0x428a,0x0041,0x0861,0x0882,0x0882,0x0082,0x0882,0x0861,0x0861,0x0861,0x0041,
0x0041,0x1904,0x2104,0x31a6,0x2165,0x18e3,0x0001,0x0001,0x0001,0x0001,0x0001,0x0020,
0x0020,0x0040,0x0041,0x0020,0x0001,0x0001,0x2145,0x62eb,0x2104,0x0020,0x0001,0x0001,
0x0020,0x0841,0x0061,0x0041,0x0001,0x0001,0x0001,0x0001,0x0001,0x0020,0x18e4,0x2145,
0x10c3,0x0841,0x0861,0x10a2,0x10e3,0x1945,0x1124,0x1145,0x1104,0x1125,0x1924,0x1965,
0x1945,0x10a2,0x0882,0x4228,0x18e3,0x10a2,0x1904,0x1965,0x1945,0x19a6,0x1124,0x1104,
0x1104,0x1904,0x10e3,0x10a2,0x0861,0x0841,0x10e3,0x528a,0x18e3,0x31a6,0x31a6,0x2166,
0x29c7,0x3208,0x328a,0x3acb,0x3b4d,0x4bae,0x432d,0x42eb,0x528a,0x4a6a,0x18e3,0x5aaa,
0x1082,0x3a08,0x4a6a,0x4269,0x4acb,0x536d,0x4c10,0x430c,0x428a,0x3208,0x31a6,0x2986,
0x2986,0x2986,0x2165,0x10c3,0x840f,0x5acb,0x8c30,0x9471,0x840f,0x840f,0x840f,0x840f,
0x840f,0x8c30,0x8c50,0x7bce,0x94b2,0x39a6,0x9491,0x39c7,0xa4f3,0x7bae,0x9470,0x8c50,
0x9491,0x8430,0x83ef,0x7bce,0x8c50,0x8c50,0x8c30,0xa4f3,0x9c91,0x7bae,0x630c,0x83ef,
0x83ef,0x39c7,0x6b4c,0x3165,0xa4f3,0x83ef,0x9491,0x8c50,0x9491,0x9471,0x8430,0x8c50,
0x5aaa,0x4a69,0x9cb2,0x18e3,0x8c50,0x9450,0x2124,0x9cb2,0x9491,0x840f,0x8410,0x8430,
0x9471,0x8c50,0x9471,0x4a48,0x5249,0x3186,0x9491,0x8c30,0x83ef,0x5aca,0x2104,0x5269,
0x9cb2,0x9cb2,0x9471,0x83ef,0x6b4d,0x9471,0x8c50,0x5289,0x3165,0x8c50,0x6b4c,0x4a48,
0x2944,0x9470,0x4208,0x3185,0x8c50,0x8c30,0x7bcf,0x7bce,0x9cb2,0x840f,0x9450,0x5aaa,
0x3186,0x31a6,0x8c71,0x8c30,0x840f,0x738d,0x8c50,0x83ef,0x6b4c,0x6b4c,0x8c51,0x840f,
0x9471,0x9cb2,0x4208,0x9cb2,0x8c10,0x630b,0x9cb2,0x2103,0x5269,0x7b8e,0x7bcf,0x9c91,
0x62eb,0x7bce,0x9c91,0x8430,0x9471,0x9491,0x9c91,0x6b2c,0x9491,0x840f,0x8410,0x7bce,
0x7bce,0x83ef,0x840f,0x83ef,0x7bef,0x5289,0x9491,0x8c50,0x9471,0x9cb2,0x5aca,0x630b,
0x630b,0x630b,0x7b8d,0x2924,0x9491,0x630b,0x5aaa,0x5aaa,0x5aca,0x83ef,0x9491,0x9471,
0x9491,0x9491,0x3186,0x840f,0x8c10,0x8c30,0x738d,0x7bae,0x4a28,0x840f,0x8c50,0x9cb2,
0x7bae,0x630b,0x4207,0xa513,0x6b4c,0x734c,0x5aca,0x5aa9,0x736d,0x736d,0x8c30,0x2945,
0x9c91,0x8c0f,0x840f,0x62eb,0x6b2c,0x62eb,0x62eb,0xad34,0x62eb,0x3186,0xb575,0x840f,
0x9cb1,0x738d,0x4a48,0x7bae,0x83ef,0x8c30,0x840f,0x8c71,0x738d,0x9c92,0x3185,0x41e7,
0x5aca,0x62ea,0x83ee,0x83cf,0x9471,0x9470,0x83ce,0x3185,0x7bce,0x9450,0x8c2f,0x9450,
0x9c91,0x6b2c,0x5249,0x5289,0x3185,0x9cd2,0x8c30,0x9471,0x9491,0x840f,0x6b4d,0x840f,
0x840f,0x83ef,0x9471,0x8c50,0x8c50,0x9491,0x6b0b,0x2924,0x5aca,0xa4d2,0x9cb1,0x9491,
0x8c50,0x9470,0x41e7,0x2945,0x8c0f,0x9c91,0x9cd2,0x9cb2,0x9471,0xa4d2,0x83ce,0x41e7,
0x5aca,0x9cd2,0x9491,0x8c50,0x9471,0x7bef,0x8c50,0x840f,0x7bae,0x83ef,0x83ef,0x9cb2,
0x8c51,0x9cb2,0x5aca,0x734c,0x4a48,0xa513,0x9450,0x9491,0x738d,0x5a89,0x736d,0x2924,
0xa4f3,0x2104,0x8c2f,0x738d,0x8c30,0x9cb1,0x39c7,0x9450,0x4207,0x5aaa,0x9491,0x9471,
0x7bce,0x8c30,0x840f,0x8c50,0x840f,0x7bae,0x8410,0x9491,0x83ce,0x5aca,0x5aaa,0xa4f2,
0x9cb2,0x7bce,0x9cb2,0x9cb1,0x734c,0x4207,0x8c50,0x39a6,0x9cd2,0x41c6,0x39c6,0x9cb1,
0x9cd2,0x9491,0xad34,0xb595,0x62ca,0x630b,0x9cb2,0x8c2f,0x8c30,0x8c30,0x73ae,0x840f,
0x7bae,0x7bce,0x83ef,0x4a49,0x9450,0x5aa9,0x62ca,0xa4f3,0x8c30,0x9471,0x9cb2,0x8c0f,
0x2104,0x39a6,0xa4d2,0x2944,0xa4d2,0x4207,0x39a6,0x9471,0x9cb2,0x9c91,0x9471,0x9cb2,
0x9cd2,0x5aaa,0x5aaa,0x41c6,0xad33,0x8c30,0x7bae,0x840f,0x736d,0x6b6d,0x8c50,0x2965,
0x630b,0x4a48,0x8c0f,0x9cb2,0x9450,0xa4f3,0x8c50,0x39c6,0x738d,0x5289,0xad13,0x3186,
0x9cb2,0x3165,0xb575,0x3185,0xa4d2,0x9470,0x9cb2,0x9491,0xad34,0x62eb,0x6b2c,0x9471,
0x41e7,0x7bae,0x8410,0x8430,0x83ef,0x8c30,0x2965,0x7bae,0x62eb,0x62cb,0xad13,0x7b8e,
0x8c30,0x9cb2,0x3185,0x4a69,0xad13,0xa4d2,0x9c91,0x3165,0x83ce,0x8c0f,0x9cb2,0x62eb,
0x2944,0x9cb1,0x9c91,0x9471,0x9471,0x62ea,0x7bae,0x8c50,0x4207,0x5aaa,0x7bcf,0x8c30,
0x8c50,0x630b,0x9cd2,0x8c0f,0x2124,0x9450,0x9c91,0x9cd2,0x9450,0x41e7,0x4a28,0x6b4c,
0x41e7,0x9cb2,0x736d,0x5aca,0x2965,0xad34,0x62eb,0x6b2b,0x6b2c,0x2924,0x9c91,0x83ef,
0xa4f3,0x83ee,0x7b8d,0x4a48,0xa4f3,0x9471,0x630c,0x840f,0x5aca,0x2945,0x18e3,0x31a6,
0x736d,0x41e7,0x2924,0x6b6d,0x3185,0x528a,0x39c7,0x3185,0x2945,0x3186,0x4a48,0x8c30,
0x62eb,0x2944,0x2944,0x3165,0x31a6,0x5aaa,0x39c7,0x83ef,0x39c6,0x2924,0x5269,0x52aa,
0x3185,0x2924,0x4a28,0x8410,0x8c30,0x8c50,0x8c0f,0x6b2c,0x2124,0x7b8d,0xa4f2,0x9cb2,
0x9cb2,0x39a6,0x5269,0x8c0f,0x5aca,0x9470,0x632c,0x4207,0x2944,0x9c91,0x630b,0x8c30,
0x736d,0x2924,0x9c91,0x9450,0x9cd2,0x9450,0x5289,0x3165,0x840f,0x9c91,0x83ce,0x8c30,
0x83ae,0x528a,0x4a48,0x9cb2,0x62eb,0x5aa9,0x9471,0x9471,0x8c50,0xa513,0x31a6,0x3185,
0xa4d2,0x8c50,0x9471,0x2924,0x7b8d,0x9c91,0x9cb1,0x41e7,0x4a48,0x9cb1,0x9c91,0x8c50,
0x83ef,0x6b2b,0x7bae,0x83ef,0x7bae,0x18c3,0x9491,0x8430,0x83cf,0x8c30,0x5aca,0x5248,
0x4a28,0x5289,0x83ce,0x9471,0x9471,0x8c50,0x9c91,0x2924,0x8c30,0x738d,0xa4d2,0x2945,
0x9cb2,0x4228,0xa4d2,0x2124,0x7bce,0x9c91,0x9470,0x9491,0x8c30,0x6b2b,0x6b2c,0x9471,
0x2124,0x9470,0x7bcf,0x8c30,0x83cf,0x8c30,0x9450,0x2124,0x7b8d,0x6b2c,0x6b4c,0x8c10,
0x8c30,0x9491,0x8430,0x9450,0x2924,0x2944,0x9c91,0x2103,0x9471,0x3186,0x39c7,0x6b2c,
0x9470,0x7bae,0x83ef,0x9491,0x9471,0x4a28,0x5aca,0x6b0c,0x83ef,0x9cb2,0x7bce,0x8c30,
0x8430,0x8c50,0x840f,0x83ef,0x9471,0x62eb,0x5aa9,0x9cb1,0x8c30,0xa4f3,0x8410,0x9450,
0x7bae,0x39a6,0x83ce,0x39a6,0x9470,0x2945,0x39c6,0xa4f3,0x8c0f,0x9450,0x8c30,0x8c50,
0x734b,0x5aa9,0x6b2c,0x4a48,0x8c50,0x8430,0x7bce,0x840f,0x8c30,0x8c30,0x9491,0x8c30,
0x83ce,0x5289,0x5aca,0x630b,0x9cb2,0x5289,0x8c50,0x9470,0x3165,0x4208,0x738d,0x2945,
0x9cb2,0x39c6,0x39a6,0x6b4c,0x9470,0x8c2f,0x736d,0x8c0f,0x5269,0x4a48,0x9470,0x9470,
0x83ef,0x8c30,0x632c,0x8c50,0x8c50,0x840f,0x8c30,0x83ef,0x9491,0x9cb2,0x5289,0x5aca,
0x2945,0x9450,0x9c91,0x8c0f,0x9450,0x7b8d,0x4a48,0x2944,0xad13,0x4a28,0x9450,0x9471,
0x8c0f,0x9491,0x5aaa,0x4207,0x62ca,0x738d,0x9471,0x9450,0x738d,0x8c50,0x840f,0x8430,
0x8c30,0x9451,0x9450,0x8c30,0x83ef,0x9471,0x8c50,0x5269,0x4a48,0x6b2b,0x9491,0x9cb2,
0x9450,0x8c30,0x4208,0x3165,0x6b2c,0x9450,0x9cd2,0x9491,0x9491,0x9450,0x738d,0x3185,
0x41e7,0x9450,0x8c50,0x9491,0x840f,0x83ef,0x840f,0x7bae,0x7bae,0x736d,0x840f,0x8c50,
0x83ef,0xa4f3,0x39a6,0x41e7,0x83ce,0x5289,0x6b2c,0x8c0f,0x9491,0x9c91,0x738d,0x3185,
0x7bae,0x83ef,0x83ef,0x9491,0x83ce,0x62eb,0x7b8d,0x4a48,0x39c6,0x738d,0x8c50,0x83ce,
0x9470,0x8c51,0x83ef,0x7bcf,0x4208,0x9471,0x8c50,0x9451,0x62eb,0x4a49,0x5269,0x9471,
0x83ee,0x4a28,0x5a8a,0x5aca,0x734c,0x62a9,0x83ef,0x39c6,0x9c91,0x62ea,0x62ca,0x62ea,
0x5269,0x6b4c,0x62eb,0x9450,0x840f,0x3185,0x9cd2,0x738d,0x840f,0x8410,0x4a28,0x83ef,
0x7bae,0x7bae,0x8c0f,0x840f,0x840e,0x5269,0x9cb2,0x8c30,0x9450,0x9c91,0x630b,0x5269,
0x62ca,0x5269,0x736d,0x2944,0x8c0f,0x4a48,0x4a48,0x62ca,0x4a48,0x94b2,0x8c30,0x8c50,
0x9471,0x9450,0x39c6,0x8c0f,0x8c0f,0x9471,0x83ef,0x8c30,0x8c30,0x9cd2,0x9cd2,0x9491,
0x4a28,0x7bad,0x9450,0x8c30,0x83ce,0x8c50,0x4a48,0x9471,0x7bae,0x5aaa,0x9450,0x3185,
0x4208,0x6b2c,0x7b8d,0x9cb2,0x5aaa,0x734d,0x9471,0x840f,0x8c50,0x9450,0x8c0f,0x9471,
0x9c91,0xa4f3,0x840f,0x7bce,0x840f,0x4a28,0x2945,0x5289,0x8c30,0x83ef,0x9450,0x840f,
0x8430,0x7bae,0x8c30,0x41e7,0x3186,0x8c50,0x5aaa,0x39a6,0x3186,0x9470,0x5289,0x20e3,
0x9cd2,0x9450,0x8c30,0x8c2f,0x8c30,0x8c30,0x8c50,0x5269,0x41c6,0x2124,0x8c50,0x840f,
0x83ef,0x5269,0x630b,0x20e3,0xa4d2,0x8c2f,0x83ef,0x736d,0x9cb2,0x8c50,0x83ef,0x83ef,
0x4a28,0x4a07,0x9cb2,0x2124,0x630b,0x9471,0x3165,0x8c2f,0x840f,0x8c30,0x9450,0x9c91,
0x9450,0x8c2f,0x8c50,0x5aca,0x5aaa,0x2104,0x9c91,0x83ef,0x7bae,0x4a28,0x20e3,0x2104,
0x9450,0x8410,0x840f,0x738d,0x6b2c,0x8c50,0x83ef,0x7b8d,0x9471,0x2944,0x9cb2,0x2945,
0x8c0f,0x8c2f,0x5249,0x8c30,0x7bae,0x9491,0x83ef,0x9470,0x8c30,0x9491,0xa4d2,0x5aaa,
0x2924,0x5289,0x8c30,0x840f,0x7bae,0x52aa,0x9cb1,0x8c30,0x83ef,0x83ef,0x83cf,0x840f,
0x9450,0x7bcf,0x7bad,0x7bce,0x8c30,0x5acb,0x8c30,0x3186,0x9430,0x5aaa,0x9cb2,0x736d,
0x6b6d,0x6b2c,0x8c30,0x738e,0x736d,0x8410,0x8c30,0x9471,0x9470,0x7bce,0x62eb,0x7bcf,
0x840f,0x6b6d,0x6b4c,0x5aeb,0x738e,0x52aa,0x7bcf,0x738d,0x83ef,0x83ef,0x6b4c,0x840f,
0x7bce,0x83ef,0x842f,0x4a27,0x734c,0x8c50,0x83ef,0x83ef,0x7bae,0x6b2c,0x736c,0x6b6d,
0x7bae,0x83ef,0x6b2c,0x7bae,0x738d,0x8c30,0x7bcf,0x7bcf,0x0861,0x528a,0x4a48,0x5aaa,
0x18c3,0x0861,0x0861,0x10a2,0x18a2,0x18c3,0x18e3,0x2104,0x2103,0x18e3,0x1082,0x3165,
0x0020,0x18c3,0x18e3,0x2124,0x18c3,0x18c3,0x18e3,0x1082,0x1082,0x1081,0x0840,0x630b,
0x4a28,0x8c30,0x1081,0x0861,0x0841,0x18e3,0x734c,0x2103,0x10a2,0x10a2,0x0020,0x0861,
0x0861,0x1082,0x10a2,0x1082,0x0861,0x0861,0x0020,0x41e7,0x0841,0x0861,0x10a2,0x10a2,
0x18a2,0x1082,0x0882,0x0861,0x0020,0x1082,0x0020,0x2965,0xb513,0x10a2,0x10a2,0x18c3,
0x0841,0x39c6,0x1082,0x5a89,0x39c7,0x1082,0x18e3,0x0841,0x18c3,0x18e3,0x2124,0x2945,
0x2104,0x18e3,0x0841,0x4208,0x10a2,0x10a2,0x2104,0x1903,0x2124,0x18c3,0x18c3,0x10c2,
0x0861,0x0861,0x2144,0x734c,0x0861,0x41c6,0x1082,0x18c3,0x18e3,0x0861,0x0020,0x10a2,
0x4a08,0x2965,0x0882,0x10a2,0x10a2,0x2103,0x2124,0x2124,0x2945,0x18e3,0x0841,0x5289,
0x18e3,0x1082,0x2924,0x2925,0x2945,0x2104,0x18e3,0x0841,0x18e3,0x18e3,0x62eb,0x1082,
0x0861,0x0020,0x2965,0x2103,0x18e3,0x0841,0x1082,0x0020,0x1061,0x5269,0x2965,0x18c2,
0x0841,0x18c3,0x18e3,0x2124,0x2104,0x10a2,0x1082,0x4a48,0x2944,0x0861,0x2104,0x18e3,
0x2104,0x18e3,0x0861,0x18e3,0x18e3,0x62ca,0x1081,0x0841,0x1082,0x1081,0x0841,0x2945,
0x2945,0x18c3,0x0001,0x0861,0x0861,0x1061,0x4207,0x2944,0x2104,0x0861,0x18c2,0x18c3,
0x18c3,0x0861,0x18c2,0x62eb,0x3165,0x0840,0x10a2,0x18c2,0x18c3,0x0861,0x18c3,0x18c2,
0x5aca,0x18a2,0x0020,0x1082,0x0001,0x0861,0x18c3,0x2945,0x2965,0x2924,0x0820,0x1082,
0x0020,0x1082,0x0861,0x4228,0x20e3,0x10a2,0x10a2,0x2124,0x0881,0x0861,0x3186,0x7bae,
0x39c6,0x2104,0x1082,0x18c2,0x10a2,0x1082,0x10a2,0x5aca,0x1082,0x0841,0x0861,0x0861,
0x1081,0x10a2,0x20e3,0x3186,0x31a6,0x3186,0x0841,0x10a2,0x18e3,0x0861,0x1081,0x0841,
0x4228,0x18c3,0x39c7,0x4228,0x2945,0x18e3,0x2924,0x5289,0x2124,0x18c3,0x18e3,0x4a48,
0x39e7,0x2104,0x4a49,0x1061,0x0861,0x0841,0x18c2,0x18e3,0x1082,0x18c3,0x2944,0x39e7,
0x39e7,0x31a6,0x0861,0x2103,0x2104,0x18e3,0x1081,0x0841,0x0841,0x5269,0x0861,0x0861,
0x0841,0x0020,0x0861,0x39a6,0x18c3,0x0840,0x0861,0x0841,0x0861,0x39a6,0x2103,0x0841,
0x0841,0x18c3,0x2104,0x2104,0x18c3,0x2924,0x2124,0x39e7,0x41e7,0x31a6,0x1061,0x2924,
0x18e3,0x20e3,0x20e3,0x1082,0x2103,0x0020,0x2945,0x18c3,0x10a2,0x18a2,0x0020,0x39c6,
0x1082,0x0841,0x10a2,0x10a2,0x4a48,0x0841,0x18c2,0x10a2,0x18c2,0x2124,0x2124,0x2945,
0x18e3,0x2104,0x2945,0x31c6,0x39e7,0x2965,0x0861,0x2104,0x2124,0x2944,0x18e3,0x0881,
0x2945,0x0840,0x1061,0x3165,0x18e3,0x10a2,0x0861,0x2965,0x0020,0x10a2,0x18c3,0x4a28,
0x0861,0x0841,0x2965,0x10a2,0x18c3,0x2104,0x18e3,0x2104,0x18c2,0x2103,0x2924,0x41e7,
0x2945,0x2944,0x1082,0x2104,0x2124,0x2104,0x10a2,0x0001,0x39c7,0x1082,0x10a2,0x10a2,
0x2124,0x2103,0x1081,0x2945,0x1082,0x2124,0x4228,0x0861,0x1082,0x1082,0x1082,0x18e3,
0x10a2,0x2104,0x18c2,0x20e4,0x18c2,0x2104,0x2124,0x41e7,0x39c6,0x2924,0x0841,0x1082,
0x1082,0x0881,0x10a2,0x2944,0x630c,0x1081,0x0861,0x18c3,0x18a2,0x20e3,0x3186,0x18e3,
0x3186,0x39c6,0x18c2,0x1082,0x1082,0x0861,0x3165,0x5269,0x18c3,0x0861,0x1081,0x1081,
0x1061,0x18c3,0x2104,0x31a6,0x3165,0x1082,0x10a2,0x2965,0x41e7,0x4207,0x5248,0x630b,
0x9450,0x62ca,0x39c6,0x18c2,0x10a2,0x2965,0x18e3,0x3186,0x18e3,0x2945,0x18c2,0x18c2,
0x3185,0x5aa9,0x734c,0x6b4c,0x5269,0x41e7,0x41e7,0x2945,0x2104,0x0861,0x1082,0x39a6,
0x2924,0x1082,0x18c3,0x2103,0x18c3,0x20e3,0x2124,0x2103,0x39a6,0x2924,0x2103,0x18c2,
0x18c2,0x18c2,0x18e3,0x31a6,0x2944,0x3165,0x18c2,0x18c3,0x18c3,0x2104,0x2104,0x3165,
0x2924,0x2103,0x18c2,0x18e3,0x18a2,0x18c3,0x1082,0x3186,0x2965,0x18e3,0x0020,0x0020,
0x0020,0x0841,0x1082,0x1081,0x39a6,0x1061,0x0020,0x0841,0x1082,0x2104,0x3186,0x2104,
0x3186,0x4208,0x18c3,0x0841,0x0020,0x0861,0x18c2,0x3165,0x0861,0x0841,0x0020,0x0020,
0x0020,0x0861,0x18e3,0x3186,0x3186,0x2945,0x0861,0x18c2,0x18e3,0x1082,0x0020,0x0040,
0x20e3,0x0841,0x1082,0x18c3,0x20e3,0x2944,0x18e3,0x2965,0x18c3,0x10a2,0x4a48,0x18e3,
0x10a2,0x0840,0x0861,0x18c2,0x0020,0x1061,0x18c2,0x18c3,0x1081,0x10a2,0x2124,0x31a6,
0x3186,0x39c7,0x0861,0x18e3,0x2104,0x2103,0x18c2,0x0841,0x18a2,0x0861,0x18a2,0x2945,
0x2965,0x10a2,0x0841,0x4207,0x0020,0x1082,0x10a2,0x4207,0x10a2,0x0820,0x18a2,0x0861,
0x0861,0x2124,0x18c3,0x18c3,0x10a2,0x20e3,0x2104,0x31a6,0x39e7,0x39c6,0x0861,0x20e3,
0x2124,0x18e3,0x18c3,0x0861,0x2945,0x1082,0x2124,0x2965,0x10c2,0x10a2,0x0861,0x5a89,
0x10a2,0x18a2,0x1081,0x10a2,0x4a28,0x10c2,0x2103,0x1082,0x18c2,0x2104,0x2104,0x18e3,
0x18a2,0x2104,0x2924,0x39c7,0x39a6,0x3165,0x0861,0x18e3,0x2945,0x20e3,0x18a2,0x0020,
0x0861,0x39c7,0x3186,0x1082,0x1082,0x1081,0x10a2,0x630b,0x2965,0x0841,0x10a2,0x0861,
0x0861,0x5269,0x39a6,0x10a2,0x1082,0x18e3,0x2924,0x18e3,0x18c2,0x18e3,0x2924,0x39e7,
0x3186,0x3165,0x0861,0x20e3,0x18e3,0x18a2,0x0861,0x18c3,0x2945,0x39c7,0x20e3,0x1082,
0x18c3,0x0881,0x3186,0x6b2c,0x4a48,0x2924,0x10a2,0x10a2,0x0881,0x2965,0x5aaa,0x10a2,
0x10a2,0x1082,0x18e3,0x2103,0x18c2,0x2104,0x20e3,0x39e7,0x3185,0x2945,0x0861,0x18e3,
0x1082,0x10a2,0x10a2,0x2945,0x4a28,0x0861,0x0841,0x2924,0x18a2,0x18e3,0x2924,0x5269,
0x2104,0x20e3,0x18c3,0x2924,0x1082,0x0020,0x18c2,0x5aaa,0x18c3,0x2924,0x0861,0x18c3,
0x10a2,0x18c3,0x2103,0x31a6,0x2945,0x2124,0x0841,0x0861,0x2104,0x18c2,0x39a6,0x62ca,
0x1082,0x0861,0x0020,0x0841,0x0841,0x0841,0x10a2,0x39c7,0x2104,0x0020,0x0020,0x0841,
0x0020,0x0020,0x0861,0x20e3,0x4a48,0x18e3,0x2944,0x1061,0x0861,0x18a2,0x18e3,0x31a6,
0x2945,0x10a2,0x1082,0x2965,0x10a2,0x39c6,0x62ea,0x10a2,0x1082,0x0020,0x10a2,0x18e3,
0x18c2,0x0841,0x10a2,0x4a28,0x18c3,0x0020,0x10a2,0x18c2,0x18c3,0x1081,0x1061,0x0841,
0x2104,0x4a28,0x2103,0x18e3,0x2104,0x10a2,0x18c2,0x2965,0x3165,0x0881,0x18e3,0x1061,
0x39c7,0x6b4c,0x18c2,0x0841,0x0840,0x18c3,0x2103,0x2104,0x2104,0x1082,0x0861,0x4208,
0x2104,0x0820,0x18c3,0x2145,0x18c3,0x18c2,0x0841,0x18c2,0x1082,0x39a6,0x41e7,0x2124,
0x0861,0x10a2,0x1081,0x20e3,0x0020,0x4208,0x18c3,0x4228,0x7bad,0x18c2,0x0861,0x10a2,
0x1061,0x18c3,0x2925,0x2104,0x18c3,0x10a2,0x0841,0x4208,0x18a2,0x0861,0x2103,0x2104,
0x2104,0x18e3,0x10a2,0x0820,0x1061,0x10a2,0x4a48,0x4a07,0x3165,0x2124,0x4a28,0x2124,
0x1081,0x39c7,0x5289,0x734c,0x18e3,0x10a2,0x1082,0x0020,0x18c3,0x2104,0x2945,0x2945,
0x2104,0x18e3,0x0841,0x4a28,0x1082,0x10a2,0x2124,0x2945,0x18e3,0x2104,0x18e3,0x0861,
0x1082,0x0841,0x10a2,0x5aaa,0x5269,0x6b0b,0x1082,0x18e3,0x0861,0x2944,0x738d,0x3165,
0x18c2,0x0861,0x0861,0x1061,0x18c3,0x18e3,0x2104,0x2124,0x2103,0x10a2,0x0841,0x39c6,
0x1082,0x1081,0x18c3,0x2104,0x2104,0x2104,0x18c3,0x1082,0x0020,0x1081,0x1082,0x2104,
0xbd75,0x2945,0x1081,0x18e3,0x0861,0x39c7,0x2944,0x4207,0x20e3,0x0861,0x0861,0x0861,
0x1082,0x10a2,0x18c2,0x18c3,0x20e3,0x10a2,0x0040,0x3185,0x0020,0x1082,0x1082,0x18c2,
0x18c2,0x18c2,0x18a2,0x0861,0x0020,0x18c2,0x0841,0x4a28,0x1081,0x62eb,0x18c3,0x18e3,
0x1082,0x5249,0x18a2,0x18c3,0x39c6,0x0861,0x18c2,0x2124,0x2104,0x2965,0x39a6,0x39a6,
0x3186,0x2124,0x18c3,0x3186,0x0841,0x2965,0x2945,0x31a6,0x39a7,0x3186,0x2944,0x2104,
0x18c3,0x0861,0x2965,0x1082,0x18c2,0x1082,0x41e7,0x1081,0x4a49,0x0861,0x0020,0x0020,
0x0841,0x2104,0x2944,0x3165,0x39a6,0x4207,0x41e7,0x39e7,0x39c7,0x31a6,0x3165,0x2945,
0x18c3,0x2965,0x39a6,0x39c6,0x41e7,0x4a28,0x39e7,0x39a6,0x2944,0x18c2,0x1061,0x0020,
0x0020,0x0861,0x2944,0x0861,0x0840,0x1081,0x18c2,0x2124,0x2944,0x3186,0x39c7,0x4207,
0x4a49,0x62eb,0x4a48,0x5269,0x4228,0x4a28,0x4a28,0x41e7,0x4a48,0x39e7,0x4a48,0x4a48,
0x4a69,0x5aaa,0x5269,0x4a48,0x39e7,0x31a6,0x2965,0x2944,0x2103,0x18a2,0x0841,0x2924,
0x10a2,0x10a2,0x28e3,0x40e3,0x1061,0x18a2,0x1082,0x10a2,0x10a2,0x1882,0x20e3,0x18e3,
0x2944,0x6945,0x2103,0x60e4,0x10a2,0x3104,0x2904,0x18e3,0x18e3,0x18c2,0x18a2,0x1082,
0x18a2,0x18a2,0x1061,0x4904,0x30a2,0x20e3,0x18a2,0x18c3,0x1882,0x20c2,0x20c3,0x48e3,
0x1041,0x20c3,0x18e3,0x18e3,0x2104,0x18e3,0x2103,0x2904,0x2124,0x6186,0x18c2,0x6924,
0x20e3,0x3104,0x2904,0x2104,0x20e3,0x18e3,0x18e3,0x20e3,0x18e3,0x18c3,0x1061,0x48e4,
0x40e3,0x28a2,0x18c2,0x18c3,0x18c2,0x18a2,0x28e3,0x4924,0x0841,0x3124,0x20e3,0x18e3,
0x2103,0x18e3,0x2124,0x3124,0x4185,0x8166,0x2944,0x7186,0x18e3,0x3104,0x28e3,0x2924,
0x3104,0x2103,0x2104,0x20e3,0x20e3,0x2903,0x1861,0x6124,0x2104,0x20a2,0x20c2,0x18c2,
0x20c3,0x20e3,0x18c3,0x4904,0x1882,0x28c3,0x2924,0x3985,0x3945,0x3145,0x2124,0x3185,
0x2985,0x81c7,0x2944,0x8166,0x20e3,0x28e3,0x30e3,0x3965,0x3965,0x4145,0x2924,0x3165,
0x3165,0x3165,0x1061,0x4944,0x3904,0x18c3,0x20e3,0x2104,0x20e3,0x18c3,0x40e3,0x30c3,
0x10a2,0x1061,0x1841,0x2041,0x3165,0x2924,0x3165,0x2945,0x2124,0x89c7,0x2104,0x7166,
0x2103,0x3924,0x3924,0x2104,0x3924,0x2944,0x2924,0x18a2,0x2061,0x1041,0x20a2,0x5924,
0x18e3,0x40c3,0x2103,0x20c3,0x48c3,0x4103,0x48e3,0x4124,0x1041,0x18c2,0x18c3,0x48a2,
0x2104,0x3145,0x2945,0x4124,0x3165,0x89e8,0x2103,0x81c7,0x20c3,0x3925,0x4165,0x5945,
0x3186,0x3924,0x2924,0x20e3,0x20c2,0x18c3,0x20c3,0x0841,0x48c3,0x38c3,0x48e3,0x40c3,
0x20a2,0x30a2,0x30a2,0x1082,0x18c3,0x18c3,0x20e3,0x40a2,0x2924,0x2904,0x2124,0x3165,
0x18a2,0x69a6,0x3185,0x7125,0x2924,0x20a2,0x7966,0x3165,0x2965,0x3124,0x3124,0x1061,
0x28e3,0x2103,0x18c3,0x20a2,0x3082,0x2082,0x2061,0x1882,0x18a2,0x1081,0x1061,0x1082,
0x18a2,0x18c3,0x0841,0x38e3,0x20e3,0x48e3,0x2924,0x28c3,0x71c7,0x20e3,0x3165,0x89e8,
0x2124,0x3144,0x18a2,0x6945,0x18e3,0x28e3,0x28c3,0x1882,0x1882,0x10a2,0x1082,0x18e3,
0x1882,0x1061,0x18a2,0x18a2,0x28e3,0x20e3,0x30c3,0x3165,0x61a6,0x39a6,0x41a6,0x6165,
0x49a6,0x7166,0x6904,0x6986,0x5145,0x2945,0x3186,0x8146,0x4144,0x2924,0x28c3,0x99a7,
0x6186,0x5124,0x6145,0x4945,0x5207,0x41c7,0x41c7,0x3965,0x3104,0x30e3,0x30e3,0x3104,
0x20c3,0x2924,0x2904,0x30c3,0x2904,0x18e3,0x18c3,0x20e3,0x18e3,0x2103,0x18e3,0x61a6,
0x4104,0x2945,0x3186,0x9208,0x3124,0x4124,0x28e3,0x91a7,0x39c7,0x2104,0x2104,0x2104,
0x20e3,0x18c2,0x18e3,0x18c3,0x3144,0x2904,0x20e3,0x18a2,0x18c3,0x18c3,0x18c3,0x18c3,
0x2103,0x20e3,0x20e3,0x2104,0x18e3,0x20e3,0x28e3,0x6104,0x4924,0x4165,0x39a6,0x81c7,
0x3924,0x3186,0x2904,0x91e8,0x4104,0x2903,0x2103,0x2103,0x20e3,0x20e3,0x18c3,0x18c3,
0x20e3,0x2104,0x18e3,0x20e3,0x38c3,0x40c3,0x48c3,0x2882,0x2104,0x20e3,0x2124,0x20e3,
0x2104,0x2903,0x28c3,0x6986,0x4104,0x3185,0x3165,0x7945,0x2881,0x39c6,0x2924,0x89a7,
0x2965,0x3104,0x20e3,0x2924,0x2903,0x2104,0x20e3,0x20e3,0x4904,0x30a2,0x38c3,0x38c3,
0x48c3,0x38c3,0x50e3,0x58e3,0x2924,0x2103,0x20e3,0x2904,0x3965,0x2944,0x3165,0x7966,
0x0861,0x2904,0x7925,0xb24a,0x81a6,0x5966,0x2924,0x8208,0x4944,0x3985,0x3965,0x3965,
0x3124,0x2904,0x2945,0x4944,0x48e3,0x40c3,0x50e3,0x50e3,0x1061,0x0841,0x1861,0x2082,
0x1882,0x41a6,0x49c7,0x5185,0x5a28,0x59c6,0x81e7,0xa269,0x18e3,0x20c3,0x69c6,0x2903,
0x10a2,0x91e7,0x3185,0x71a7,0xa1e8,0x59a6,0x6208,0x49c6,0x59c6,0x4a07,0x4145,0x0841,
0x1061,0x1061,0x1061,0x0841,0x28a2,0x20c2,0x2061,0x30a2,0x48e3,0x1882,0x1882,0x38c2,
0x40c2,0x40c3,0x48c3,0x5903,0x3165,0x38c3,0x5104,0x6207,0x2903,0x9186,0x39a6,0x50e3,
0x3882,0x50e3,0x40c3,0x28a2,0x2881,0x1882,0x2882,0x38a2,0x40c2,0x40a2,0x2061,0x38a2,
0x10a2,0x20e3,0x20e3,0x2903,0x0841,0x3144,0x3145,0x3104,0x3124,0x3924,0x4165,0x49a6,
0x2904,0x1882,0x69c7,0x3165,0x3124,0x8125,0x3165,0x4124,0x4144,0x4124,0x3903,0x3924,
0x3103,0x3124,0x28e3,0x20e3,0x38c2,0x10a2,0x2103,0x18a2,0x48c3,0x4903,0x5104,0x48c3,
0x3165,0x2124,0x2945,0x2924,0x3185,0x41c7,0x3186,0x89e8,0x18c2,0x18a2,0xb1e7,0x91c7,
0xa9c8,0x99a7,0x2965,0x69a6,0x3985,0x3145,0x4185,0x2945,0x2103,0x2104,0x2924,0x40e3,
0x38a2,0x5104,0x40a2,0x48c3,0x40a2,0x48c3,0x30a2,0x28a2,0x2104,0x2104,0x2103,0x20e3,
0x2103,0x20e3,0x2904,0x7165,0x4145,0x3144,0x1881,0x9966,0x1020,0x20e3,0x20e3,0x91c7,
0x3145,0x2945,0x2103,0x2104,0x20e3,0x18e3,0x3145,0x28e3,0x4903,0x2882,0x48a2,0x38a2,
0x18e3,0x18c3,0x18e3,0x2103,0x2924,0x20e3,0x18e3,0x20e3,0x20e3,0x28e3,0x20e3,0x59a6,
0x40e3,0x31a6,0x2945,0x8186,0x2903,0x3165,0x28e3,0x91a6,0x2904,0x2924,0x2924,0x2904,
0x2924,0x2924,0x18e3,0x10a2,0x1903,0x2103,0x20e3,0x20e3,0x18e3,0x18c2,0x2103,0x30e3,
0x2104,0x18a2,0x18e3,0x28e3,0x20c3,0x20c3,0x20e3,0x5145,0x3904,0x2944,0x3186,0x6925,
0x3124,0x2944,0x18e3,0x8145,0x2924,0x2904,0x2903,0x2103,0x3965,0x18c2,0x18e3,0x20e3,
0x2104,0x18c3,0x18a2,0x18c3,0x18c3,0x2104,0x2104,0x28c3,0x18e3,0x2103,0x20e3,0x2924,
0x18e3,0x3124,0x2103,0x4904,0x4124,0x2124,0x2944,0x7145,0x20c3,0x2945,0x18a2,0x8186,
0x2924,0x2904,0x2944,0x2124,0x2924,0x18c3,0x18e3,0x10a2,0x2903,0x2924,0x2104,0x20e3,
0x30e3,0x3104,0x30e3,0x5104,0x49a5,0x41c7,0x41a6,0x5925,0x5145,0x5945,0x6144,0x5945,
0x30a3,0x2924,0x2944,0x8125,0x38e4,0x2924,0x20a2,0x8145,0x3903,0x6145,0x5944,0x5124,
0x5228,0x4208,0x4986,0x31a6,0x4965,0x3145,0x3104,0x38e3,0x1882,0x20a2,0x30a2,0x0882,
0x10a2,0x18a2,0x1081,0x48a2,0x3124,0x38e3,0x18e3,0x2945,0x8249,0x18c2,0x2104,0x7125,
0x30c3,0x2104,0x3104,0x50e4,0x2124,0x3124,0x3124,0x18a2,0x1861,0x1061,0x20a2,0x10a2,
0x2882,0x30a2,0x2882,0x1882,0x1882,0x1082,0x2081,0x1061,0x18c2,0x10a2,0x18c3,0x4082,
0x2945,0x2924,0x2924,0x2903,0x20e3,0x79c7,0x2124,0x7145,0x38e3,0x30e3,0x4924,0x3145,
0x2124,0x2903,0x2904,0x1861,0x2081,0x20e3,0x20c3,0x10a2,0x3882,0x18a2,0x1061,0x1061,
0x48e3,0x3903,0x48e3,0x5945,0x1061,0x20e3,0x18c2,0x3882,0x2924,0x2945,0x2944,0x3124,
0x2904,0x99a6,0x18e3,0x68e4,0x20e3,0x4124,0x4124,0x4103,0x2965,0x2104,0x2104,0x2082,
0x20a2,0x18e3,0x18c2,0x30a2,0x5904,0x38e3,0x3903,0x4104,0x18e3,0x20e3,0x20e3,0x3104,
0x0861,0x2061,0x1041,0x4882,0x2944,0x3124,0x2944,0x2944,0x2944,0x8945,0x2904,0x60e3,
0x18c2,0x3904,0x3104,0x2104,0x3945,0x30e3,0x2904,0x1861,0x30a2,0x2861,0x18a2,0x50e3,
0x20c3,0x20e3,0x20e3,0x20c3,0x18c3,0x18c2,0x20c3,0x68e3,0x1082,0x1882,0x18c2,0x1082,
0x3104,0x2144,0x2124,0x2945,0x2145,0x9125,0x20e3,0x7104,0x20c2,0x30c3,0x3904,0x4165,
0x30e3,0x2924,0x20e3,0x30e3,0x2103,0x2103,0x1061,0x5904,0x38e3,0x28c3,0x20c3,0x20c3,
0x18c2,0x18a2,0x20e3,0x48e3,0x1081,0x2903,0x20e3,0x20e3,0x3123,0x20e3,0x2104,0x2104,
0x2924,0x5965,0x20e3,0x6904,0x18c3,0x30a2,0x2903,0x20e3,0x28e3,0x20e3,0x2903,0x28e3,
0x20e3,0x1904,0x1881,0x50e4,0x38c3,0x20c3,0x18a2,0x18c3,0x10a2,0x20e3,0x28e3,0x48c3,
0x1041,0x3104,0x20e3,0x18e3,0x2104,0x18c2,0x18c3,0x18c3,0x2124,0x6125,0x20e3,0x60e3,
0x18e3,0x30a2,0x3103,0x2904,0x20e3,0x18c2,0x20e3,0x2103,0x20e3,0x20e3,0x2061,0x48e3,
0x4904,0x20a2,0x20a2,0x20c2,0x18c3,0x18a2,0x28e3,0x3944,0x1061,0x2903,0x20e3,0x18e3,
0x20e3,0x20c3,0x18c3,0x18c2,0x2924,0x6104,0x18a2,0x60e4,0x1082,0x38c2,0x30e3,0x20c3,
0x18a2,0x18c3,0x18c3,0x18e3,0x20e3,0x18c3,0x0841,0x50e3,0x2882,0x28e3,0x28c2,0x18c2,
0x18c2,0x18c2,0x28a2,0x38c3,0x1041,0x18a2,0x1882,0x1061,0x0861,0x1861,0x18c3,0x18c3,
0x2124,0x6945,0x18c2,0x48e3,0x18c3,0x30c3,0x20a2,0x20c3,0x2903,0x0861,0x2882,0x1061,
0x2082,0x1882,0x1081,0x48e4,0x30a2,0x20e3,0x18a2,0x20c2,0x10a2,0x10a2,0x1081,0x28c3,
0x0841,0x1082,0x1882,0x18a2,0x10a2,0x28c2,0x1061,0x1082,0x10c2,0x60e4,0x0882,0x60e3,
0x18c3,0x20a2,0x20c3,0x18a2,0x10a2,0x20a2,0x28c2,0x18c2,0x28a2,0x10a2,0x0841,0x40a2,
0x1082,0x2861,0x18a2,0x20c2,0x2965,0x4208,0x10a3,0x0861,0x0882,0x2124,0x31c7,0x10c3,
0x0882,0x0841,0x21c7,0x2986,0x18e4,0x10c3,0x0861,0x0841,0x0861,0x10c3,0x10a3,0x10e3,
0x10a2,0x0041,0x0861,0x0020,0x0861,0x10a3,0x29a7,0x0020,0x0882,0x10a2,0x2965,0x3165,
0x1082,0x0882,0x2124,0x0841,0x0020,0x10c3,0x10c3,0x2986,0x1924,0x0861,0x2a08,0x426a,
0x2966,0x0882,0x0861,0x0861,0x0861,0x0861,0x428a,0x19a6,0x0841,0x0882,0x0020,0x0882,
0x0861,0x10a2,0x10a3,0x21c7,0x0861,0x29a7,0x1082,0x10c3,0x0861,0x1082,0x0021,0x2986,
0x0861,0x0861,0x0861,0x10e3,0x2145,0x3a29,0x1924,0x4aab,0x2986,0x0861,0x0841,0x0861,
0x0861,0x0882,0x1924,0x0861,0x0882,0x08a2,0x0041,0x0882,0x0861,0x0882,0x10a2,0x1986,
0x1104,0x0861,0x10c3,0x10a2,0x10a2,0x0862,0x0841,0x0020,0x31e7,0x3a28,0x5b0d,0x6b8e,
0x3a28,0x22aa,0x2104,0x4a8b,0x18e3,0x10c3,0x0841,0x10a2,0x0861,0x0861,0x10a2,0x530c,
0x2269,0x0882,0x0882,0x0882,0x0882,0x18e4,0x1904,0x1103,0x10c3,0x0861,0x0861,0x0882,
0x18e3,0x0841,0x0861,0x0881,0x21c7,0x0020,0x0841,0x0882,0x0841,0x33ef,0x0020,0x2986,
0x18c3,0x1904,0x1904,0x10a3,0x10c3,0x0841,0x08a2,0x10c3,0x2186,0x21a7,0x0882,0x10e3,
0x0882,0x2145,0x1125,0x0882,0x10e3,0x0861,0x0882,0x10a2,0x1082,0x1904,0x0882,0x0861,
0x10a3,0x3b4c,0x0861,0x0882,0x436d,0x0001,0x0841,0x1904,0x31c7,0x2165,0x1904,0x18c3,
0x10c3,0x1904,0x1904,0x0861,0x10a2,0x3b4d,0x18c3,0x10c3,0x2186,0x2186,0x10c3,0x0861,
0x0861,0x2145,0x10a3,0x10c3,0x0882,0x0020,0x18e3,0x18e3,0x2145,0x10c3,0x2b8d,0x2a28,
0x0041,0x0861,0x0882,0x0020,0x2125,0x2986,0x2986,0x1904,0x1924,0x2165,0x2145,0x0861,
0x1904,0x1904,0x434d,0x3229,0x3269,0x0881,0x08a2,0x0861,0x0841,0x0861,0x10a2,0x18e4,
0x0041,0x0020,0x0841,0x0882,0x0041,0x2145,0x5492,0x32eb,0x0061,0x0882,0x0882,0x0841,
0x1904,0x1904,0x18e4,0x1924,0x18c3,0x1924,0x1904,0x10c3,0x10a3,0x2145,0x3249,0x7df7,
0x08a2,0x10c3,0x0861,0x0041,0x0041,0x0861,0x0882,0x10a2,0x0861,0x0021,0x0020,0x0041,
0x0841,0x0882,0x1904,0x10a2,0x4249,0x10a2,0x0021,0x10c3,0x0001,0x18e4,0x18e3,0x10c3,
0x18e3,0x10c3,0x2145,0x1925,0x1904,0x1904,0x10c3,0x7e38,0x1925,0x10a3,0x0841,0x0841,
0x0041,0x0861,0x10a2,0x10a2,0x0861,0x0862,0x0882,0x0001,0x0041,0x0882,0x2a69,0x10a2,
0x2145,0x1925,0x2166,0x1904,0x10c3,0x2104,0x1904,0x2165,0x10a3,0x1082,0x10a3,0x2165,
0x2a29,0x21a6,0x6471,0x1aa9,0x5514,0x18e4,0x10a3,0x0861,0x0861,0x0861,0x10e3,0x18c3,
0x0841,0x0841,0x10a3,0x0001,0x1904,0x0882,0x2a28,0x0861,0x0861,0x1082,0x29a7,0x10a2,
0x2125,0x0861,0x29a7,0x18e3,0x10c3,0x0882,0x18c3,0x2165,0x29c8,0x432d,0x29a6,0x21a6,
0x29c7,0x3aeb,0x1904,0x1082,0x1082,0x10a2,0x1082,0x18e3,0x0861,0x0882,0x0861,0x0861,
0x1924,0x10a2,0x2104,0x0020,0x0020,0x0861,0x31a7,0x1082,0x0882,0x18c3,0x31a6,0x18e3,
0x0882,0x10a2,0x1904,0x2145,0x32ca,0x0841,0x0861,0x29a6,0x10c3,0x0861,0x3229,0x10c3,
0x10c3,0x18e3,0x10c3,0x18c3,0x0861,0x0882,0x18e3,0x10c3,0x0882,0x31c7,0x0841,0x0040,
0x0020,0x0001,0x2145,0x1904,0x0861,0x0882,0x41e7,0x4a29,0x31c7,0x0861,0x1082,0x2249,
0x0861,0x0861,0x0882,0x0861,0x2165,0x10a3,0x1904,0x1945,0x2125,0x1904,0x18c3,0x2965,
0x8c51,0x2965,0x18a3,0x29a7,0x1965,0x3249,0x0861,0x0841,0x0020,0x10c3,0x1925,0x0882,
0x0841,0x18e4,0x2145,0x10a2,0x10c3,0x3228,0x8658,0x0001,0x0861,0x0861,0x0020,0x0041,
0x10e4,0x18c3,0x10a3,0x6c91,0x2228,0x1186,0x738d,0x41e7,0x5aaa,0x39c6,0x3aeb,0x1945,
0x19e7,0x438e,0x1924,0x0861,0x0861,0x0041,0x0020,0x2125,0x2145,0x0861,0x0861,0x10a2,
0x0841,0x10e4,0x19c7,0x2228,0x0882,0x0841,0x0861,0x0020,0x0841,0x1925,0x3208,0x52cb,
0x3a08,0x39c7,0x4a49,0x39e7,0x2924,0x10a3,0x10e3,0x2966,0x10c3,0x1904,0x21e8,0x1924,
0x0861,0x0882,0x0021,0x0861,0x2986,0x1082,0x0861,0x0861,0x0882,0x29c7,0x10e3,0x19c7,
0x2a49,0x0041,0x0020,0x0861,0x10a3,0x2145,0x0020,0x0882,0x2965,0x2104,0x10a2,0x39a6,
0x1082,0x0882,0x0861,0x0882,0x0861,0x0841,0x18c3,0x3b8e,0x0882,0x0882,0x0861,0x0041,
0x10a2,0x18e3,0x18e3,0x1904,0x3b2d,0x0020,0x10a2,0x10c3,0x0021,0x19a7,0x2104,0x2104,
0x1924,0x0861,0x0020,0x0020,0x10a2,0x1082,0x0861,0x1082,0x0881,0x0020,0x0020,0x10c3,
0x0041,0x18e4,0x0861,0x0841,0x32eb,0x10e3,0x10a2,0x0020,0x0001,0x2186,0x1945,0x2a69,
0x10e3,0x0882,0x0021,0x0041,0x2145,0x3a6a,0x0882,0x0861,0x2145,0x1945,0x0862,0x0841,
0x0020,0x1904,0x0861,0x10c3,0x0841,0x0041,0x0001,0x0861,0x10a2,0x0841,0x1904,0x1904,
0x32aa,0x21a6,0x0861,0x0861,0x0841,0x1904,0x1924,0x43cf,0x1165,0x21e7,0x2966,0x0861,
0x31c7,0x29e7,0x10c3,0x0861,0x0882,0x3a49,0x1082,0x1082,0x0861,0x0882,0x1082,0x10a2,
0x0841,0x0020,0x1082,0x0001,0x1904,0x0020,0x0020,0x1945,0x1904,0x2aeb,0x1965,0x0882,
0x0841,0x0820,0x338e,0x32cb,0x3208,0x1082,0x0001,0x0861,0x1904,0x428a,0x08a2,0x1082,
0x0861,0x0861,0x432c,0x10c3,0x0882,0x0861,0x10a2,0x10a2,0x0840,0x1904,0x0020,0x0020,
0x0041,0x0861,0x0020,0x2186,0x0882,0x08c3,0x5d95,0x2a49,0x10c3,0x4cd3,0x2186,0x0020,
0x0861,0x0861,0x0882,0x0020,0x0020,0x3a08,0x2145,0x10c3,0x0841,0x18e3,0x1904,0x1924,
0x10c3,0x0882,0x1965,0x1904,0x0861,0x0861,0x0020,0x0020,0x0020,0x10a2,0x0020,0x1945,
0x10a2,0x1965,0x1104,0x2186,0x65f7,0x1986,0x0882,0x0861,0x0041,0x0020,0x0041,0x0041,
0x0841,0x2145,0x1904,0x2165,0x10c3,0x10c3,0x10c3,0x436d,0x1945,0x32cb,0x10a3,0x18e4,
0x0020,0x0020,0x0861,0x0020,0x0841,0x0882,0x0841,0x2125,0x0882,0x2a6a,0x2a49,0x5cf3,
0x5bef,0x19c7,0x10a3,0x0861,0x0041,0x0021,0x0020,0x10c3,0x0020,0x0861,0x29c7,0x10e3,
0x0861,0x0841,0x0841,0x18e4,0x5d54,0x1082,0x1904,0x18c3,0x0841,0x0020,0x18e3,0x0020,
0x0861,0x18c3,0x10c3,0x2165,0x2186,0x4bf0,0x10c3,0x1104,0x10c3,0x5492,0x0021,0x10e3,
0x0861,0x0041,0x0020,0x0021,0x0882,0x0041,0x2966,0x2145,0x1082,0x1904,0x1904,0x1904,
0x0001,0x29e7,0x10a3,0x18c3,0x0861,0x0021,0x0861,0x10a3,0x1904,0x10c3,0x4229,0x29a7,
0x1986,0x0882,0x10a2,0x10e3,0x10e3,0x0882,0x3c51,0x10c3,0x0861,0x0041,0x10c3,0x0020,
0x0841,0x0841,0x0841,0x3208,0x3b0c,0x21e7,0x1924,0x3a08,0x0041,0x0041,0x10a3,0x10a2,
0x0861,0x0861,0x10a2,0x0861,0x10c3,0x31a7,0x0861,0x0041,0x0861,0x10c3,0x10a3,0x10a2,
0x1924,0x1904,0x32cb,0x1986,0x10a2,0x0861,0x1904,0x0040,0x0841,0x10c3,0x0841,0x1924,
0x2186,0x10e3,0x2166,0x0001,0x1904,0x0041,0x1945,0x1082,0x18e4,0x10a2,0x0861,0x1082,
0x31a6,0x0020,0x10e4,0x0841,0x0861,0x0861,0x0882,0x10a3,0x29e7,0x2165,0x2165,0x3aaa,
0x0861,0x18c3,0x1082,0x0041,0x0041,0x10c3,0x0882,0x0020,0x2966,0x31c7,0x0001,0x0020,
0x0861,0x1082,0x0841,0x10c3,0x2145,0x2165,0x29e7,0x1904,0x0861,0x0020,0x0001,0x0862,
0x0020,0x0841,0x10a2,0x1945,0x10c3,0x0861,0x29a6,0x426a,0x42ec,0x10a2,0x0861,0x18e3,
0x0861,0x10a2,0x0861,0x0001,0x32aa,0x0020,0x0041,0x0020,0x0841,0x2165,0x0861,0x2145,
0x2145,0x3a69,0x0841,0x0841,0x0001,0x0861,0x0020,0x0041,0x0820,0x2124,0x0020,0x29a7,
0x0841,0x39e8,0x2965,0x3229,0x4a8a,0x21e7,0x0882,0x0861,0x18e3,0x10a3,0x10a2,0x330b,
0x0001,0x0861,0x0841,0x1082,0x0841,0x10c3,0x31a7,0x10c3,0x0882,0x2a08,0x0841,0x0841,
0x0841,0x0882,0x0861,0x0882,0x0862,0x1082,0x10a3,0x29a6,0x2965,0x2965,0x31a6,0x3a08,
0x4249,0x3a69,0x10c3,0x1945,0x2165,0x3b0c,0x3aaa,0x2125,0x29a6,0x10a3,0x0861,0x0861,
0x0861,0x10e3,0x10a2,0x0861,0x9471,0x5269,0x10a2,0x0882,0x1082,0x10a3,0x10a2,0x10c3,
0x10c3,0x1082,0x2124,0x0841,0x2986,0x2986,0x31a7,0x2965,0x2986,0x2166,0x4c0f,0x436d,
0x2165,0x18e4,0x3229,0x29c7,0x10a2,0x0841,0x2986,0x1945,0x18a2,0x10a2,0xad13,0x6b2c,
0x4a48,0x5289,0x10c3,0x10a2,0x10c3,0x10a2,0x18c3,0x18e3,0x10a2,0x10c3,0x10c3,0x2145,
0x2165,0x2165,0x2165,0x2124,0x2986,0x2125,0x29c7,0x2145,0x1904,0x2986,0x2186,0x1924,
0x1904,0x18c3,0x18e3,0x0861,0x1082,0x1904,0x5269,0x5269,0x0000,0x0000,0x0000,0x0000,
0x0000,0x0000,0x0000,0x0000,0x0000,0x0000,0x0000,0x0000,0x0000,0x0000,0x0000,0x0000,
0x0000,0x0000,0x0000,0x0000,0x0000,0x0000,0x0000,0x0000,0x0000,0x0000,0x0000,0x0000,
0x0000,0x0000,0x0000,0x0000,0x0000,0x0000,0x0000,0x0000,0x0000,0x0000,0x0000,0x0000,
0x0000,0x0000,0x0000,0x0000,0x0000,0x0000,0x0000,0x0000,0x0000,0x0000,0x0000,0x0000,
0x0000,0x0000,0x0000,0x0000,0x0000,0x0000,0x0000,0x0000,0x0000,0x0000,0x0000,0x0000,
0x0000,0x0000,0xd6bc,0x0000,0x0000,0x0000,0x0000,0x0000,0x0000,0x0000,0x0000,0x0000,
0x0000,0x0000,0x0000,0x0000,0x0000,0x0000,0x0000,0x0000,0x0000,0x0000,0x0000,0x0000,
0x0000,0x0000,0x0000,0x0000,0x0000,0x0000,0x0000,0x0000,0x0000,0x0000,0x0000,0x0000,
0x0000,0x0000,0x0000,0x0000,0x0000,0x0000,0x0000,0x0000,0x0000,0x0000,0x0000,0x0000,
0x0000,0x0000,0x0000,0x0000,0x0000,0x0000,0x0000,0x0000,0x0000,0x0000,0x0000,0x0000,
0x0000,0x0000,0x0000,0x0000,0x0000,0x0000,0x0000,0xb5fb,0x0000,0x0000,0x0000,0x0000,
0x0000,0x0000,0x0000,0x0000,0x0000,0x0000,0x0000,0x0000,0x0000,0x0000,0x0000,0x0000,
0x0000,0x0000,0x0000,0xad99,0xb5da,0xef5e,0x0000,0x0000,0x0000,0x0000,0x0000,0x0000,
0x0000,0x0000,0x0000,0x0000,0xcebd,0x0000,0x0000,0x0000,0x0000,0x0000,0x0000,0x0000,
0x0000,0x0000,0x0000,0x0000,0x0000,0x0000,0x0000,0x0000,0x0000,0x0000,0x0000,0x0000,
0x0000,0x8cd7,0xbdfb,0xef5d,0x0000,0x0000,0x0000,0x0000,0x0000,0x0000,0x0000,0x0000,
0x9d39,0xd6de,0x0000,0x0000,0x0000,0x0000,0x0000,0x0000,0x0000,0x0000,0x0000,0x0000,
0x0000,0x0000,0x0000,0x0000,0x0000,0x0000,0x0000,0x0000,0x0000,0x0000,0x94f8,0xb5da,
0x0000,0x0000,0x0000,0x0000,0x0000,0x0000,0x0000,0x0000,0x0000,0x94d7,0xdefe,0x0000,
0x0000,0x0000,0x0000,0x0000,0x0000,0x0000,0x0000,0x0000,0x0000,0x0000,0x0000,0x0000,
0x0000,0x0000,0x0000,0x0000,0x0000,0x0000,0xadba,0xa579,0xe71d,0x0000,0x0000,0x0000,
0x0000,0x0000,0x0000,0x0000,0x0000,0x0000,0x8476,0xd71f,0x0000,0x0000,0x0000,0x0000,
0x0000,0x0000,0x0000,0x0000,0x0000,0x0000,0x0000,0x0000,0x0000,0x0000,0x0000,0x0000,
0x0000,0x0000,0xcebd,0x9d38,0xb5da,0x0000,0x0000,0x0000,0x0000,0x0000,0x0000,0x0000,
0x0000,0x0000,0x0000,0x7c35,0xcebe,0x0000,0x0000,0x0000,0x0000,0x0000,0x0000,0x0000,
0x0000,0x0000,0x0000,0x0000,0x0000,0x0000,0x0000,0x0000,0x0000,0x0000,0xc67d,0x9d38,
0xad99,0x0000,0x0000,0x0000,0x0000,0x0000,0x0000,0x0000,0x0000,0x0000,0x0000,0xa59a,
0x6bd4,0xbe5d,0xdf1e,0x0000,0x0000,0x0000,0x0000,0x0000,0x0000,0x0000,0x0000,0x0000,
0x0000,0x0000,0x0000,0x0000,0x0000,0xe75e,0xa57a,0x9d39,0xad9a,0x0000,0x0000,0x0000,
0x0000,0x0000,0x0000,0x0000,0x0000,0x0000,0x0000,0x0000,0x9d39,0x6351,0xc65d,0xb61c,
0xdf1e,0x0000,0x0000,0x0000,0x0000,0x0000,0x0000,0x0000,0x0000,0x0000,0x0000,0x0000,
0x0000,0xdf3e,0xadba,0xa59a,0xbe3c,0x0000,0x0000,0x0000,0x0000,0x0000,0x0000,0x0000,
0x0000,0x0000,0x0000,0x0000,0x0000,0x8cd8,0x5b31,0xb5da,0xa59b,0xbe1c,0xdf1e,0x0000,
0x0000,0x0000,0x0000,0x0000,0x0000,0x0000,0x0000,0xf79f,0xef7e,0xc67c,0xb5db,0xadba,
0xef5f,0x0000,0x0000,0x0000,0x0000,0x0000,0x0000,0x0000,0x0000,0x0000,0x0000,0x0000,
0x0000,0x0000,0x8476,0x5b11,0x7c34,0xbe3c,0xa59a,0xa59b,0xcebe,0xdf3e,0xef7e,0xf7bf,
0xf7bf,0xffff,0xe73e,0xcebd,0xce9c,0xc67c,0xb5fb,0xbe3c,0x0000,0x0000,0x0000,0x0000,
0x0000,0x0000,0x0000,0x0000,0x0000,0x0000,0x0000,0x0000,0x0000,0x0000,0x0000,0x8497,
0x5b31,0x4aaf,0xaddb,0xa5bb,0xa59a,0xa57b,0x9d5a,0x9d7b,0xa5bb,0xaddb,0xb61c,0xb61b,
0xbe1b,0xc67c,0xc67c,0xef3d,0x0000,0x0000,0x0000,0x0000,0x0000,0x0000,0xc65c,0xdf1e,
0xdf3f,0xe75f,0xe75f,0x0000,0x0000,0x0000,0x0000,0x0000,0x73f4,0x5b31,0x4a8e,0x52ef,
0xb61c,0xaddc,0xa57a,0xa57b,0x9d7a,0xa5bb,0xaddb,0xadbb,0xb61b,0xd6fd,0xc5f9,0x0000,
0x0000,0x0000,0x0000,0x0000,0x0000,0x0000,0x0000,0x9d18,0x9d39,0x9d18,0xadba,0xbe1c,
0x0000,0x0000,0x0000,0x0000,0x9519,0x6393,0x5b31,0x4acf,0x426d,0x52ae,0x8cb6,0xb61c,
0xbe3d,0xbe5d,0xbe5d,0xce9d,0xbe1a,0x9494,0xd69b,0x0000,0x0000,0x0000,0x0000,0x0000,
0x0000,0x0000,0x0000,0xbe1b,0x8cb7,0x8455,0x7c35,0x8cb7,0xbe3c,0x0000,0x0000,0xd6fe,
0x8cd7,0x6bf4,0x6bb3,0x6372,0x52f0,0x52f0,0x52ef,0x4aae,0x4aae,0x52cf,0x5b0f,0x73b1,
0x8c95,0xad78,0xe6fd,0x0000,0x0000,0x0000,0x0000,0x0000,0x0000,0x0000,0x0000,0x0000,
0x0000,0x94d7,0x6bd3,0x7c55,0x8497,0x9518,0x9d59,0x8cb7,0x6bd3,0x6bb3,0x73f4,0x6bd4,
0x6372,0x5b52,0x5b52,0x5b51,0x6351,0x6372,0x73d3,0x8455,0x9cf7,0xb5d9,0xef5e,0x0000,
0x0000,0x0000,0x0000,0x0000,0x0000,0x0000,0x0000,0x0000,0x0000,0x0000,0x9d39,0x8456,
0x7c56,0x6bb2,0x6bb3,0x8476,0x7c34,0x0000,0x0000,0x0000,0x0000,0x8cd7,0x6bd3,0x73f4,
0x6bd3,0x6bb3,0x7c35,0x8475,0x9d17,0xb5b9,0xef5d,0x0000,0x0000,0x0000,0x0000,0x0000,
0x0000,0x0000,0x0000,0x0000,0x0000,0x0000,0x0000,0x8476,0x94d7,0x0000,0x0000,0x0000,
0x0000,0x0000,0x0000,0x0000,0x0000,0x0000,0x0000,0x94f8,0x7c35,0x7415,0x7c15,0x8c96,
0x9d18,0xb5ba,0xdefd,0x0000,0x0000,0x0000,0x0000,0x0000,0x0000,0x0000,0x0000,0x0000,
0x0000,0x0000,0x0000,0x8cd8,0xadba,0x0000,0x0000,0x0000,0x0000,0x0000,0x0000,0x0000,
0x0000,0x0000,0x0000,0x0000,0xad9a,0x8476,0x8476,0x8c96,0x94d7,0xa559,0xc63b,0x0000,
0x0000,0x0000,0x0000,0x0000,0x0000,0x0000,0x0000,0x0000,0x0000,0x0000,0xcebd,0x9d39,
0xad99,0x0000,0x0000,0x0000,0x0000,0x0000,0x0000,0x0000,0x0000,0x0000,0x0000,0x0000,
0x0000,0x0000,0x94f8,0x8497,0x8cb7,0x9d38,0xb5da,0xef3e,0x0000,0x0000,0x0000,0x0000,
0x0000,0x0000,0x0000,0x0000,0x0000,0x0000,0xc65c,0x9d18,0x0000,0x0000,0x0000,0x0000,
0x0000,0x0000,0x0000,0x0000,0x0000,0x0000,0x0000,0x0000,0x0000,0x0000,0x0000,0xad9b,
0x8cb7,0x94d7,0xa579,0xce7b,0x0000,0x0000,0x0000,0x0000,0x0000,0x0000,0x0000,0x0000,
0x0000,0x0000,0xb5fb,0xad9a,0x0000,0x0000,0x0000,0x0000,0x0000,0x0000,0x0000,0x0000,
0x0000,0x0000,0x0000,0x0000,0x0000,0x0000,0x0000,0x0000,0xad9a,0x94f8,0x9d38,0xbdfa,
0xef5e,0x0000,0x0000,0x0000,0x0000,0x0000,0x0000,0x0000,0x0000,0xdf1e,0x9d38,0x0000,
0x0000,0x0000,0x0000,0x0000,0x0000,0x0000,0x0000,0x0000,0x0000,0x0000,0x0000,0x0000,
0x0000,0x0000,0x0000,0x0000,0x0000,0x9d59,0x94f8,0xad79,0xce9c,0x0000,0x0000,0x0000,
0x0000,0x0000,0x0000,0x0000,0x0000,0xad9a,0xb5da,0x0000,0x0000,0x0000,0x0000,0x0000,
0x0000,0x0000,0x0000,0x0000,0xb61b,0x0000,0x0000,0x0000,0x0000,0x0000,0x0000,0x0000,
0x0000,0xbe3c,0x94f8,0xa559,0xbdfa,0xef7e,0x0000,0x0000,0x0000,0x0000,0x0000,0x0000,
0xbe3c,0x0000,0x0000,0x0000,0x0000,0x0000,0x0000,0x0000,0x0000,0x0000,0x0000,0x0000,
0x0000,0x0000,0xb5fc,0xce9d,0x0000,0x0000,0x0000,0x0000,0x0000,0xaddb,0x8cb7,0x9518,
0xb5b9,0xd6bc,0x0000,0x0000,0x0000,0x0000,0x0000,0xb5ba,0x0000,0x0000,0x0000,0x0000,
0x0000,0x0000,0x0000,0x0000,0x0000,0x0000,0x0000,0x0000,0x0000,0x0000,0x0000,0x0000,
0x8497,0x9518,0xbe3c,0xc69e,0xbe5d,0x9d19,0x8497,0x8cb7,0xa538,0xc5f9,0x0000,0x0000,
0x0000,0x0000,0x0000,0x0000,0x0000,0x0000,0x0000,0x0000,0x0000,0x0000,0x0000,0x0000,
0x0000,0x0000,0x0000,0x0000,0x0000,0x0000,0x0000,0x0000,0x0000,0x0000,0x94d7,0x8476,
0x73f4,0x73f3,0x7c14,0x8434,0x8c74,0xad37,0x0000,0x0000,0x0000,0x0000,0x0000,0x0000,
0x0000,0x0000,0x0000,0x0000,0x0000,0x0000,0x0000,0x0000,0x0000,0x0000,0x0000,0x0000,
0x0000,0x0000,0x0000,0x0000,0x0000,0x0000,0x0000,0x0000,0x0000,0x0000,0x0000,0x94d6,
0x0000,0x0000,0x0000,0x0000,0x0000,0x0000,0x0000,0x0000,0x0000,0x0000,0x0000,0x0000,
0x0000,0x0000,0x0000,0x0000,0x0000,0x0000,0x0000,0x0000,0x0000,0x0000,0x0000,0x0000,
0x0000,0x0000,0x0000,0x0000,0x0000,0x0000,0x0000,0x0000,0x0000,0x0000,0x0000,0x0000,
0x0000,0x0000,0x0000,0x0000,0x0000,0x0000,0x0000,0x0000,0x0000,0x0000,0x0000,0x0000,
0x0000,0x0000,0x0000,0x0000,0x0000,0x0000,0x0000,0x0000,0x0000,0x0000,0x0000,0x0000,
0x0000,0x0000,0x0000,0x0000,0x0000,0x0000,0x0000,0x0000,0x0000,0x0000,0x0000,0x0000,
0x0000,0x0000,0x0000,0x0000,0x0000,0x0000,0x0000,0x0000,0x0000,0x0000,0x0000,0x0000,
0x0000,0x0000,0x0000,0x0000,0x0000,0x0000,0x0000,0x0000,0x0000,0x0000,0x0000,0x0000,
0x0000,0x0000,0x0000,0x0000,0x0000,0x0000,0x0000,0xfd35,0xf4f4,0xed97,0xee9a,0xe6ba,
0x0000,0x0000,0x0000,0x0000,0x0000,0x0000,0x0000,0x0000,0x0000,0x0000,0x0000,0x0000,
0x0000,0x0000,0x0000,0x0000,0x0000,0x0000,0x0000,0x0000,0x0000,0x0000,0x0000,0x0000,
0x0000,0xf3cf,0xf30d,0xb166,0x92aa,0x93ae,0x9c30,0xa534,0xdf7d,0x0000,0x0000,0x0000,
0x0000,0x0000,0x0000,0x0000,0x0000,0x0000,0x0000,0x0000,0x0000,0xfc72,0xfb6f,0xfb4e,
0x0000,0x0000,0x0000,0x0000,0x0000,0x0000,0x0000,0x0000,0x0000,0xfaac,0xb104,0x89e8,
0x0000,0x0000,0x0000,0x0000,0x7cf2,0xd77c,0x0000,0x0000,0x0000,0x0000,0x0000,0x0000,
0x0000,0x0000,0x0000,0x0000,0xfb4e,0xb0c3,0xa8e4,0xe187,0x0000,0x0000,0x0000,0x0000,
0x0000,0x0000,0x0000,0x0000,0x0000,0xd966,0xa945,0x0000,0x0000,0x0000,0x0000,0x0000,
0x7c0f,0x7d32,0xd79d,0x0000,0x0000,0x0000,0x0000,0x0000,0x0000,0x0000,0x0000,0x0000,
0xd9a7,0xb945,0x0000,0x0000,0x0000,0x0000,0x0000,0x0000,0x0000,0x0000,0x0000,0x0000,
0xf2ec,0xc925,0xc9a7,0x0000,0x0000,0x0000,0x0000,0x0000,0x8512,0x7490,0x9e17,0x0000,
0x0000,0x0000,0x0000,0x0000,0x0000,0x0000,0x0000,0x0000,0xda6a,0x0000,0x0000,0x0000,
0x0000,0x0000,0x0000,0x0000,0x0000,0x0000,0x0000,0x0000,0x0000,0xb8e4,0xe1e8,0x0000,
0x0000,0x0000,0x0000,0x0000,0x0000,0x8553,0x74f2,0xbeda,0x0000,0x0000,0x0000,0x0000,
0x0000,0x0000,0x0000,0x0000,0xdc52,0x0000,0x0000,0x0000,0x0000,0x0000,0x0000,0xfc11,
0xf412,0x0000,0x0000,0x0000,0x0000,0x0000,0x0000,0x0000,0x0000,0x0000,0x0000,0x0000,
0x0000,0x0000,0x8d94,0xb6da,0x0000,0x0000,0x0000,0x0000,0x0000,0x0000,0x0000,0x0000,
0x0000,0xddb7,0x0000,0x0000,0x0000,0xf3f1,0xfc32,0xe229,0xea8b,0xfb0e,0x0000,0x0000,
0x0000,0x0000,0x0000,0x0000,0x0000,0x0000,0x0000,0x0000,0x0000,0x0000,0x0000,0x9e37,
0x0000,0x0000,0x0000,0x0000,0x0000,0x0000,0x0000,0x0000,0x0000,0xb5b6,0xd6ba,0x0000,
0x0000,0xf493,0xa9a7,0xa1a7,0xa945,0xd166,0xfaed,0x0000,0x0000,0x0000,0x0000,0x0000,
0x0000,0x0000,0x0000,0x0000,0x0000,0x0000,0x0000,0xae99,0x0000,0xd75c,0xd75c,0xc71b,
0xcf3b,0xdf9d,0x0000,0x0000,0x0000,0x0000,0xbe99,0x0000,0xde38,0xbc11,0xa410,0x9b8e,
0xa24a,0xb946,0xe1a7,0x0000,0x0000,0x0000,0x0000,0x0000,0x0000,0x0000,0x0000,0x0000,
0x0000,0x0000,0x0000,0xb6ba,0xc6fb,0xa637,0x6c90,0x6c90,0x6c90,0x95f6,0xcf5c,0x0000,
0x0000,0x0000,0xae58,0x0000,0xcefa,0xa554,0x9533,0x9450,0xa32d,0xc987,0xd9a7,0x0000,
0x0000,0x0000,0x0000,0x0000,0x0000,0x0000,0x0000,0x0000,0x0000,0x0000,0x0000,0xae99,
0xb699,0x74f2,0x0000,0x0000,0x0000,0x7512,0xae78,0x0000,0x0000,0x0000,0x0000,0x9e16,
0xc71b,0x9dd6,0x9533,0x0000,0x0000,0xea2a,0x0000,0x0000,0x0000,0x0000,0x0000,0x0000,
0x0000,0x0000,0x0000,0x0000,0x0000,0x0000,0x0000,0xbefa,0x8553,0x0000,0x0000,0x0000,
0x0000,0x8db5,0x9e37,0xa637,0x0000,0x0000,0xbeda,0x8594,0xae99,0x9df6,0x0000,0x0000,
0x0000,0x0000,0x0000,0x0000,0x0000,0x0000,0x0000,0x0000,0x0000,0x0000,0x0000,0x0000,
0x0000,0x0000,0x0000,0xb6da,0x8594,0x0000,0x0000,0x0000,0x0000,0x0000,0x9e17,0x0000,
0x0000,0x0000,0xc6fb,0xa678,0x9e17,0x0000,0x0000,0x0000,0x0000,0x0000,0x0000,0x0000,
0x0000,0x0000,0x0000,0x0000,0x0000,0x0000,0x0000,0x0000,0x0000,0x0000,0x0000,0xb699,
0x8dd6,0x0000,0x0000,0x0000,0x0000,0xbefa,0x8dd5,0x0000,0x0000,0x0000,0xa678,0xbefb,
0x95f6,0x0000,0x0000,0x0000,0x0000,0x0000,0x0000,0x0000,0x0000,0x0000,0x0000,0x0000,
0x0000,0x0000,0x0000,0x0000,0x0000,0x0000,0x0000,0xb6b9,0x9e37,0x0000,0x0000,0x0000,
0x0000,0xc71b,0x9e16,0x0000,0x0000,0xcf5c,0xbeda,0x7d13,0x0000,0x0000,0x0000,0x0000,
0x0000,0x0000,0x0000,0x0000,0x0000,0x0000,0x0000,0x0000,0x0000,0xfdf8,0xfefc,0xf77d,
0xe77d,0xd75c,0x0000,0x0000,0xb6b9,0x0000,0x0000,0x0000,0xcf3c,0x8594,0x0000,0x0000,
0xcf3c,0x8d94,0x7d12,0x0000,0x0000,0x0000,0x0000,0x0000,0x0000,0x0000,0x0000,0x0000,
0x0000,0x0000,0x0000,0xfc31,0xf515,0xc36f,0xac10,0x9c71,0x8cd2,0x8d95,0xbeda,0xd77d,
0x9616,0x0000,0x0000,0x0000,0xb6b9,0x0000,0xcf3c,0xa637,0x7d12,0x0000,0x0000,0x0000,
0x0000,0x0000,0x0000,0x0000,0x0000,0x0000,0x0000,0x0000,0x0000,0x0000,0xfb8f,0xd9e8,
0xaa6a,0xa36e,0x9c50,0x8491,0x7491,0x6c90,0x74d2,0x95d5,0xb6da,0xbefa,0x0000,0x0000,
0x9e58,0x0000,0xb6ba,0x8d74,0x0000,0x0000,0x0000,0x0000,0x0000,0x0000,0x0000,0x0000,
0x0000,0x0000,0x0000,0x0000,0x0000,0xf34e,0xd9a7,0xa924,0xaa08,0xa30c,0xa4f3,0x74b1,
0x74b1,0x0000,0x0000,0x7cf2,0x8553,0xbefa,0xbefa,0xb6ba,0xae99,0x0000,0x95f6,0x0000,
0x0000,0x0000,0x0000,0x0000,0x0000,0x0000,0x0000,0x0000,0x0000,0x0000,0x0000,0x0000,
0x0000,0xfa6b,0xb905,0x0000,0x0000,0x0000,0xad96,0x7d12,0x0000,0x0000,0x0000,0x0000,
0x0000,0x8d94,0xc6fb,0xa678,0xaeb9,0xae79,0x9e17,0x0000,0x0000,0x0000,0x0000,0x0000,
0x0000,0x0000,0x0000,0x0000,0x0000,0x0000,0x0000,0x0000,0x0000,0xe1a7,0xc986,0x0000,
0x0000,0x0000,0xae38,0x0000,0x0000,0x0000,0x0000,0x0000,0x0000,0x0000,0x8d95,0xb6b9,
0xb699,0x8db5,0xa678,0x0000,0x0000,0x0000,0x0000,0x0000,0x0000,0x0000,0x0000,0x0000,
0x0000,0x0000,0x0000,0x0000,0x0000,0x0000,0xd166,0x0000,0x0000,0x0000,0xae78,0x0000,
0x0000,0x0000,0x0000,0x0000,0x0000,0x0000,0x0000,0x95f6,0xa638,0x9e37,0xae99,0x0000,
0x0000,0x0000,0x0000,0x0000,0x0000,0x0000,0x0000,0x0000,0x0000,0x0000,0x0000,0x0000,
0x0000,0x0000,0x0000,0x0000,0x0000,0x0000,0xae58,0xb699,0x0000,0x0000,0x0000,0x0000,
0x0000,0x0000,0x0000,0x0000,0x95d6,0xae58,0x8db5,0xb679,0x0000,0x0000,0x0000,0x0000,
0x0000,0x0000,0x0000,0x0000,0x0000,0x0000,0x0000,0x0000,0x0000,0x0000,0x0000,0x0000,
0x0000,0x0000,0x0000,0xb6b9,0x0000,0x0000,0x0000,0x0000,0x0000,0x0000,0x0000,0x0000,
0x0000,0x95d5,0xb699,0xae78,0x0000,0x0000,0x0000,0x0000,0x0000,0x0000,0x0000,0x0000,
0x0000,0x0000,0x0000,0x0000,0x0000,0x0000,0x0000,0x0000,0x0000,0x0000,0x0000,0x0000,
0xc6da,0xde79,0x0000,0xf2ec,0xfb4e,0x0000,0x0000,0x0000,0x0000,0x0000,0x8d74,0xae58,
0xbeba,0x0000,0x0000,0x0000,0x0000,0x0000,0x0000,0x0000,0x0000,0x0000,0x0000,0x0000,
0x0000,0x0000,0x0000,0x0000,0x0000,0x0000,0x0000,0x0000,0x0000,0xb4d2,0xd3f0,0xda29,
0xc8e4,0x0000,0x0000,0x0000,0x0000,0x0000,0x0000,0x9dd6,0x95b5,0xcf1b,0xd638,0xedf8,
0xed35,0xf472,0xfb6e,0xfbf0,0x0000,0x0000,0x0000,0x0000,0x0000,0x0000,0x0000,0x0000,
0x0000,0x0000,0x0000,0x0000,0x0000,0x0000,0x0000,0x0000,0x0000,0x0000,0x0000,0x0000,
0x0000,0x0000,0x0000,0x0000,0x0000,0xa595,0xbdb6,0xddb7,0xdc52,0xdb2d,0xe26a,0xe9a8,
0xfaac,0x0000,0x0000,0x0000,0x0000,0x0000,0x0000,0x0000,0x0000,0x0000,0x0000,0x0000,
0x0000,0x0000,0x0000,0x0000,0x0000,0x0000,0x0000,0x0000,0x0000,0x0000,0x0000,0x0000,
0x0000,0x0000,0xb513,0xb410,0xbb6e,0xc2ab,0xc1a7,0xc966,0xc925,0x0000,0x0000,0x0000,
0x0000,0x0000,0x0000,0x0000,0x0000,0x0000,0x0000,0x0000,0x0000,0x0000,0x0000,0x0000,
0x0000,0x0000,0x0000,0x0000,0x0000,0x0000,0x0000,0x0000,0x0000,0x0000,0x0000,0x0000,
0x0000,0xc26a,0xc187,0xb945,0xd1a7,0x0000,0x0000,0x0000,0x0000,0x0000,0x0000,0x0000,
0x0000,0x0000,0x0000,0x0000,0x0000,0x0000,0x0000,0x0000,0x0000,0x0000,0x0000,0x0000,
0x0000,0x0000,0x0000,0x0000,0x0000,0x0000,0x0000,0x0000,0x0000,0x0000,0x0000,0x0000,
0x0000,0x0000,0x0000,0x0000,0x0000,0x0000,0x0000,0x0000,0x0000,0x0000,0x0000,0x0000,
0x0000,0x0000,0x0000,0x0000,0x0000,0x0000,0x0000,0x0000,0x0000,0x0000,0x0000,0x0000,
0x0000,0x0000,0x0000,0x0000,0x0000,0x0000,0x0000,0x0000,0x0000,0x0000,0x0000,0x0000,
0x0000,0x0000,0x0000,0x0000,0x0000,0x0000,0x0000,0x0000,0x0000,0x0000,0x0000,0x0000,
0x0000,0x0000,0x0000,0x0000,0x0000,0x0000,0x0000,0x0000,0x0000,0x0000,0x0000,0x0000,
0x0000,0x0000,0x0000,0x0000,0x0000,0x0000,0x0000,0x0000,0x0000,0x0000,0x0000,0x0000,
0x0000,0x0000,0x0000,0x0000,0x0000,0x0000,0x0000,0x0000,0x0000,0x0000,0x0000,0x0000,
0x0000,0x0000,0x0000,0x0000,0x0000,0x0000,0x0000,0x0000,0x0000,0x0000,0x0000,0x0000,
0x0000,0x0000,0x0000,0x0000,0x0000,0x0000,0x0000,0x0000,0x0000,0x0000,0x0000,0x0000,
0x0000,0x0000,0x0000,0x0000,0x0000,0x0000,0x0000,0x0000,0x0000,0x0000,0x0000,0x0000,
0x0000,0x0000,0x0000,0x0000,0x0000,0x0000,0x0000,0x0000,0x0000,0x0000,0x0000,0x0000,
0x0000,0x0000,0x0000,0x0000,0x0000,0x0000,0x0000,0xfc57,0x0000,0x0000,0x0000,0x0000,
0x0000,0x0000,0x0000,0x0000,0x0000,0x0000,0x0000,0x0000,0x0000,0x0000,0x0000,0x0000,
0x0000,0x0000,0x0000,0x0000,0x0000,0x0000,0x0000,0x0000,0x0000,0x0000,0x0000,0x0000,
0x0000,0x0000,0x0000,0x0000,0xfbb6,0xfc98,0x0000,0x0000,0x0000,0x0000,0x0000,0x0000,
0x0000,0x0000,0x0000,0x0000,0x0000,0x0000,0x0000,0x0000,0x0000,0x0000,0x0000,0x0000,
0x0000,0x0000,0x0000,0x0000,0x0000,0xfc36,0x0000,0x0000,0x0000,0x0000,0x0000,0x0000,
0x0000,0xf395,0xfb13,0xeab2,0xf333,0xf395,0xf3f6,0xfc77,0xfd19,0xfdfc,0xfe5d,0xfe3c,
0x0000,0x0000,0x0000,0x0000,0x0000,0x0000,0x0000,0x0000,0x0000,0x0000,0x0000,0x0000,
0x0000,0xf395,0xfd39,0x0000,0x0000,0x0000,0x0000,0x0000,0x0000,0x0000,0x0000,0x0000,
0xf313,0xe22f,0xe270,0xe2d2,0xeb54,0xebd5,0xf3d6,0xfc37,0xfd5a,0xfe3c,0x0000,0x0000,
0x0000,0x0000,0x0000,0x0000,0x0000,0x0000,0x0000,0x0000,0x0000,0x0000,0xfb74,0xfcd9,
0x0000,0x0000,0x0000,0x0000,0x0000,0x0000,0x0000,0x0000,0x0000,0xf394,0xeab2,0xeb13,
0xf3d5,0xf334,0x0000,0x0000,0x0000,0xfb95,0xfd7b,0xf57a,0x0000,0x0000,0x0000,0x0000,
0x0000,0x0000,0x0000,0x0000,0x0000,0x0000,0x0000,0xf374,0xf3b5,0xfd5b,0xfd7a,0xfd7a,
0x0000,0x0000,0x0000,0x0000,0x0000,0xf457,0xf3b5,0xf395,0xf334,0x0000,0x0000,0x0000,
0x0000,0x0000,0xfb75,0xf437,0xfd9b,0x0000,0x0000,0x0000,0x0000,0x0000,0x0000,0x0000,
0x0000,0x0000,0x0000,0x0000,0x0000,0xf333,0xf2d2,0xf3f6,0xfcf9,0xfd3a,0xfcfa,0xf437,
0xfcb9,0xf437,0xeb54,0xeb33,0xf2f3,0x0000,0x0000,0x0000,0x0000,0x0000,0xf3d6,0xeb54,
0xeb34,0xfd5a,0x0000,0x0000,0x0000,0x0000,0x0000,0x0000,0x0000,0x0000,0x0000,0x0000,
0x0000,0x0000,0x0000,0xeaf2,0xe291,0xead2,0xf394,0xfc98,0xfd5b,0xf3d6,0xea91,0xe291,
0xfb75,0x0000,0x0000,0x0000,0x0000,0x0000,0x0000,0xeb33,0xea91,0xeb13,0x0000,0x0000,
0x0000,0x0000,0x0000,0x0000,0x0000,0x0000,0x0000,0x0000,0x0000,0x0000,0xf416,0xf334,
0xe2b1,0xe2b1,0xeaf2,0xeaf3,0xeaf2,0xf3d5,0xfd7b,0xf457,0xea91,0x0000,0x0000,0x0000,
0x0000,0x0000,0xfcf9,0xeab1,0x0000,0x0000,0xfbb6,0x0000,0x0000,0x0000,0x0000,0x0000,
0x0000,0x0000,0x0000,0x0000,0xfd7a,0xfc37,0xeb54,0xe2d2,0xe271,0xeaf2,0xda50,0xe270,
0xeab1,0xeab1,0xea70,0xeb33,0xfdbb,0xfc58,0x0000,0x0000,0x0000,0x0000,0xfcd9,0xeb13,
0x0000,0x0000,0x0000,0x0000,0x0000,0x0000,0x0000,0x0000,0x0000,0x0000,0x0000,0xfc78,
0xea70,0xea50,0xea70,0xda2f,0xe291,0xeb13,0xeab1,0x0000,0x0000,0x0000,0x0000,0xeaf2,
0xe250,0xf3f5,0xfd9b,0xfd1a,0xfd7b,0xf4fa,0xf375,0xf374,0x0000,0x0000,0x0000,0xf374,
0x0000,0x0000,0x0000,0x0000,0x0000,0x0000,0xfbf6,0xea70,0x0000,0x0000,0x0000,0x0000,
0xf313,0xeb34,0x0000,0x0000,0x0000,0x0000,0x0000,0x0000,0xf312,0xda70,0xe291,0xfd9a,
0xfcb8,0xf3b6,0xf375,0xf375,0x0000,0x0000,0x0000,0xf334,0x0000,0x0000,0x0000,0x0000,
0x0000,0xfc98,0xea91,0x0000,0x0000,0x0000,0x0000,0x0000,0x0000,0xf313,0xf334,0x0000,
0x0000,0x0000,0x0000,0x0000,0x0000,0xf2f3,0xdab1,0xe291,0xf3d5,0xfd1a,0xf3d6,0xf354,
0x0000,0x0000,0x0000,0x0000,0x0000,0x0000,0x0000,0x0000,0x0000,0xfb54,0x0000,0x0000,
0x0000,0x0000,0x0000,0x0000,0x0000,0x0000,0xf395,0x0000,0x0000,0x0000,0x0000,0x0000,
0x0000,0xf395,0xe2d2,0xd22f,0xda70,0xe270,0xfd3a,0xf417,0xfbf6,0x0000,0x0000,0x0000,
0x0000,0x0000,0x0000,0x0000,0x0000,0xf2d2,0x0000,0x0000,0x0000,0x0000,0x0000,0x0000,
0x0000,0x0000,0xf395,0x0000,0x0000,0x0000,0x0000,0x0000,0x0000,0xfc37,0xea91,0x0000,
0xeab1,0xda50,0xda2f,0xeb52,0xfc78,0xfc57,0x0000,0x0000,0x0000,0x0000,0x0000,0x0000,
0x0000,0x0000,0x0000,0x0000,0x0000,0x0000,0x0000,0x0000,0x0000,0x0000,0x0000,0xfc18,
0x0000,0x0000,0x0000,0x0000,0x0000,0xfb55,0x0000,0x0000,0x0000,0x0000,0xe2b2,0xda70,
0xc98c,0xf395,0xfc99,0x0000,0x0000,0x0000,0x0000,0x0000,0x0000,0xf312,0x0000,0x0000,
0x0000,0x0000,0x0000,0x0000,0x0000,0x0000,0x0000,0x0000,0xfbf7,0xf5bb,0x0000,0x0000,
0xfd7b,0xf313,0x0000,0x0000,0x0000,0x0000,0xf374,0xeb13,0xeab1,0x0000,0x0000,0x0000,
0xf3b5,0x0000,0x0000,0x0000,0x0000,0x0000,0x0000,0x0000,0x0000,0x0000,0x0000,0x0000,
0x0000,0x0000,0x0000,0x0000,0x0000,0xfb75,0xfcf9,0xfd5a,0xf417,0xf374,0x0000,0x0000,
0x0000,0x0000,0x0000,0xfb54,0xf334,0x0000,0x0000,0x0000,0x0000,0x0000,0x0000,0x0000,
0x0000,0x0000,0x0000,0x0000,0x0000,0x0000,0x0000,0x0000,0x0000,0x0000,0x0000,0x0000,
0x0000,0x0000,0xf3b5,0xeb95,0xf436,0xf3b5,0x0000,0x0000,0x0000,0x0000,0x0000,0x0000,
0xeb13,0xf3b6,0x0000,0x0000,0x0000,0x0000,0x0000,0x0000,0x0000,0x0000,0x0000,0x0000,
0x0000,0x0000,0x0000,0x0000,0x0000,0x0000,0x0000,0x0000,0x0000,0x0000,0x0000,0xf395,
0xeb95,0xfc17,0x0000,0x0000,0x0000,0x0000,0x0000,0x0000,0xfb74,0xfbd6,0x0000,0x0000,
0x0000,0x0000,0x0000,0x0000,0x0000,0x0000,0x0000,0x0000,0x0000,0x0000,0x0000,0x0000,
0x0000,0x0000,0x0000,0x0000,0x0000,0xf394,0x0000,0x0000,0xeb54,0xf416,0xfcb8,0x0000,
0x0000,0x0000,0x0000,0x0000,0x0000,0xfb54,0xfc98,0x0000,0x0000,0x0000,0x0000,0x0000,
0x0000,0x0000,0x0000,0x0000,0x0000,0x0000,0x0000,0x0000,0x0000,0x0000,0x0000,0x0000,
0x0000,0x0000,0xfb13,0xf456,0xf3b5,0xeb12,0xf457,0x0000,0x0000,0x0000,0x0000,0x0000,
0x0000,0x0000,0xfb55,0x0000,0x0000,0x0000,0x0000,0x0000,0x0000,0x0000,0x0000,0x0000,
0x0000,0x0000,0x0000,0x0000,0x0000,0x0000,0x0000,0x0000,0x0000,0x0000,0x0000,0xeab1,
0xe2d2,0xeb94,0xeb94,0xfcb9,0x0000,0x0000,0x0000,0x0000,0x0000,0x0000,0x0000,0xfb96,
0x0000,0x0000,0x0000,0x0000,0x0000,0x0000,0x0000,0x0000,0x0000,0x0000,0x0000,0x0000,
0x0000,0x0000,0x0000,0x0000,0x0000,0x0000,0x0000,0x0000,0x0000,0xeab1,0xe2d1,0xeb94,
0xfcd9,0xfd9a,0x0000,0x0000,0x0000,0x0000,0x0000,0x0000,0xf375,0x0000,0x0000,0x0000,
0x0000,0x0000,0x0000,0x0000,0x0000,0x0000,0x0000,0x0000,0x0000,0x0000,0x0000,0x0000,
0x0000,0x0000,0x0000,0x0000,0x0000,0x0000,0x0000,0xeb12,0xf313,0xf3b5,0xfdbc,0x0000,
0x0000,0x0000,0x0000,0x0000,0x0000,0x0000,0x0000,0x0000,0x0000,0x0000,0x0000,0x0000,
0x0000,0x0000,0x0000,0x0000,0x0000,0x0000,0x0000,0x0000,0x0000,0x0000,0x0000,0x0000,
0x0000,0x0000,0x0000,0x0000,0x0000,0x0000,0xf333,0xfb95,0xfcfa,0xfd7a,0x0000,0x0000,
0x0000,0x0000,0x0000,0x0000,0x0000,0x0000,0x0000,0x0000,0x0000,0x0000,0x0000,0x0000,
0x0000,0x0000,0x0000,0x0000,0x0000,0x0000,0x0000,0x0000,0x0000,0x0000,0x0000,0x0000,
0x0000,0x0000,0x0000,0x0000,0x0000,0x0000,0x0000,0x0000,0x0000,0x0000,0x0000,0x0000,
0x0000,0x0000,0x0000,0x0000,0x0000,0x0000,0x0000,0x0000,0x0000,0x0000,0x0000,0x0000,
0x0000,0x0000,0x0000,0x0000,0x0000,0x0000,0x0000,0x0000,0x0000,0x0000,0x0000,0x0000,
0x0000,0x0000,0x0000,0x0000,0x0000,0x0000,0x0000,0x0000,0x0000,0x0000,0x0000,0x0000,
0x0000,0x0000,0x0000,0x0000,0x0000,0x0000,0x0000,0x0000,0x0000,0x0000,0x0000,0x0000,
0x0000,0x0000,0x0000,0x0000,0x0000,0x0000,0x0000,0x0000,0x0000,0x0000,0x0000,0x0000,
0x0000,0x0000,0x0000,0x0000,0x0000,0x0000,0x0000,0x0000,0x0000,0x0000,0x0000,0x0000,
0x0000,0x0000,0x0000,0x0000,0x0000,0xf555,0x0000,0x0000,0x0000,0x0000,0x0000,0x0000,
0x0000,0x0000,0x0000,0x0000,0x0000,0x0000,0x0000,0x0000,0x0000,0x0000,0x0000,0x0000,
0x0000,0x0000,0x0000,0x0000,0x0000,0x0000,0x0000,0x0000,0x0000,0x0000,0x0000,0x0000,
0xef1d,0x0000,0x0000,0x0000,0x0000,0x0000,0x0000,0x0000,0x0000,0x0000,0x0000,0x0000,
0x0000,0x0000,0x0000,0x0000,0x0000,0x0000,0x0000,0x0000,0x0000,0x0000,0x0000,0x0000,
0x0000,0x0000,0x0000,0x0000,0x0000,0x0000,0x0000,0xd63b,0xce3b,0x0000,0x0000,0x0000,
0x0000,0x0000,0x0000,0x0000,0x0000,0x0000,0x0000,0x0000,0x0000,0x0000,0x0000,0x0000,
0x0000,0x0000,0x0000,0x0000,0x0000,0x0000,0x0000,0x0000,0x0000,0x0000,0x0000,0x0000,
0x0000,0x0000,0x0000,0xde9d,0xbdba,0x0000,0x0000,0x0000,0x0000,0x0000,0x0000,0x0000,
0x0000,0x0000,0x0000,0x0000,0x0000,0x0000,0x0000,0x0000,0x0000,0x0000,0x0000,0x0000,
0x0000,0x0000,0x0000,0x0000,0x0000,0x0000,0x0000,0x0000,0x0000,0x0000,0x0000,0xc5db,
0xc61c,0x0000,0x0000,0x0000,0x0000,0x0000,0x0000,0x0000,0x0000,0x0000,0x0000,0x0000,
0x0000,0x0000,0x0000,0x0000,0x0000,0x0000,0x0000,0x0000,0x0000,0x0000,0x0000,0x0000,
0x0000,0x0000,0x0000,0x0000,0x0000,0x0000,0x0000,0xacf8,0xbddb,0x0000,0x0000,0x0000,
0x0000,0x0000,0x0000,0x0000,0x0000,0x0000,0x0000,0x0000,0x0000,0x0000,0x0000,0x0000,
0x0000,0x0000,0x0000,0x0000,0x0000,0x0000,0x0000,0x0000,0x0000,0x0000,0x0000,0x0000,
0x0000,0x0000,0x0000,0x9c36,0xad39,0xce5c,0x0000,0x0000,0x0000,0x0000,0x0000,0x0000,
0x0000,0x0000,0x0000,0x0000,0x0000,0x0000,0xf493,0x0000,0x0000,0x0000,0x0000,0x0000,
0x0000,0x0000,0x0000,0x0000,0x0000,0x0000,0x0000,0x0000,0x0000,0x0000,0x0000,0xa4b8,
0x9456,0xbd9a,0xd69d,0xdebd,0x0000,0x0000,0x0000,0x0000,0x0000,0x0000,0x0000,0xfdb7,
0xf34d,0xda28,0x0000,0x0000,0xf34e,0x0000,0x0000,0x0000,0x0000,0x0000,0x0000,0x0000,
0x0000,0x0000,0x0000,0x0000,0x0000,0x0000,0x0000,0x0000,0xacd9,0xa4b8,0xad3a,0xc5fb,
0xdefe,0xdedd,0x0000,0x0000,0xe6bc,0xee9b,0xe577,0xebf1,0x0000,0x0000,0x0000,0x0000,
0xfa4a,0x0000,0x0000,0x0000,0x0000,0x0000,0x0000,0x0000,0x0000,0x0000,0x0000,0x0000,
0x0000,0x0000,0x0000,0x0000,0xc5bc,0xad19,0x9477,0x8c36,0x83f6,0x9cd8,0xbdda,0xd67b,
0xe6dc,0xb4d5,0xd537,0x0000,0x0000,0x0000,0x0000,0x0000,0xe9e8,0x0000,0x0000,0x0000,
0x0000,0x0000,0x0000,0x0000,0x0000,0x0000,0x0000,0x0000,0x0000,0x0000,0x0000,0x0000,
0xce3c,0xad19,0xb5b9,0xbdfa,0xbdf9,0xb578,0x9cb6,0xd6bc,0xacd6,0xb4d7,0x0000,0x0000,
0x0000,0x0000,0x0000,0x0000,0x0000,0x0000,0x0000,0x0000,0x0000,0x0000,0x0000,0x0000,
0x0000,0x0000,0x0000,0x0000,0x0000,0x0000,0x0000,0xe71d,0xd69b,0xad37,0xa537,0x6330,
0x39cc,0x5aae,0xdedc,0xd67b,0x7332,0xb4f8,0x0000,0x0000,0x0000,0x0000,0x0000,0x0000,
0x0000,0x0000,0x0000,0x0000,0x0000,0x0000,0x0000,0x0000,0x0000,0x0000,0x0000,0x0000,
0x0000,0x0000,0xe73d,0xb598,0xa517,0x94b5,0x41ec,0x6311,0x5ab0,0xdedc,0xce5b,0x83f3,
0x83f5,0x0000,0x0000,0x0000,0x0000,0x0000,0x0000,0x0000,0x0000,0x0000,0x0000,0x0000,
0x0000,0x0000,0x0000,0x0000,0x0000,0x0000,0x0000,0x0000,0x0000,0xe71d,0xbdd9,0xa537,
0x8c33,0x524e,0x7353,0x7bd5,0x9496,0xc61a,0xce7b,0x5aaf,0x83d5,0x0000,0x0000,0x0000,
0x0000,0x0000,0x0000,0x0000,0x0000,0x0000,0x0000,0x0000,0x0000,0x0000,0x0000,0x0000,
0x0000,0x0000,0x0000,0x0000,0xe73d,0xbdd9,0xad37,0xad57,0x6310,0x7b93,0x83f5,0x7bb5,
0xce3b,0xc61a,0xd69b,0x526e,0x8c15,0x0000,0x0000,0x0000,0x0000,0xfc52,0x0000,0x0000,
0x0000,0x0000,0x0000,0x0000,0x0000,0x0000,0x0000,0x0000,0x0000,0x0000,0x0000,0xdefc,
0xc5fa,0xb598,0xb599,0x0000,0x0000,0x0000,0x9477,0x7394,0xce3b,0xbdfa,0xd69b,0x524e,
0x8415,0xa4f8,0x0000,0x0000,0xed17,0xca4a,0xeacb,0x0000,0x0000,0x0000,0x0000,0x0000,
0x0000,0x0000,0x0000,0x0000,0x0000,0x0000,0xef3e,0xce3a,0xb599,0xad58,0x0000,0x0000,
0x0000,0x0000,0x0000,0x7bd4,0xc61a,0xbdda,0xce3a,0x6310,0x7bb3,0xa4f9,0xd67d,0xef1e,
0xbc96,0x0000,0x0000,0x0000,0x0000,0x0000,0x0000,0x0000,0x0000,0x0000,0x0000,0x0000,
0x0000,0xe71d,0xd67b,0xb5b9,0xad78,0xb599,0x0000,0x0000,0x0000,0x0000,0x0000,0x9cb7,
0xbdfa,0xbdda,0xc61a,0x0000,0x0000,0x9476,0x9476,0xb59a,0xbd79,0x0000,0x0000,0x0000,
0x0000,0x0000,0x0000,0x0000,0x0000,0x0000,0x0000,0x0000,0x0000,0xd69b,0xc61a,0xad78,
0xad58,0x8c34,0x0000,0x0000,0x0000,0x0000,0x0000,0xb599,0xbdd9,0xbdd9,0xc61a,0x0000,
0x0000,0x0000,0xa4f7,0x9476,0xc5fb,0x0000,0x0000,0x0000,0x0000,0x0000,0x0000,0x0000,
0x0000,0x0000,0x0000,0x0000,0xe6fc,0xce7b,0xbdd9,0xad58,0xb579,0x0000,0x0000,0x0000,
0x0000,0x0000,0x0000,0x0000,0xbdb9,0xbdd9,0xc619,0x0000,0x0000,0x0000,0x0000,0xad38,
0x9cd7,0xce3c,0x0000,0x0000,0x0000,0x0000,0x0000,0x0000,0x0000,0x0000,0x0000,0x0000,
0xdefd,0xc61a,0xb579,0xad38,0xad58,0x0000,0x0000,0x0000,0x0000,0x0000,0x0000,0xc61a,
0xc5fa,0xbdd9,0xc61a,0x0000,0x0000,0x0000,0x0000,0x0000,0xad38,0xbdda,0x0000,0x0000,
0x0000,0x0000,0x0000,0x0000,0x0000,0x0000,0x0000,0x0000,0xce5a,0xbdda,0xad39,0xad18,
0xad38,0x9476,0x0000,0x0000,0x0000,0x0000,0x0000,0xce5c,0xbdd9,0xbdfa,0xce3a,0x0000,
0x0000,0x0000,0x0000,0x0000,0x0000,0xad58,0x0000,0x0000,0x0000,0x0000,0x0000,0x0000,
0x0000,0x0000,0x0000,0x0000,0xc63a,0xbdb9,0xad38,0xad38,0xad58,0x8c36,0x0000,0x0000,
0x0000,0x0000,0xb57a,0xd67b,0xbdd9,0xc5fa,0xd69b,0x0000,0x0000,0x0000,0x0000,0x0000,
0x0000,0xb59a,0xce1a,0x0000,0x0000,0x0000,0x0000,0x0000,0x0000,0x0000,0x0000,0x0000,
0xc61a,0xbd99,0xad18,0xacf8,0xc5fa,0x83d4,0xb57a,0x0000,0x0000,0xd67c,0xc5fa,0xbdfa,
0xbdfa,0xc61a,0xdebc,0x0000,0x0000,0x0000,0x0000,0x0000,0x0000,0xbdba,0xc61a,0x0000,
0x0000,0x0000,0x0000,0x0000,0x0000,0x0000,0x0000,0x0000,0xce3b,0xbd99,0xb518,0xb518,
0xb559,0xa4f7,0xa518,0xc5fb,0xc5fb,0xb599,0xce7b,0xbdfa,0xbdf9,0xc61a,0xdebb,0x0000,
0x0000,0x0000,0x0000,0x0000,0x0000,0xc61b,0xce1a,0x0000,0x0000,0x0000,0x0000,0x0000,
0x0000,0x0000,0x0000,0x0000,0xd61a,0xbd99,0xb518,0xb4f8,0xb518,0xbdba,0xce5b,0xbdba,
0xd67c,0xce5b,0xc5fa,0xc5fa,0xbdf9,0xdebc,0x0000,0x0000,0x0000,0x0000,0x0000,0x0000,
0x0000,0xbdba,0x0000,0x0000,0x0000,0x0000,0x0000,0x0000,0x0000,0x0000,0x0000,0x0000,
0x0000,0xc578,0xbd38,0xb4f7,0xb518,0xb538,0xb579,0xbdb9,0xbdd9,0xbdb9,0xbdd9,0xbdfa,
0xce5a,0x0000,0x0000,0x0000,0x0000,0x0000,0x0000,0x0000,0xd69c,0xb578,0x0000,0x0000,
0x0000,0x0000,0x0000,0x0000,0x0000,0x0000,0x0000,0x0000,0x0000,0xd5f9,0xbd17,0xbcf7,
0xbd17,0xb518,0xb538,0xb599,0xb599,0xbdb9,0xbdd9,0xc63a,0xd67b,0x0000,0x0000,0x0000,
0x0000,0x0000,0x0000,0x0000,0xb538,0x0000,0x0000,0x0000,0x0000,0x0000,0x0000,0x0000,
0x0000,0x0000,0x0000,0x0000,0x0000,0x0000,0xddd8,0xc4f6,0xbcf6,0xbd17,0xbd37,0xbd98,
0xbdb9,0xc5f9,0xd67a,0x0000,0x0000,0x0000,0x0000,0xcd99,0xc5fb,0xb59a,0xdefd,0xb538,
0x0000,0x0000,0x0000,0x0000,0x0000,0x0000,0x0000,0x0000,0x0000,0x0000,0x0000,0x0000,
0x0000,0x0000,0x0000,0x0000,0xd576,0xdd97,0xddb8,0xde19,0xd5f8,0x0000,0x0000,0x0000,
0x0000,0x0000,0x0000,0x0000,0xac14,0xa455,0xa496,0x0000,0x0000,0x0000,0x0000,0x0000,
0x0000,0x0000,0x0000,0x0000,0x0000,0x0000,0x0000,0x0000,0x0000,0x0000,0x0000,0x0000,
0x0000,0x0000,0x0000,0x0000,0x0000,0x0000,0x0000,0x0000,0x0000,0x0000,0x0000,0x0000,
0x0000,0x0000,0x0000,0x0000,0x0000,0x0000,0x0000,0x0000,0x0000,0x0000,0x0000,0x0000,
0x0000,0x0000,0x0000,0x0000,0x0000,0x0000,0x0000,0x0000,0x0000,0x0000,0x0000,0x0000,
0x0000,0x0000,0x0000,0x0000,0x0000,0x0000,0x0000,0x0000,0x0000,0x0000,0x0000,0x0000,
0x0000,0x0000,0x0000,0x0000,0x0000,0x0000,0x0000,0x0000,0x0000,0x0000,0x0000,0x0000,
0x0000,0x0000,0x0000,0x0000,0x0000,0x0000,0x0000,0x0000,0x0000,0x0000,0x0000,0x0000,
0x0000,0x0000,0x0000,0x0000,0x0000,0x0000,0x0000,0x0000,0x0000,0x0000,0x0000,0x0000,
0x0000,0x0000,0x0000,0x0000,0x0000,0x0000,0x0000,0x0000,0x0000,0x0000,0x0000,0x0000,
0x0000,0x0000,0x0000,0xd677,0xef3c,0x0000,0x0000,0x0000,0x0000,0x0000,0x0000,0x0000,
0x0000,0x0000,0x0000,0x0000,0x0000,0x0000,0x0000,0x0000,0x0000,0x0000,0x0000,0x0000,
0x0000,0x0000,0x0000,0x0000,0x0000,0xf75c,0x0000,0x0000,0x0000,0x0000,0x0000,0x0000,
0xc5d5,0xd678,0xef5c,0x0000,0x0000,0x0000,0x0000,0x0000,0x0000,0x0000,0x0000,0x0000,
0x0000,0x0000,0x0000,0x0000,0x0000,0x0000,0x0000,0x0000,0x0000,0x0000,0x0000,0xf79d,
0xef3c,0xe71b,0xd678,0xe6d9,0x0000,0x0000,0x0000,0x0000,0x0000,0xce37,0xd678,0xf79d,
0x0000,0x0000,0x0000,0x0000,0x0000,0x0000,0x0000,0x0000,0x0000,0x0000,0x0000,0x0000,
0x0000,0x0000,0x0000,0x0000,0x0000,0x0000,0x0000,0xef3b,0xe71b,0xd679,0xd679,0xc5f5,
0x0000,0x0000,0x0000,0x0000,0x0000,0x0000,0xc5f6,0xe71a,0xf77c,0x0000,0x0000,0x0000,
0x0000,0x0000,0x0000,0x0000,0x0000,0x0000,0x0000,0x0000,0x0000,0x0000,0x0000,0x0000,
0x0000,0x0000,0x0000,0xe6da,0xce79,0xc5f7,0xc5d6,0xbd73,0x0000,0x0000,0x0000,0x0000,
0x0000,0x0000,0xce58,0xce37,0xe71b,0xef5b,0x0000,0x0000,0x0000,0x0000,0x0000,0x0000,
0x0000,0x0000,0x0000,0x0000,0x0000,0x0000,0x0000,0x0000,0x0000,0x0000,0x0000,0xef1a,
0xc5f6,0xb595,0xb554,0xcdf5,0x0000,0x0000,0x0000,0x0000,0x0000,0x0000,0xded9,0xce17,
0xef3b,0xe6d9,0x0000,0x0000,0xffbe,0xe6d9,0xd657,0xdeb9,0xef1b,0x0000,0x0000,0xef3b,
0x0000,0x0000,0x0000,0x0000,0x0000,0x0000,0x0000,0x0000,0xcdf5,0xc593,0xc5b4,0x0000,
0x0000,0x0000,0x0000,0x0000,0x0000,0x0000,0xe6fa,0xce58,0xe71a,0xdefa,0xde98,0xf77d,
0xb531,0x0000,0x0000,0x0000,0xb553,0xdeb9,0xe6fb,0xef3b,0x0000,0x0000,0x0000,0x0000,
0x0000,0x0000,0x0000,0x0000,0x0000,0x0000,0x0000,0x0000,0x0000,0x0000,0x0000,0x0000,
0x0000,0x0000,0xef3b,0xce79,0xef1a,0xdeb9,0xd699,0xce15,0x0000,0x0000,0x0000,0x0000,
0x0000,0xce36,0xce58,0xde98,0x0000,0x0000,0x0000,0x0000,0x0000,0x0000,0x0000,0x0000,
0x0000,0x0000,0x0000,0x0000,0x0000,0x0000,0x0000,0x0000,0x0000,0x0000,0xd699,0xd699,
0xef3a,0xd678,0xdeda,0xc5d4,0x0000,0x0000,0x0000,0x0000,0x0000,0xd657,0xce37,0xcdf5,
0x0000,0x0000,0x0000,0x0000,0x0000,0x0000,0x0000,0x0000,0x0000,0x0000,0x0000,0x0000,
0x0000,0x0000,0x0000,0x0000,0x0000,0xf77c,0xd699,0xdeb9,0xef1a,0xd658,0xd678,0xce16,
0x0000,0x0000,0x0000,0x0000,0x0000,0xe71b,0xc5d4,0x0000,0x0000,0x0000,0x0000,0x0000,
0x0000,0x0000,0x0000,0x0000,0x0000,0x0000,0x0000,0x0000,0xded9,0xde77,0xef5c,0xef3b,
0xef3b,0xdeba,0xd6ba,0xef3b,0xce36,0xc5f6,0xce37,0xde78,0x0000,0x0000,0x0000,0x0000,
0x0000,0xe73b,0xd616,0x0000,0x0000,0x0000,0x0000,0x0000,0x0000,0x0000,0x0000,0x0000,
0x0000,0x0000,0x0000,0x0000,0x0000,0x0000,0xd657,0xd658,0xd69a,0xdeda,0xe71a,0xe6fa,
0xbdb5,0xb532,0xb553,0xbdd5,0xe6d9,0x0000,0x0000,0x0000,0xf79d,0xc5d5,0x0000,0x0000,
0x0000,0x0000,0x0000,0x0000,0x0000,0x0000,0x0000,0x0000,0x0000,0x0000,0x0000,0x0000,
0x0000,0x0000,0xef3b,0xd699,0xdedb,0xe71b,0xf77c,0xb573,0xacf1,0xb574,0xbdb4,0xbdb4,
0xb553,0xd678,0xe71b,0xd699,0xc593,0x0000,0x0000,0x0000,0x0000,0x0000,0x0000,0x0000,
0x0000,0x0000,0x0000,0xf77d,0xe6fb,0xdeb9,0xe6fb,0xef3b,0xf75c,0xe71a,0xe6fa,0xe71b,
0xef5c,0xef1b,0xc5d4,0xb553,0xc5b5,0xe6b8,0x0000,0x0000,0x0000,0xc5b4,0xbd73,0xc5d4,
0x0000,0x0000,0xf79d,0xef3b,0xe71b,0xef1a,0x0000,0x0000,0x0000,0x0000,0xce16,0xc5b4,
0x0000,0xcdf5,0xc5d5,0xc5d5,0xbdb4,0xd657,0xe6fa,0xe6d9,0xd678,0xce57,0xb552,0xc5f6,
0xef1a,0x0000,0x0000,0x0000,0x0000,0x0000,0x0000,0x0000,0x0000,0x0000,0xe6fa,0xdefb,
0xd699,0xd678,0xe6b8,0x0000,0x0000,0xce15,0x0000,0x0000,0x0000,0x0000,0x0000,0x0000,
0xd657,0xbdb5,0xbd95,0xce38,0xce37,0xc616,0xbd94,0xd658,0x0000,0x0000,0x0000,0x0000,
0x0000,0x0000,0x0000,0x0000,0x0000,0x0000,0xd699,0xce38,0xc5d6,0xbdd6,0xde57,0x0000,
0x0000,0x0000,0x0000,0x0000,0x0000,0x0000,0x0000,0x0000,0x0000,0x0000,0xce16,0xce17,
0xce58,0xbd94,0xc617,0xef3b,0x0000,0x0000,0x0000,0x0000,0x0000,0x0000,0x0000,0x0000,
0x0000,0x0000,0xde77,0xb594,0xad33,0xb553,0x0000,0x0000,0x0000,0x0000,0x0000,0x0000,
0x0000,0x0000,0x0000,0x0000,0x0000,0x0000,0xe6d9,0xce37,0xd678,0xbd94,0xce58,0xe6fa,
0x0000,0x0000,0x0000,0x0000,0x0000,0x0000,0x0000,0x0000,0x0000,0x0000,0xc5d5,0xb532,
0xc593,0x0000,0x0000,0x0000,0x0000,0x0000,0x0000,0x0000,0x0000,0x0000,0x0000,0x0000,
0x0000,0x0000,0x0000,0xe6da,0xd6b9,0xbdb4,0xd678,0xe6f9,0x0000,0x0000,0x0000,0x0000,
0x0000,0x0000,0x0000,0x0000,0x0000,0xf77d,0xbd94,0x0000,0x0000,0x0000,0x0000,0x0000,
0x0000,0x0000,0x0000,0x0000,0x0000,0x0000,0x0000,0x0000,0x0000,0x0000,0x0000,0xe6d9,
0xd678,0xc5d5,0xd678,0xeefa,0x0000,0x0000,0x0000,0x0000,0xff9d,0xe73c,0xe71b,0xe71b,
0xdeda,0xce37,0xce16,0x0000,0x0000,0x0000,0x0000,0x0000,0x0000,0x0000,0x0000,0x0000,
0x0000,0x0000,0x0000,0x0000,0x0000,0x0000,0x0000,0xe71b,0xd658,0xce16,0xce58,0xe6fa,
0x0000,0x0000,0x0000,0xf79c,0xef5c,0xc5f6,0xbd73,0xbd73,0xbd74,0xd699,0xd677,0x0000,
0x0000,0x0000,0x0000,0x0000,0x0000,0x0000,0x0000,0x0000,0x0000,0x0000,0x0000,0x0000,
0x0000,0x0000,0x0000,0xde99,0xbdb4,0xd678,0xce37,0xe71a,0x0000,0x0000,0xf77c,0xe71b,
0xbd94,0xbd73,0x0000,0x0000,0x0000,0xc5b4,0xce57,0x0000,0x0000,0x0000,0x0000,0x0000,
0x0000,0x0000,0x0000,0x0000,0x0000,0xffbd,0xe6fa,0xded9,0xef1a,0xdeb9,0xef5c,0xbd73,
0x0000,0xd678,0xc5f6,0xe6fa,0x0000,0x0000,0xef1b,0xd678,0xc5b4,0x0000,0x0000,0x0000,
0x0000,0x0000,0xd657,0xe6b9,0x0000,0x0000,0x0000,0x0000,0x0000,0x0000,0x0000,0x0000,
0xffde,0xf79d,0xe73c,0xdeda,0xd678,0xce37,0xb553,0x0000,0x0000,0xd677,0xce78,0xd657,
0xe71a,0x0000,0xe6f9,0xc5f6,0x0000,0x0000,0x0000,0x0000,0x0000,0x0000,0x0000,0xd657,
0x0000,0x0000,0x0000,0x0000,0x0000,0x0000,0x0000,0x0000,0xef1a,0xe6fb,0xce79,0xce58,
0xce58,0xce16,0x0000,0x0000,0x0000,0x0000,0xd677,0xce37,0xde99,0x0000,0xde98,0xce37,
0x0000,0x0000,0x0000,0x0000,0x0000,0x0000,0x0000,0xd637,0x0000,0x0000,0x0000,0x0000,
0x0000,0x0000,0x0000,0x0000,0xe6da,0xd699,0xc617,0xc5f6,0xbdb5,0xbdb4,0x0000,0x0000,
0x0000,0x0000,0x0000,0xd657,0xce37,0xe6fa,0x0000,0xce37,0x0000,0x0000,0x0000,0x0000,
0x0000,0x0000,0xf77c,0xcdf5,0x0000,0x0000,0x0000,0x0000,0x0000,0x0000,0x0000,0x0000,
0xe6d9,0xce37,0xbdd6,0xb594,0xb574,0xc5b4,0x0000,0x0000,0x0000,0x0000,0x0000,0x0000,
0xd657,0xd678,0xdeda,0xc5b4,0xde98,0x0000,0x0000,0x0000,0x0000,0x0000,0xe6fa,0x0000,
0x0000,0x0000,0x0000,0x0000,0x0000,0x0000,0x0000,0x0000,0xdeb8,0xcdf5,0xb573,0xb533,
0xb532,0xce16,0x0000,0x0000,0x0000,0x0000,0x0000,0x0000,0x0000,0xce16,0xce17,0xdeb9,
0xd698,0xdeb9,0x0000,0x0000,0xf77c,0xef1a,0x0000,0x0000,0x0000,0x0000,0x0000,0x0000,
0x0000,0x0000,0x0000,0x0000,0x0000,0x0000,0xcdf5,0xcdd5,0x0000,0x0000,0x0000,0x0000,
0x0000,0x0000,0x0000,0x0000,0x0000,0x0000,0x0000,0xc5b4,0xbdb4,0xce16,0xce37,0xc5d5,
0xbd73,0x0000,0x0000,0x0000,0x0000,0x0000,0x0000,0x0000,0x0000,0x0000,0x0000,0x0000,
0x0000,0x0000,0x0000,0x0000,0x0000,0x0000,0x0000,0x0000,0x0000,0x0000,0x0000,0x0000,
0x0000,0x0000,0x0000,0x0000,0x0000,0x0000,0x0000,0x0000,0x0000,0x0000,0x0000,0x0000,
0x0000,0x0000,0x0000,0x0000,0x0000,0x0000,0x0000,0x0000,0x0000,0x0000,0x0000,0x0000,
0x0000,0x0000,0x0000,0x0000,0x0000,0x0000,0x0000,0x0000,0x0000,0x0000,0x0000,0x0000,
0x0000,0x0000,0x0000,0x0000,0x0000,0x0000,0x0000,0x0000,0x0000,0x0000,0x0000,0x0000,
0x0000,0x0000,0x0000,0x0000,0x0000,0x0000,0x0000,0x0000,0x0000,0x0000,0x0000,0x0000,
0x0000,0x0000,0x0000,0x0000,0x0000,0x0000,0x0000,0x0000,0x0000,0x0000,0x0000,0x0000,
0x0000,0x0000,0x0000,0x0000,0x0000,0x0000,0x0000,0x0000,0x0000,0x0000,0x0000,0x0000,
0x0000,0x0000,0x0000,0x0000,0x0000,0x0000,0x0000,0x0000,0x0000,0x0000,0x0000,0x0000,
0x0000,0x0000,0x0000,0x0000,0x0000,0xf2ca,0x0000,0x0000,0x0000,0x0000,0x0000,0x0000,
0x0000,0x0000,0x0000,0x0000,0x0000,0x0000,0x0000,0x0000,0x0000,0x0000,0x0000,0x0000,
0x0000,0x0000,0x0000,0x0000,0x0000,0x0000,0x0000,0x0000,0x0000,0x0000,0x0000,0x0000,
0x0000,0xeaaa,0xfc30,0xfcd2,0xfd34,0xfc91,0x0000,0x0000,0x0000,0x0000,0x0000,0x0000,
0x0000,0x0000,0x0000,0x0000,0x0000,0x0000,0x0000,0x0000,0x0000,0x0000,0x0000,0x0000,
0x0000,0x0000,0x0000,0x0000,0x0000,0xf2cb,0x0000,0xf514,0xfd13,0xfc30,0xe30b,0xda08,
0xd9c7,0xc9a6,0xc165,0xf28a,0x0000,0x0000,0x0000,0x0000,0x0000,0x0000,0x0000,0x0000,
0x0000,0x0000,0x0000,0x0000,0x0000,0x0000,0x0000,0x0000,0x0000,0x0000,0x0000,0x0000,
0x0000,0xfa8a,0xfcb2,0xf430,0xc9a6,0xc1c6,0xc1c6,0xc1c6,0xc9e7,0xeb0c,0xe229,0x0000,
0x0000,0x0000,0x0000,0x0000,0x0000,0x0000,0x0000,0x0000,0x0000,0x0000,0x0000,0x0000,
0x0000,0x0000,0x0000,0x0000,0x0000,0x0000,0x0000,0x0000,0x0000,0xfbae,0xf38d,0xb965,
0xd1e7,0x0000,0x0000,0x0000,0x0000,0xe28a,0xfbaf,0x0000,0x0000,0x0000,0x0000,0x0000,
0x0000,0x0000,0x0000,0x0000,0x0000,0x0000,0x0000,0x0000,0x0000,0x0000,0x0000,0x0000,
0x0000,0x0000,0x0000,0x0000,0xfc71,0xf471,0xb985,0x0000,0x0000,0x0000,0x0000,0x0000,
0x0000,0x0000,0xeb0c,0x0000,0x0000,0x0000,0x0000,0x0000,0x0000,0x0000,0x0000,0x0000,
0x0000,0x0000,0xfb4d,0x0000,0x0000,0x0000,0x0000,0x0000,0x0000,0x0000,0x0000,0xfcf3,
0xfc91,0xc9a6,0xd207,0x0000,0x0000,0x0000,0x0000,0x0000,0x0000,0x0000,0xfb8e,0xeb8e,
0x0000,0x0000,0x0000,0x0000,0x0000,0x0000,0x0000,0x0000,0xfc72,0xea49,0xc986,0x0000,
0x0000,0x0000,0x0000,0x0000,0x0000,0x0000,0xe1c6,0xf2eb,0xf3f0,0xc9c6,0x0000,0x0000,
0x0000,0x0000,0x0000,0x0000,0x0000,0x0000,0xfb2d,0xf410,0x0000,0x0000,0x0000,0x0000,
0x0000,0x0000,0x0000,0xfc10,0xea6a,0xc1a6,0x0000,0x0000,0x0000,0x0000,0x0000,0x0000,
0x0000,0x0000,0x0000,0xfb0b,0xe2aa,0xca07,0x0000,0x0000,0x0000,0x0000,0x0000,0x0000,
0xf3ef,0xfc51,0xf30c,0xe28a,0xf34d,0x0000,0x0000,0x0000,0x0000,0x0000,0xfbef,0xe269,
0xda6a,0xd208,0x0000,0x0000,0x0000,0x0000,0x0000,0x0000,0x0000,0x0000,0x0000,0xfbef,
0xd1c6,0xda28,0x0000,0x0000,0x0000,0x0000,0x0000,0x0000,0x0000,0xd145,0xc165,0xc986,
0x0000,0x0000,0x0000,0x0000,0x0000,0xfc51,0xd186,0xd1e7,0xe2eb,0xd2cb,0xfc72,0x0000,
0x0000,0x0000,0x0000,0x0000,0x0000,0x0000,0x0000,0xfc0f,0xd1c7,0xe289,0x0000,0x0000,
0x0000,0x0000,0x0000,0x0000,0x0000,0x0000,0x0000,0x0000,0x0000,0x0000,0x0000,0x0000,
0x0000,0xf228,0x0000,0x0000,0xebcf,0xdbaf,0xdaab,0x0000,0x0000,0x0000,0x0000,0x0000,
0x0000,0x0000,0x0000,0xfc51,0xd1e7,0xda28,0x0000,0xfc71,0xfbef,0xf3cf,0x0000,0x0000,
0x0000,0x0000,0x0000,0x0000,0x0000,0x0000,0x0000,0x0000,0x0000,0x0000,0x0000,0x0000,
0xed14,0xdc72,0xdb8e,0x0000,0x0000,0x0000,0x0000,0x0000,0x0000,0x0000,0x0000,0xfc0f,
0xd1e7,0xda28,0xfbcf,0xc145,0x0000,0x0000,0x0000,0x0000,0x0000,0x0000,0x0000,0x0000,
0x0000,0x0000,0x0000,0x0000,0x0000,0x0000,0x0000,0x0000,0xf5b7,0xe515,0xecb2,0x0000,
0x0000,0xfbae,0x0000,0x0000,0x0000,0x0000,0xfbcf,0xf38e,0xd9e8,0xe2cb,0xc9a6,0x0000,
0x0000,0x0000,0x0000,0x0000,0x0000,0x0000,0x0000,0x0000,0x0000,0x0000,0x0000,0x0000,
0x0000,0x0000,0x0000,0x0000,0x0000,0xedb7,0xecf4,0x0000,0xeaaa,0x0000,0x0000,0x0000,
0x0000,0xf2aa,0xd1c7,0xeaeb,0xe28a,0xda69,0xd228,0x0000,0x0000,0x0000,0x0000,0x0000,
0x0000,0x0000,0x0000,0x0000,0x0000,0x0000,0x0000,0x0000,0x0000,0x0000,0x0000,0x0000,
0x0000,0xf639,0xe535,0xf556,0xd228,0x0000,0x0000,0x0000,0x0000,0x0000,0x0000,0xeaaa,
0xf36d,0xda49,0xe249,0x0000,0x0000,0x0000,0x0000,0x0000,0x0000,0x0000,0x0000,0x0000,
0x0000,0x0000,0x0000,0x0000,0x0000,0x0000,0x0000,0x0000,0x0000,0xedf7,0xedd8,0xe535,
0xdbaf,0x0000,0x0000,0x0000,0x0000,0x0000,0x0000,0x0000,0xf30c,0xda49,0xf289,0x0000,
0x0000,0x0000,0x0000,0x0000,0x0000,0x0000,0x0000,0x0000,0x0000,0x0000,0x0000,0x0000,
0x0000,0x0000,0x0000,0x0000,0x0000,0x0000,0xf5d7,0xe597,0xe514,0x0000,0x0000,0x0000,
0x0000,0x0000,0x0000,0x0000,0xf2eb,0xf32c,0xe26a,0xf2aa,0xfb0c,0x0000,0x0000,0x0000,
0x0000,0x0000,0x0000,0x0000,0x0000,0x0000,0x0000,0x0000,0x0000,0x0000,0x0000,0x0000,
0x0000,0x0000,0x0000,0xe535,0xe5b7,0xf596,0x0000,0x0000,0x0000,0x0000,0x0000,0x0000,
0x0000,0xf2aa,0xe2ab,0xea8a,0xeaeb,0x0000,0x0000,0x0000,0x0000,0x0000,0x0000,0x0000,
0x0000,0x0000,0x0000,0x0000,0x0000,0x0000,0x0000,0x0000,0x0000,0xfdb6,0xfdb7,0xed55,
0xdcb3,0xee59,0xe5b7,0xfe7a,0xf69a,0xfedb,0xf69a,0xf659,0xfdb7,0xf492,0xe28a,0xeaeb,
0xeaaa,0xf28a,0x0000,0x0000,0x0000,0x0000,0x0000,0x0000,0x0000,0x0000,0x0000,0x0000,
0x0000,0x0000,0x0000,0x0000,0xfdd6,0xfd13,0xda8a,0xcaab,0xd36e,0xcbcf,0xd492,0xe5f8,
0xee59,0xee59,0xf659,0xf639,0xf5f8,0xf555,0xf4d4,0xebaf,0xeb4d,0xeb0c,0xfb8e,0xfbce,
0xfbae,0x0000,0x0000,0x0000,0x0000,0x0000,0x0000,0x0000,0x0000,0x0000,0x0000,0x0000,
0xfc92,0xd1a6,0xc186,0x0000,0x0000,0xe2eb,0xd34d,0xd3f0,0xcbf0,0xd431,0xdc72,0xcc51,
0xd4b3,0xdcf4,0xed76,0xecf4,0xe410,0xeb4d,0xeb0c,0xda28,0xda28,0xf2aa,0xf3ae,0x0000,
0x0000,0x0000,0x0000,0x0000,0x0000,0x0000,0x0000,0x0000,0xfb0c,0xc165,0x0000,0x0000,
0x0000,0xfc0f,0xd1e8,0xd207,0x0000,0x0000,0x0000,0xed15,0xd492,0xd492,0xd4b3,0xd4d3,
0xe555,0xec52,0xe36e,0xd228,0xb944,0xc186,0xea28,0x0000,0x0000,0x0000,0x0000,0x0000,
0x0000,0x0000,0x0000,0x0000,0xf269,0xc986,0x0000,0x0000,0x0000,0xd9e7,0x0000,0x0000,
0x0000,0x0000,0xf4d3,0xcaaa,0x0000,0x0000,0x0000,0xdd14,0xe555,0xe535,0xe472,0xeb2d,
0x0000,0x0000,0xda48,0xea8a,0x0000,0x0000,0x0000,0x0000,0x0000,0x0000,0x0000,0x0000,
0xf26a,0xd1e7,0x0000,0x0000,0x0000,0x0000,0x0000,0x0000,0x0000,0x0000,0xfaec,0x0000,
0x0000,0x0000,0x0000,0x0000,0x0000,0xedd7,0xe576,0xec93,0x0000,0x0000,0x0000,0xea69,
0x0000,0x0000,0x0000,0x0000,0x0000,0x0000,0x0000,0x0000,0x0000,0xe207,0x0000,0x0000,
0x0000,0x0000,0x0000,0x0000,0x0000,0x0000,0xea8a,0x0000,0x0000,0x0000,0x0000,0x0000,
0x0000,0x0000,0xedd8,0xdd15,0x0000,0x0000,0x0000,0x0000,0x0000,0x0000,0x0000,0x0000,
0x0000,0x0000,0x0000,0x0000,0x0000,0x0000,0x0000,0x0000,0x0000,0x0000,0x0000,0x0000,
0x0000,0x0000,0x0000,0x0000,0x0000,0x0000,0x0000,0x0000,0x0000,0x0000,0x0000,0xdd56,
0xdd35,0x0000,0x0000,0x0000,0x0000,0x0000,0x0000,0x0000,0x0000,0x0000,0x0000,0x0000,
0x0000,0x0000,0x0000,0x0000,0x0000,0x0000,0x0000,0x0000,0x0000,0x0000,0x0000,0x0000,
0x0000,0x0000,0x0000,0x0000,0x0000,0x0000,0x0000,0xdd76,0x0000,0x0000,0x0000,0x0000,
0x0000,0x0000,0x0000,0x0000,0x0000,0x0000,0x0000,0x0000,0x0000,0x0000,0x0000,0x0000,
0x0000,0x0000,0x0000,0x0000,0x0000,0x0000,0x0000,0x0000,0x0000,0x0000,0x0000,0x0000,
0x0000,0x0000,0x0000,0xccb3,0x0000,0x0000,0x0000,0x0000,0x0000,0x0000,0x0000,0x0000,
0x0000,0x0000,0x0000,0x0000,0x0000,0x0000,0x0000,0x0000,0x0000,0x0000,0x0000,0x0000,
0x0000,0x0000,0x0000,0x0000,0x0000,0x0000,0x0000,0x0000,0x0000,0x0000,0x0000,0x0000,
0x0000,0x0000,0x0000,0x0000,0x0000,0x0000,0x0000,0x0000,0x0000,0x0000,0x0000,0x0000,
0x0000,0x0000,0x0000,0x0000,0x0000,0x0000,0x0000,0x0000,0x0000,0x0000,0x0000,0x0000,
0x0000,0x0000,0x0000,0x0000,0x0000,0x0000,0x0000,0x0000,0x0000,0x0000,0x0000,0x0000,
0x0000,0x0000,0x0000,0x0000,0x0000,0x0000,0x0000,0x0000,0x0000,0x0000,0x0000,0x0000,
0x0000,0x0000,0x0000,0x0000,0x0000,0x0000,0x0000,0x0000,0x0000,0x0000,0x0000,0x0000,
0x0000,0x0000,0x0000,0x0000,0x0000,0xff74,0xff51,0xff92,0xef35,0x0000,0x0000,0x0000,
0x0000,0x0000,0x0000,0x0000,0x0000,0xf794,0xff71,0xe68c,0xeead,0xf752,0x0000,0x0000,
0x0000,0x0000,0x0000,0x0000,0x0000,0x0000,0x0000,0x0000,0x0000,0x0000,0x0000,0x0000,
0xff92,0xeecd,0xd654,0x8434,0x73f3,0x9d19,0x0000,0x0000,0x0000,0x0000,0x0000,0x0000,
0xff72,0xeeac,0xc565,0xcd65,0x0000,0xcd86,0xe66b,0xf753,0x0000,0x0000,0x0000,0x0000,
0x0000,0x0000,0x0000,0x0000,0x0000,0x0000,0x0000,0xf755,0xe68c,0xe6ce,0x0000,0x0000,
0x0000,0x7c16,0xb5db,0x0000,0x0000,0x0000,0x0000,0x0000,0xff6f,0xd5e8,0xcd85,0x0000,
0x0000,0x0000,0x0000,0xe669,0x0000,0x0000,0x0000,0x0000,0x0000,0x0000,0x0000,0x0000,
0x0000,0x0000,0x0000,0xde98,0xd630,0xded4,0x0000,0x0000,0xb5ba,0xa57a,0x9d39,0x0000,
0x0000,0x0000,0x0000,0x0000,0xf6ec,0xd609,0xd5c7,0x0000,0x0000,0x0000,0x0000,0x0000,
0xeeef,0x0000,0x0000,0x0000,0x0000,0x0000,0x0000,0x0000,0x0000,0x0000,0x0000,0xbdfb,
0xc5d2,0xd6b5,0x0000,0x0000,0x8cb8,0x7c36,0x0000,0x0000,0x0000,0x0000,0x0000,0x0000,
0xe68c,0xde2a,0xe66a,0x0000,0x0000,0x0000,0x0000,0x0000,0xde4a,0x0000,0x0000,0x0000,
0x0000,0x0000,0x0000,0x0000,0x0000,0x0000,0x0000,0xadbb,0xa534,0xc615,0x0000,0x0000,
0x0000,0x0000,0x0000,0x0000,0x0000,0x0000,0x0000,0x0000,0x0000,0xe66a,0xe6ad,0xf70e,
0x0000,0x0000,0x0000,0x0000,0x0000,0xeeee,0x0000,0x0000,0x0000,0x0000,0x0000,0x0000,
0x0000,0x0000,0x0000,0xb5db,0x94d7,0xbdd4,0xeecf,0x0000,0x0000,0x0000,0x0000,0x0000,
0x0000,0x0000,0x0000,0x0000,0x0000,0x0000,0xd60a,0xde29,0xe68d,0xf751,0xf731,0x0000,
0x0000,0xeeed,0x0000,0x0000,0x0000,0x0000,0x0000,0x0000,0x0000,0x0000,0x0000,0x0000,
0x94d8,0xb554,0xde92,0x0000,0x0000,0x0000,0x0000,0x0000,0x0000,0x0000,0x0000,0x0000,
0x0000,0x0000,0x0000,0x0000,0x0000,0xcda9,0xcda7,0xeeef,0xeead,0xe6ad,0x0000,0x0000,
0x0000,0x0000,0x0000,0x0000,0x0000,0x0000,0x0000,0x0000,0xa57a,0x9cf6,0xd656,0xe6ae,
0x0000,0x0000,0x0000,0x0000,0x0000,0x0000,0x0000,0x0000,0x0000,0x0000,0xc67d,0xc65d,
0xadba,0x8c96,0x7bf3,0xbd6b,0xe6ae,0xe6ae,0xeece,0x0000,0x0000,0x0000,0x0000,0x0000,
0x0000,0x0000,0x0000,0x0000,0xb5fc,0x94d8,0xc638,0xeecd,0x0000,0x0000,0x0000,0x0000,
0x0000,0x0000,0x0000,0x0000,0xdf3f,0xce9d,0xb5dc,0xa55a,0x94b8,0x8cb8,0x94b7,0x5af0,
0xde2b,0xe6ad,0xe6ae,0x0000,0x0000,0x0000,0x0000,0x0000,0x0000,0x0000,0x0000,0x0000,
0x0000,0x9d39,0xce58,0xeecc,0x0000,0x0000,0x0000,0x0000,0x0000,0x0000,0x0000,0xdf1f,
0xb5fc,0x8477,0x7c15,0x73d3,0x73b3,0x73b2,0x6b92,0x6b70,0xbd6d,0xe68d,0xeecd,0xbe3d,
0x0000,0x0000,0x0000,0x0000,0x0000,0x0000,0x0000,0x0000,0xce7d,0xa55a,0xdeb3,0xe6ac,
0x0000,0x0000,0x0000,0x0000,0x0000,0x0000,0xdeff,0xa59b,0x8456,0x8435,0x8c76,0x0000,
0x0000,0x0000,0x0000,0x7c12,0xad0f,0xde8d,0xeecd,0x7c15,0xbdfc,0x0000,0x0000,0x0000,
0x0000,0x0000,0x0000,0x0000,0xc67e,0xbe3d,0xeecd,0xe68c,0x0000,0x0000,0x0000,0x0000,
0x0000,0xdefe,0xaddc,0x7c36,0x8c76,0x0000,0x0000,0x0000,0x0000,0x0000,0x0000,0x0000,
0xeece,0xe68d,0xde6c,0x946e,0x94b6,0xb5db,0xcebe,0x0000,0x0000,0x0000,0x0000,0xce9d,
0xbe3c,0xce55,0xe6ad,0xde6c,0x0000,0x0000,0x0000,0x0000,0x0000,0xcebf,0x8c98,0x8c76,
0x0000,0x0000,0x0000,0x0000,0x0000,0x0000,0x0000,0xf732,0xf732,0xe68c,0xd5e8,0xf70f,
0x5ace,0x73d3,0xad9a,0xc65d,0xd6df,0xd6ff,0xc67e,0xd6be,0xad78,0xeeee,0xd609,0x0000,
0x0000,0x0000,0x0000,0x0000,0x0000,0xa57b,0x8c97,0x0000,0x0000,0x0000,0x0000,0x0000,
0xff73,0xff73,0xef10,0xe6ad,0xe68c,0xe6ad,0xff72,0xe6ad,0xb509,0x7b8c,0x8435,0x7c35,
0x8c97,0xa539,0x94d8,0xa4cf,0xeece,0xd60a,0xde4b,0x0000,0x0000,0x0000,0x0000,0x0000,
0x0000,0x9519,0x8c97,0x0000,0x0000,0x0000,0x0000,0xffb2,0xf711,0xcda7,0xcda8,0xd5ea,
0x840d,0x9c6a,0xd5e9,0xde6a,0xf731,0xbd4b,0xb4a5,0xacc7,0xacc8,0xbd6a,0xde6c,0xde4c,
0xcda7,0xde29,0x0000,0x0000,0x0000,0x0000,0x0000,0x0000,0xc65c,0x94d9,0x0000,0x0000,
0x0000,0x0000,0xf752,0xeef0,0xd5e9,0x0000,0x0000,0x0000,0x6351,0x6350,0x5ace,0x0000,
0xde4a,0xff6f,0x0000,0xc526,0xcd87,0xcd87,0xcda7,0xcda8,0x0000,0x0000,0x0000,0x0000,
0x0000,0x0000,0x0000,0x0000,0x0000,0x9cf9,0x0000,0x0000,0x0000,0x0000,0xf711,0xd5e9,
0x0000,0x0000,0x0000,0x9d18,0x7bf4,0x8436,0x8434,0x0000,0x0000,0xde2a,0xf72f,0x0000,
0x0000,0x0000,0x0000,0x0000,0x0000,0x0000,0x0000,0x0000,0x0000,0x0000,0x0000,0x0000,
0x0000,0x9d19,0x0000,0x0000,0x0000,0xf751,0xe68d,0xde2b,0x0000,0x0000,0x0000,0x94d8,
0x8cb7,0x8c97,0x9cf6,0x0000,0x0000,0x0000,0xde6c,0xef0f,0x0000,0x0000,0x0000,0x0000,
0x0000,0x0000,0x0000,0xf752,0xffb4,0xf730,0x0000,0x0000,0x0000,0xa53a,0xa57a,0x0000,
0x0000,0xef10,0xde2b,0x0000,0x0000,0x0000,0xa55a,0x8cb8,0x94d9,0x8c97,0x0000,0x0000,
0x0000,0x0000,0xde2a,0xeece,0x0000,0x0000,0x0000,0x0000,0x0000,0x0000,0xf752,0xeef0,
0xde6b,0xe6ad,0xef0e,0x0000,0x0000,0x0000,0xa55a,0x0000,0x0000,0xf710,0xeeac,0x0000,
0x0000,0xad7a,0x9d19,0xa53a,0x8457,0xa559,0x0000,0x0000,0x0000,0x0000,0x0000,0xde6c,
0xeeee,0x0000,0x0000,0x0000,0x0000,0x0000,0xf70e,0xcda5,0xc565,0xd5e8,0xeeac,0x0000,
0x0000,0x0000,0x9cf8,0xa53a,0xad9b,0xeeef,0xe68c,0x94b7,0x94d8,0xa55a,0xa55a,0x7c15,
0x9d18,0x0000,0x0000,0x0000,0x0000,0x0000,0x0000,0xde6b,0xe6ad,0x0000,0x0000,0x0000,
0x0000,0x0000,0xd5e8,0x0000,0x0000,0xcde8,0xde6b,0x0000,0x0000,0x0000,0x0000,0x94f7,
0x8436,0xe6cf,0xeead,0x73d4,0x8c77,0x7c15,0x8cb8,0x0000,0x0000,0x0000,0x0000,0x0000,
0x0000,0x0000,0x0000,0x0000,0xde6c,0xeeef,0x0000,0x0000,0x0000,0x0000,0x0000,0x0000,
0x0000,0xde4a,0xe68d,0x0000,0x0000,0x0000,0x0000,0x0000,0x0000,0xe6d0,0xe68d,0x8c72,
0x0000,0x0000,0x0000,0x0000,0x0000,0x0000,0x0000,0x0000,0x0000,0x0000,0x0000,0x0000,
0xeecc,0xe6ce,0x0000,0x0000,0x0000,0x0000,0x0000,0x0000,0x0000,0xe6ab,0xe6ad,0x0000,
0x0000,0x0000,0x0000,0x0000,0x0000,0x0000,0xde4c,0xe6ae,0x0000,0x0000,0x0000,0x0000,
0x0000,0x0000,0x0000,0x0000,0x0000,0x0000,0x0000,0x0000,0xeecd,0xde4b,0xf72f,0x0000,
0x0000,0x0000,0x0000,0x0000,0x0000,0xf730,0xde6c,0x0000,0x0000,0x0000,0x0000,0x0000,
0x0000,0x0000,0xe66c,0xe68d,0x0000,0x0000,0x0000,0x0000,0x0000,0x0000,0x0000,0x0000,
0x0000,0x0000,0x0000,0x0000,0x0000,0xe68b,0xe68d,0xf70f,0x0000,0x0000,0x0000,0x0000,
0x0000,0xef12,0x0000,0x0000,0x0000,0x0000,0x0000,0x0000,0x0000,0x0000,0x0000,0xde2a,
0xe6ad,0x0000,0x0000,0x0000,0x0000,0x0000,0x0000,0x0000,0x0000,0x0000,0x0000,0x0000,
0x0000,0x0000,0xd609,0xe68d,0xff70,0x0000,0x0000,0x0000,0xff94,0xde4a,0x0000,0x0000,
0x0000,0x0000,0x0000,0x0000,0x0000,0x0000,0x0000,0x0000,0xde0a,0xe66b,0xeef0,0xf731,
0xeef1,0x0000,0x0000,0x0000,0x0000,0x0000,0x0000,0x0000,0x0000,0x0000,0x0000,0xe649,
0xde2b,0xeeef,0xff71,0xef10,0xe66a,0x0000,0x0000,0x0000,0x0000,0x0000,0x0000,0x0000,
0x0000,0x0000,0x0000,0x0000,0x0000,0x0000,0x0000,0x0000,0x0000,0x0000,0x0000,0x0000,
0x0000,0x0000,0x0000,0x0000,0x0000,0x0000,0x0000,0x0000,0x0000,0xd5c8,0xd5c8,0x0000,
0x0000,0x0000,0x0000,0x0000,0x0000,0x0000,0x0000,0x0000,0x0000,0x0000,0x0000,0x0000,
0x0000,0x0000,0x0000,0x0000,0x0000,0x0000,0x0000,0x0000,0x0000,0x0000,0x0000,0x0000,
0x0000,0x0000,0x0000,0x0000,0x0000,0x0000,0x0000,0x0000,0x0000,0x0000,0x0000,0x0000,
0x0000,0x0000,0x0000,0x0000,0x0000,0x0000,0x0000,0x0000,0x0000,0x0000,0x0000,0x0000,
0x0000,0x0000,0x0000,0x0000,0x0000,0x0000,0x0000,0x0000,0x0000,0x0000,0x0000,0x0000,
0x0000,0x0000,0x0000,0x0000,0x0000,0x0000,0x0000,0x0000,0x0000,0x0000,0x0000,0x0000,
0x0000,0x0000,0x0000,0x0000,0x0000,0x0000,0x0000,0x0000,0x0000,0x0000,0x0000,0xdefd,
0xce5b,0x0000,0x0000,0x0000,0x0000,0x0000,0x0000,0x0000,0x0000,0x0000,0x0000,0x0000,
0x0000,0x0000,0x0000,0x0000,0x0000,0x0000,0x0000,0x0000,0x0000,0x0000,0x0000,0x0000,
0x0000,0x0000,0x0000,0x0000,0x0000,0x0000,0xdebc,0xf79e,0xd69c,0xce5b,0x0000,0x0000,
0x0000,0x0000,0x0000,0x0000,0x0000,0x0000,0x0000,0x0000,0x0000,0x0000,0x0000,0x0000,
0x0000,0x0000,0x0000,0x0000,0x0000,0x0000,0x0000,0x0000,0x0000,0x0000,0x0000,0x0000,
0x0000,0xdedc,0xe73d,0xce5b,0xc61a,0xdebc,0xce7b,0x0000,0x0000,0x0000,0x0000,0x0000,
0x0000,0x0000,0x0000,0x0000,0x0000,0x0000,0x0000,0x0000,0x0000,0x0000,0x0000,0x0000,
0x0000,0x0000,0x0000,0x0000,0x0000,0x0000,0x0000,0x0000,0xd69c,0x9cf6,0x9495,0xad78,
0xa517,0x8c33,0xa537,0x0000,0x0000,0x0000,0x0000,0x0000,0x0000,0x0000,0x0000,0x0000,
0x0000,0x0000,0x0000,0x0000,0x0000,0x0000,0x0000,0xe73e,0xc63a,0xd69b,0xd67b,0xce7b,
0x0000,0x0000,0x0000,0x0000,0x0000,0x8c75,0x7bf3,0xa517,0x8c33,0x8c74,0xad57,0x0000,
0x0000,0x0000,0x0000,0x0000,0xd69c,0xdedd,0xd67b,0xc61a,0xd6bc,0x0000,0x0000,0x0000,
0x0000,0x0000,0xce5b,0x83d2,0x0000,0xb5b8,0xa516,0xdedc,0xb5b9,0xd6bc,0x0000,0x0000,
0x0000,0x0000,0xad98,0xad58,0x9494,0x0000,0x0000,0x0000,0x0000,0x0000,0xdedc,0xc61a,
0xd6bc,0x9cd5,0x0000,0x0000,0x8413,0xce5b,0x0000,0x0000,0x0000,0x0000,0xb578,0x7bd2,
0x0000,0x0000,0xc61a,0x9494,0xdefd,0xbdf9,0xd69c,0x0000,0x0000,0x0000,0x0000,0xb5b9,
0x9cd6,0x0000,0x0000,0x0000,0x0000,0xdefd,0xd69c,0xce5a,0x9494,0x0000,0x0000,0x0000,
0x9474,0xb598,0x0000,0x0000,0x0000,0x0000,0xad37,0x8413,0x0000,0x0000,0x0000,0xb5b8,
0x94b5,0xdefd,0xbdf9,0xd6bc,0x0000,0x0000,0x0000,0xc61a,0x0000,0x0000,0x0000,0x0000,
0xdefd,0xd6bc,0xdedc,0x9495,0xbdd9,0x0000,0x0000,0x9454,0x8c54,0x0000,0x0000,0x0000,
0x0000,0x0000,0x0000,0x0000,0x0000,0x0000,0x0000,0xce3a,0x9cd5,0xb598,0xce5b,0xbdfa,
0x0000,0x0000,0x0000,0xd69c,0x0000,0x0000,0x0000,0xdefd,0xce5b,0xef7e,0x8c34,0xa4f6,
0x0000,0x0000,0x0000,0x0000,0x0000,0x0000,0x0000,0x0000,0x0000,0x0000,0x0000,0x0000,
0x0000,0x0000,0x0000,0x0000,0xa516,0x8c54,0xc65a,0xb578,0xc63a,0x0000,0x0000,0xd6bc,
0x0000,0x0000,0x0000,0xce5b,0xc63a,0xc63a,0x8c54,0xbdb8,0x0000,0x0000,0x0000,0x0000,
0x0000,0x0000,0x0000,0x0000,0x0000,0x0000,0x0000,0x0000,0x0000,0x0000,0x0000,0x0000,
0xad78,0x9494,0xad78,0x9cd6,0xbdd9,0x0000,0x0000,0xdebc,0xb599,0x0000,0x0000,0xbdfa,
0xad58,0xa537,0x9494,0xbdf9,0x0000,0x0000,0x0000,0x0000,0x0000,0x0000,0x0000,0x0000,
0x0000,0x0000,0x0000,0x0000,0x0000,0x0000,0x0000,0xdedc,0xad37,0x94b5,0x94b5,0x9495,
0x0000,0x0000,0x0000,0xdedc,0xb598,0x0000,0x0000,0xbdb8,0x94b5,0xad57,0x8c34,0xb598,
0x0000,0x0000,0x0000,0x0000,0x0000,0x0000,0x0000,0x0000,0x0000,0x0000,0x0000,0x0000,
0x0000,0x0000,0x0000,0xdedc,0xad57,0xa516,0x9495,0x0000,0x0000,0x0000,0xd69c,0xb598,
0xc63b,0x0000,0x0000,0x0000,0xad57,0x8c54,0x9cf6,0xa537,0xd69b,0x0000,0x0000,0x0000,
0x0000,0x0000,0x0000,0x0000,0x0000,0x0000,0x0000,0x0000,0x0000,0x0000,0xe6fd,0xbdd9,
0x9cf6,0xa536,0x0000,0x0000,0x0000,0xd69b,0xce5b,0x9cf5,0xa537,0xce5b,0xc61a,0x0000,
0x0000,0x0000,0xa517,0xad57,0xad57,0x0000,0x0000,0x0000,0x0000,0x0000,0x0000,0x0000,
0x0000,0x0000,0x0000,0x0000,0x0000,0xe6fd,0xbdf9,0xa516,0x0000,0x0000,0x0000,0xce5a,
0xdedd,0xb578,0x9495,0x0000,0x0000,0x8c33,0xce3a,0xce5b,0x0000,0x0000,0x0000,0xbdd9,
0xad78,0xbdb9,0xce7b,0x0000,0x0000,0x0000,0x0000,0x0000,0x0000,0x0000,0x0000,0x0000,
0xef5e,0xa516,0x0000,0x0000,0x0000,0xc63a,0xd67c,0xa516,0x8413,0x8433,0x0000,0x0000,
0x0000,0xad37,0x8c33,0x8c74,0xad57,0xc61a,0x0000,0x0000,0x0000,0xb598,0xad77,0xdebc,
0x0000,0x0000,0x0000,0x0000,0x0000,0x0000,0x0000,0xe71d,0xa516,0x0000,0x0000,0xd69b,
0xdedd,0xb5b8,0xad57,0xbdf9,0xd69c,0xad37,0x0000,0x0000,0x0000,0xc63a,0xd69c,0xd69b,
0xb598,0xad37,0xbdd9,0xd69c,0x0000,0x0000,0x0000,0x9cf6,0xdefd,0x0000,0x0000,0x0000,
0x0000,0x0000,0xe71d,0xa516,0x0000,0x0000,0xef5e,0x94b5,0x9494,0x0000,0x0000,0x0000,
0xa516,0xc619,0xbdb9,0x0000,0x0000,0xe71e,0xa517,0xad37,0x0000,0x0000,0x0000,0x9474,
0xbdd9,0xd67b,0x0000,0x0000,0xad37,0x0000,0x0000,0x0000,0x0000,0x0000,0x9cf6,0x0000,
0x0000,0xef5e,0x8c33,0x0000,0x0000,0x0000,0x0000,0x0000,0x0000,0xbdd9,0xc63a,0x0000,
0x0000,0xad37,0x0000,0x0000,0x0000,0x0000,0x0000,0x0000,0x9495,0xad37,0xd69b,0x0000,
0x0000,0xc63a,0x0000,0x0000,0x0000,0xdefd,0x0000,0x0000,0xe71d,0xa4f6,0x8c54,0x0000,
0x0000,0x0000,0x0000,0x0000,0x0000,0x0000,0xb5b8,0x0000,0xce7b,0x0000,0x0000,0x0000,
0x0000,0x0000,0x0000,0x0000,0x0000,0x9495,0xc5f9,0x0000,0x0000,0xb577,0x0000,0x0000,
0x0000,0xce7b,0x0000,0x0000,0xd6bc,0x8c33,0x0000,0x0000,0x0000,0x0000,0x0000,0x0000,
0x0000,0x0000,0x0000,0xb5b8,0xbdd9,0x0000,0x0000,0x0000,0x0000,0x0000,0x0000,0x0000,
0x0000,0x9cb6,0xa4f6,0xc619,0x0000,0xb5b8,0xd67b,0x0000,0x0000,0xc61a,0x0000,0x0000,
0xb598,0x8c54,0x0000,0x0000,0x0000,0x0000,0x0000,0x0000,0x0000,0x0000,0x0000,0xbdd9,
0xb598,0x0000,0x0000,0x0000,0x0000,0x0000,0x0000,0x0000,0x0000,0xa517,0xa4f6,0xc619,
0x0000,0xbdf9,0xc61a,0x0000,0x0000,0xce3a,0x0000,0x0000,0xad37,0x8413,0x9cb6,0x0000,
0x0000,0x0000,0x0000,0x0000,0x0000,0x0000,0x0000,0xbdd9,0xad57,0x0000,0x0000,0x0000,
0x0000,0x0000,0x0000,0x0000,0x0000,0xad37,0xa4f6,0xad57,0x0000,0xc61a,0xbdd9,0x0000,
0x0000,0xbdd8,0xad78,0x0000,0x94b5,0xc5f9,0xe71d,0xc61a,0x0000,0x0000,0x0000,0x0000,
0x0000,0x0000,0x0000,0xbdf9,0xb578,0x0000,0x0000,0x0000,0x0000,0x0000,0x0000,0x0000,
0xdefd,0xd6bc,0x8c33,0x9cd5,0x0000,0xce7b,0x0000,0x0000,0x0000,0x0000,0xbdd9,0x0000,
0x8c34,0xdefd,0xce5a,0xbdd9,0x0000,0x0000,0x0000,0x0000,0x0000,0x0000,0x0000,0xce3b,
0xa537,0x0000,0x0000,0x0000,0x0000,0x0000,0x0000,0xce3b,0xd6bc,0xce3a,0xb598,0x9474,
0xc61a,0xb598,0x0000,0x0000,0x0000,0x0000,0xbdd9,0xc5fa,0xd69c,0xb5b9,0x9495,0x9cd5,
0x0000,0x0000,0x0000,0x0000,0x0000,0x0000,0xce3b,0xdefd,0xad37,0x0000,0x0000,0x0000,
0x0000,0x0000,0x0000,0xb5b9,0x9cf6,0x9494,0xa517,0xce5b,0xb578,0x0000,0x0000,0x0000,
0x0000,0x0000,0x0000,0x0000,0xa4f5,0x9cd5,0xa4f6,0xb597,0x0000,0x0000,0x0000,0x0000,
0x0000,0xe6fd,0xce5b,0xe73d,0xc63a,0xb598,0x0000,0x0000,0x0000,0x0000,0x0000,0x0000,
0xad37,0x9494,0x94b4,0xad36,0x0000,0x0000,0x0000,0x0000,0x0000,0x0000,0x0000,0x0000,
0x0000,0x0000,0x0000,0x0000,0x0000,0x0000,0x0000,0x0000,0x0000,0xce3b,0xd69b,0xc5fa,
0xb578,0xa537,0x0000,0x0000,0x0000,0x0000,0x0000,0x0000,0x0000,0x0000,0x0000,0x0000,
0x0000,0x0000,0x0000,0x0000,0x0000,0x0000,0x0000,0x0000,0x0000,0x0000,0x0000,0x0000,
0x0000,0x0000,0x0000,0x0000,0x0000,0xce1a,0xa4f6,0x8c74,0x8433,0x9cd5,0x0000,0x0000,
0x0000,0x0000,0x0000,0x0000,0x0000,0x0000,0x0000,0x0000,0x0000,0x0000,0x0000,0x0000,
0x0000,0x0000,0x0000,0x0000,0x0000,0x0000,0x0000,0x0000,0x0000,0x0000,0x0000,0x0000,
0x0000,0x0000,0xb577,0x9474,0x9cb5,0xc5f9,0x0000,0x0000,0x0000,0x0000,0x0000,0x0000,
0x0000,0x0000,0x0000,0x0000,0x0000,0x0000,0x0000,0x0000,0x0000,0x0000,0x0000,0x0000,
0x0000,0x0000,0x0000,0x0000,0x0000,0x0000,0x0000,0x0000,0x0000,0x0000,0x0000,0x0000,
0x0000,0x0000,0x0000,0x0000,0x0000,0x0000,0x0000,0x0000,0x0000,0x0000,0x0000,0x0000,
0x0000,0x0000,0x0000,0x0000,0x2945,0x2966,0x31a7,0x4208,0x39e8,0x39c8,0x39e8,0x4208,
0x4209,0x4208,0x4209,0x39c8,0x3186,0x526b,0x9cb4,0x3187,0x7390,0x10a3,0x39e8,0x4209,
0x4209,0x39e8,0x4229,0x8c53,0x7bf1,0x2125,0x39e8,0x4a6b,0x4209,0x39e8,0x39e8,0x31a7,
0xb5b8,0xb597,0x9cf5,0x632d,0x2946,0x39c8,0x4208,0x39e8,0x4208,0x4209,0x4209,0x39c8,
0x31a7,0x2104,0x7bf1,0xa536,0x0862,0xad56,0x39c8,0x39e8,0x4209,0x4209,0x2125,0x8412,
0xa516,0x2946,0x39c8,0x2966,0x73b0,0x52ac,0x39e8,0x39e8,0x8c53,0xa516,0xc619,0xc61a,
0xd69b,0xad56,0x3187,0x4209,0x4209,0x39e8,0x39e8,0x39c8,0x39e8,0x2125,0x8412,0xad57,
0x2966,0x4a4a,0xad56,0x2986,0x4229,0x4229,0x39c8,0x3187,0x7bd1,0x7bd1,0x4209,0x39e8,
0x7bd1,0xbdd9,0x3187,0x39e8,0x4a6b,0x8412,0x8432,0x9cf6,0xbdf9,0xce5a,0xdefd,0x634e,
0x39c8,0x39e8,0x39e8,0x39e8,0x39c8,0x2145,0x8c74,0xa536,0x2946,0x2125,0x6b50,0xd67b,
0x39c8,0x39e8,0x4209,0x39c8,0x18e4,0x2125,0x2986,0x2125,0xbdd9,0xb598,0x2966,0x39c8,
0x2125,0x7bb1,0x8c53,0x7bb1,0x7bb1,0x7391,0x9cd5,0xce5a,0x9cf4,0x31a7,0x39e8,0x39e8,
0x3187,0x9cb4,0x9cd5,0x8c33,0x2966,0x31a7,0x2104,0x7bf2,0xbdd9,0x9cf5,0x4229,0x3187,
0x2986,0x31a7,0x6b4e,0xd69b,0xbdd9,0x6b4f,0x31c7,0x4209,0x39c8,0x4209,0x9494,0x94b4,
0x4a4a,0x73b0,0xa516,0x7bd1,0xce5a,0x8c72,0x4209,0x39c8,0xa516,0x8c73,0x83f2,0x2105,
0x39e8,0x39e8,0x31a7,0x18c3,0x73b1,0x9494,0xad58,0xb5b8,0xce5a,0xc63a,0xad77,0xbdf9,
0x7370,0x2105,0x4209,0x39e8,0x39e8,0x4209,0x83f1,0x2105,0x2966,0x2966,0x18c3,0x7bb0,
0x7bf2,0xc61a,0x4209,0x39e8,0x18e4,0x18e4,0x2145,0x39e8,0x4208,0x39e9,0x4209,0x31a7,
0x18c3,0x632e,0x7bd1,0x8412,0x9cd5,0x9cf5,0x8c74,0x83f2,0x9cd5,0x2125,0x39e8,0x4229,
0x39e8,0x8432,0x18e4,0x31c8,0x39e8,0x39e8,0x31a7,0x2946,0x528b,0x8412,0xd69b,0x2145,
0x39e8,0x39e8,0x4209,0x39e8,0x3a09,0x4209,0x31a7,0x39e8,0x9493,0x8c53,0x7bf2,0x73b1,
0x73b1,0x7bb1,0x8432,0x9cd5,0xa537,0x2986,0x39e8,0x39e8,0x2946,0xa516,0x31c7,0x3a08,
0x31c7,0x39e8,0x39e8,0x39c8,0x31a7,0x73af,0x9494,0x52ac,0x39e8,0x39e8,0x4209,0x41e9,
0x4209,0x39e8,0xce3a,0xad57,0x8433,0x8c53,0x7bf2,0x8412,0x73b1,0x7390,0x7bf2,0x8c33,
0xb5b8,0x3187,0x39e8,0x4209,0x9cb4,0x8c53,0xc63a,0xad56,0x6b6e,0x39c8,0x4209,0x3a09,
0x39c8,0x2104,0x94b5,0xbdb8,0x31a7,0x39e8,0x3a09,0x4209,0x8411,0xb5b8,0x8412,0x7bd1,
0x3187,0x10a3,0x18c3,0x18c3,0x2966,0x7370,0x7bd2,0x7bd1,0x9cf5,0x8432,0x39e8,0x39e8,
0x9cd5,0x6b6f,0x39c8,0x18e4,0x39c7,0x4209,0x4229,0x4209,0x39e8,0x39c8,0x4229,0xb578,
0x2125,0x39e8,0x39e9,0x738f,0xad57,0x9474,0x2104,0x2966,0x39c8,0x39c8,0x39e8,0x39c8,
0x31a7,0x2966,0x18c3,0x8c73,0x73b1,0xce3a,0x2125,0x31a7,0x2145,0x3187,0x39c8,0x39e8,
0x4209,0x4229,0x4229,0x4209,0x39e8,0x39e8,0x2104,0xa516,0x3187,0x39e8,0x2125,0xb598,
0x8412,0x2104,0x39c8,0x39e8,0x4209,0x41e9,0x39e8,0x39e8,0x39e8,0x39e8,0x31a7,0x2104,
0x8432,0x8c53,0x630d,0x4209,0x39c8,0x3a08,0x39e8,0x6b4e,0x6b6e,0x39e8,0x39e8,0x41e9,
0x4209,0x39e8,0x3187,0x94b5,0x4229,0x39e8,0x8c52,0x8c74,0x2104,0x39e8,0x31a7,0x39c8,
0x4209,0x4209,0x4209,0x4209,0x4229,0x4209,0x39e8,0x39c8,0x18e4,0x8c74,0xb598,0x3187,
0x39e8,0x3a08,0x39e8,0x2966,0x10a3,0x8c54,0xbdd8,0x31a7,0x4229,0x4209,0x39c7,0x7bf1,
0x4209,0x2966,0xa537,0x2946,0x39c8,0x39e8,0x39c7,0x738f,0x9cd4,0x39c8,0x39e8,0x4209,
0x4209,0x4209,0x4209,0x3a09,0x39c8,0x39c8,0xb5b8,0x2966,0x4208,0x4209,0x4209,0x39e8,
0x39c8,0x1904,0x73b1,0xd6bc,0x52ab,0x39e8,0x39c8,0x7bd1,0x31c8,0x2125,0xa516,0x3187,
0x39e8,0x4209,0x39e8,0x31a7,0x2104,0x8413,0xc619,0x2966,0x4209,0x4209,0x4209,0x4209,
0x39e8,0x2946,0xad78,0x2125,0x39e8,0x4208,0x39e8,0x4229,0x3a08,0x31a7,0x4209,0x7bd1,
0xdedc,0x528b,0x39e8,0x8c53,0x2125,0x1904,0x7390,0x39c8,0x39e8,0x4229,0x4209,0x39e8,
0x31a7,0x2104,0x73b1,0xdefd,0x5aec,0x39e9,0x4209,0x4209,0x39e9,0x2946,0x9cf6,0x2946,
0x4209,0x4229,0x4229,0x39c8,0x4209,0x39c8,0x18e4,0x8433,0xad77,0xe71d,0x18e4,0x94b5,
0x2946,0x2946,0x73b1,0x39e8,0x39e8,0x4209,0x4229,0x4209,0x39e8,0x39c8,0x4209,0x6b70,
0xd69b,0x8451,0x39e8,0x4209,0x2946,0xbdd8,0x7390,0x39c8,0x39e8,0x4209,0x528b,0x4a4a,
0x4209,0x3a08,0x3187,0x9494,0x7bd2,0xd6bb,0x9cd4,0x632e,0x39e8,0x39c8,0x6b4e,0x3187,
0x4209,0x4209,0x4229,0x4209,0x4209,0x39e8,0x2104,0x8c33,0x8433,0xce7b,0x8431,0x39c8,
0x422a,0x4a4a,0x2125,0x4209,0x52ab,0x6b6e,0xbdd9,0x2966,0x3a09,0x3a08,0x39c7,0x9494,
0x7bf2,0xd69b,0xc63a,0x18e4,0x39c8,0x39e8,0x2125,0x8c32,0x39c8,0x4209,0x4209,0x4229,
0x4209,0x39e9,0x39a7,0x7bd1,0x7370,0xce3a,0xc63a,0x8411,0x31a8,0x39e8,0x39e9,0x41e9,
0xad57,0x8c53,0x632e,0x39e8,0x4209,0x4209,0x2946,0xa537,0x8c53,0xce5a,0xbdd9,0x31a7,
0x39e8,0x4229,0x39e8,0x2966,0x2946,0x39c8,0x4229,0x4229,0x4209,0x4209,0x39e8,0x5aed,
0x7390,0x8433,0xbdf9,0xbdf9,0xc619,0x39e8,0x31a7,0x3187,0x8412,0x31a7,0x31a7,0x4229,
0x4229,0x4209,0x4209,0x94b5,0x9474,0xbdf9,0xad57,0x4a6b,0x39e9,0x4209,0x4209,0x4209,
0x4229,0x39e8,0x39c8,0x4229,0x4209,0x4209,0x39e8,0x5aed,0x7bd1,0x83f2,0x9cf5,0xbdf9,
0xad77,0xb598,0xce5a,0xbdf9,0x2966,0x39e8,0x4209,0x4209,0x4209,0x2986,0xd69b,0x8c74,
0xa516,0x94b5,0x9cf6,0x52ac,0x39e8,0x39e9,0x4229,0x31a7,0xa535,0xb598,0x5acc,0x39c8,
0x4229,0x3a09,0x4209,0x7bd0,0x7bb1,0x9494,0x8c53,0x8c54,0x9cf6,0xad77,0x94b5,0x8c53,
0x3a08,0x4209,0x4229,0x4209,0x3187,0xd69a,0x94b5,0x94b5,0x8413,0x7bb1,0x9cd5,0x632e,
0x39e8,0x4229,0x3187,0xc63a,0x7bf2,0x18c4,0x4209,0x422a,0x4229,0x4209,0x39c8,0xb598,
0x8c54,0x9495,0x9494,0x632f,0x6b70,0x7bf1,0x4a6b,0x2105,0x4209,0x4229,0x4229,0x39c7,
0xe71c,0x94b5,0x94b5,0x9474,0x6b6f,0x632e,0x8c53,0x9494,0x39e8,0x4209,0x4a6a,0x9cf5,
0x39e9,0x39e8,0x4229,0x4229,0x4229,0x4229,0x31a7,0xa516,0x9cd6,0x8c33,0x6b4f,0x8412,
0x2966,0x2105,0x3187,0x3187,0x4229,0x31a7,0xa514,0xc63a,0x94b5,0xb598,0x7bd1,0x6b4f,
0x39e9,0x6b4f,0x73b1,0xbdd9,0x2966,0x39e8,0x738f,0x9494,0x2946,0x4209,0x4229,0x4229,
0x4229,0x39e8,0xce5a,0x9cd5,0x8c53,0x6b70,0x630d,0x2105,0x31a7,0x39c8,0x39e8,0x39e8,
0xa535,0xce5b,0x9cf5,0xad57,0x9cd5,0x62ee,0x7bd1,0x2105,0x2946,0x18e4,0x8c73,0x9cd5,
0x6b6e,0x4229,0x4a6b,0x94b5,0x4229,0x4229,0x4a4a,0x422a,0x39c8,0xb596,0x94b5,0xa537,
0x7bd1,0x632e,0x3187,0x39e8,0x39c8,0x4209,0x39e8,0x39e8,0xa516,0x9cf5,0x7bf2,0x6b4f,
0x7bd1,0x8433,0x94b5,0x2125,0x39a8,0x31a7,0x18c3,0x9474,0xc63a,0x3187,0x18e4,0x9494,
0xbdd9,0x5aec,0x4a4a,0x6b4e,0xdedc,0x9cf6,0xad78,0x8433,0x9494,0x18e4,0x39e8,0x4209,
0x2946,0x5acc,0x39e8,0x39c8,0x8412,0x94b4,0x8c54,0x7bf2,0x7bd2,0x9494,0xb598,0x2145,
0x39e8,0x39e8,0x31a7,0x18e4,0x9494,0xce5b,0x2946,0x528b,0x7bd1,0xad77,0xad58,0xa517,
0xb598,0x8c54,0x8c53,0x8c33,0x736f,0x39e8,0x4209,0x4209,0x2946,0xad57,0x39c8,0x39e8,
0x10a3,0x10a3,0x10a3,0x4209,0x9cd5,0x8c73,0xa536,0x8431,0x39e8,0x3a08,0x3a08,0x31a7,
0x18e4,0x8c33,0xce5a,0x4209,0x4209,0x7390,0x73b1,0x7390,0x73b0,0x7bd1,0x8433,0x8433,
0x6b4f,0x39e8,0x4209,0x4229,0x4a6a,0xa536,0x3187,0x39c8,0x39c8,0x39e8,0x39c8,0x39c7,
0x2125,0x630d,0x83f2,0xbdf9,0x2966,0x4209,0x4229,0x4209,0x39c7,0x18e4,0x6b6f,0x9cd5,
0xce5a,0x3186,0x4a6b,0x7bb1,0x73b1,0x73b1,0x7390,0x8412,0xa516,0x2987,0x31a7,0x4229,
0xc63a,0x5aed,0x39e8,0x39e8,0x4209,0x4209,0x4209,0x39e8,0x39c8,0x3187,0x630d,0x9cd5,
0x2986,0x4209,0x4209,0x4209,0x4209,0x39c8,0x3187,0x18c3,0x6b4e,0x9cf5,0xd67b,0x9cf4,
0x630c,0x52ab,0x4a4a,0x5acd,0x6b4f,0x8c33,0xce5a,0xad57,0x7bf1,0x2125,0x39c8,0x39c8,
0x4209,0x39e8,0x4209,0x3a08,0x39e8,0x39e8,0x2104,0x9cd5,0x31a8,0x39e8,0x4209,0x4229,
0x39e9,0x4229,0x3a09,0x31c7,0x3186,0x2104,0x39c7,0x5aee,0x7bb1,0x7bd1,0x8c53,0x94b4,
0x8412,0x7390,0x630e,0x4a4a,0x2145,0x39c8,0x4209,0x39c8,0x9595,0x95b6,0x744f,0xb5d4,
0xce98,0xf30d,0xd229,0xa471,0xb679,0xdf5c,0xc697,0x9d52,0x8d75,0xc698,0xecb2,0xf451,
0xd71a,0xd6d9,0xce98,0x838c,0xb987,0xceb8,0xc677,0xb659,0xb69a,0x9dd7,0xae59,0xae79,
0xc6fb,0xd6fa,0xced9,0xc677,0x9e18,0x95b6,0x9511,0xc656,0xce77,0xb0e4,0x7b2a,0x8c4e,
0x842e,0x6c0e,0xae59,0xced9,0x9553,0xbe78,0x8cb0,0xb104,0xe42f,0xded9,0xd6b8,0xa593,
0xb3d0,0xbe77,0xbe77,0xb69a,0x8d55,0x63ad,0x73cc,0x7c0d,0x6bad,0x8d75,0xcefa,0xc697,
0x8d96,0x8555,0xb5f5,0xce77,0xc636,0xa124,0xb5b3,0xbe15,0xbe15,0xa572,0x7c2f,0x9dd7,
0xb679,0xa638,0xb5f5,0x936c,0xc249,0xd6f9,0xd6b8,0xbe36,0x9595,0xb615,0xc6fb,0x74d2,
0x846e,0xad93,0xb5f5,0xbd94,0xacd1,0x73ed,0x9df7,0xce98,0x7cf3,0x95b6,0xbe56,0xceb8,
0xce97,0xad93,0xc656,0xce98,0xce97,0xc677,0xa593,0x7cf3,0xae79,0xb67a,0xbe57,0x9554,
0xa40e,0xd6d8,0xd6d9,0xbe77,0x8534,0xd75d,0x7cf3,0x9511,0xbe36,0xc677,0xce77,0x9248,
0xd166,0x9d32,0x8d96,0xb658,0x5b8c,0x9e18,0xc677,0xced8,0xd6d8,0xceb8,0xd6b8,0xd6b8,
0xe5b5,0xec52,0xbbaf,0xb5f7,0xae59,0xae7a,0xb636,0xae38,0xa593,0xceb8,0xced9,0xbe9a,
0xcf3c,0x7cf3,0x8cf1,0xbe56,0xce97,0xd6d8,0xd6b8,0xeaec,0xa124,0xadd4,0x9df7,0x9594,
0x73ed,0x9df8,0xbe99,0xd6d9,0xd6f9,0xd6f9,0xd6b8,0xe5b5,0xd1c8,0x9965,0x82eb,0x7471,
0x7492,0x9e18,0xb679,0x9dd7,0xbe16,0xceb8,0xced9,0xbedb,0x7d14,0x9575,0xb657,0xceb8,
0xd6d9,0xd6d9,0xc615,0x9a06,0x9d32,0xadb4,0xae7a,0x9d53,0x9d31,0x8513,0xbeba,0xcf1a,
0xd6f9,0xd6d9,0xd6d8,0xd26a,0xb945,0x7bcd,0x9cd0,0x844e,0x742f,0x8555,0xb6ba,0x8d75,
0xc677,0xc677,0xbedb,0x7cf3,0x7471,0x63ad,0x7cb1,0xbeba,0xdf3a,0xd6f9,0xc656,0xad73,
0xc657,0xa5f6,0x8d13,0xdcb2,0xbdf5,0x8c8f,0x7d14,0xb69a,0xd75d,0xd71a,0xd6d9,0xac90,
0xb0a3,0xb593,0xbdf5,0xb5d4,0x9d11,0x7d14,0xa639,0xa617,0xc677,0xbedb,0x7491,0x844e,
0xa552,0xa573,0x9d11,0x73cd,0x9df7,0xd6fa,0xceb8,0xc677,0xbe16,0xae79,0xd639,0xb126,
0xce97,0xb5f4,0x7c4f,0x8d96,0x74d3,0xae58,0xdf7d,0xadb4,0x8cd0,0xbdf5,0xce77,0xce77,
0xb5f5,0x84d2,0x9df8,0x9df8,0xbedb,0x6c30,0x94d0,0xb5f5,0xc657,0xc677,0xfb0c,0xad52,
0x7c2e,0xbeba,0xceb8,0xceb8,0xb679,0xb69a,0x8b6e,0x83ed,0xceb8,0xce77,0xa573,0x8d34,
0x9df7,0x6b8b,0x63ad,0xa618,0xd73c,0xbe57,0xceb8,0xce98,0xc657,0x9d52,0x95f8,0xb69b,
0x7492,0x94f1,0xbe16,0xce77,0xceb8,0xd553,0xc125,0xc4b1,0xad73,0x9df7,0xbe78,0xbe78,
0xbeba,0x6c50,0x846e,0xb5b4,0xe34d,0xddf6,0xbe16,0x84d1,0x9df8,0x94f2,0x9d31,0x73ed,
0x8d76,0xcf1c,0xced9,0xced8,0xce98,0xa5b4,0x9df8,0x8d76,0x8cb0,0xbe36,0xce98,0xd6d8,
0xea4b,0xb105,0xb9a7,0xc410,0xbe36,0x9596,0xa5f6,0xc71c,0x7cd2,0x9d11,0xbe15,0xc656,
0x91a6,0xba08,0xc677,0xa5b4,0xa618,0x9d53,0xbe36,0xadb3,0x8490,0x9db6,0xbedb,0xceb9,
0xceb8,0xadf6,0x9df8,0x84f2,0xb615,0xceb8,0xd6b8,0xcd33,0x8268,0x842e,0x7b8b,0x83ef,
0xbe79,0xa5f7,0x9596,0x95d7,0x8cb0,0xbe16,0xc697,0xce98,0x94d1,0x9cb1,0xc677,0xae58,
0x9596,0xadb4,0xc697,0xc657,0x9d52,0xb4b3,0x7450,0xc71c,0xc6b8,0xa5f6,0x9df8,0x9532,
0xc677,0xd6d8,0xd6d8,0xbe36,0xad52,0xbdd4,0xb5b3,0x846e,0xa618,0xae39,0x9df8,0x7d13,
0xb5f5,0xce36,0xf36e,0xe450,0xb637,0x9d73,0xc699,0xa659,0x742f,0xbe36,0xce98,0xce98,
0xb616,0xc2cc,0x73ac,0x84f3,0xc6fb,0x9db5,0x95f8,0xa593,0xceb8,0xe657,0xd6f9,0xd6d9,
0xc657,0xce97,0xc677,0xb5d4,0x7c91,0xb679,0xa5f8,0x8d53,0xbe36,0xcaea,0xa104,0x9cf1,
0x9df7,0xcf1b,0xa618,0xbe58,0xc5b5,0xce98,0xd6b8,0xd6b8,0xbe36,0xd1e8,0x9cb0,0x8c6f,
0xa618,0x9db5,0x9e18,0xb5b4,0xcd13,0xc946,0xdcf2,0xd6d8,0xd6b8,0xd6b8,0xd6b8,0xc677,
0x9d31,0x95d7,0xa618,0x9dd6,0xc678,0x8c71,0xab0c,0xb5b4,0xc6db,0x7cf3,0x742f,0x6aea,
0xa8e4,0xea29,0xd719,0xd6b9,0xdbef,0xa8c4,0xadd4,0xb5d4,0x7cb1,0xbedb,0x95d7,0xadb4,
0xb3ce,0xb945,0xbe36,0xd6d9,0xd6b8,0xdeb8,0xde78,0xd6b8,0xbe36,0x84f2,0xa5f8,0xa639,
0xc677,0x9512,0xa5d7,0xbe36,0x6bee,0x848f,0xa573,0xa552,0x840e,0xb905,0xce77,0xd698,
0xb904,0xa2c9,0xc636,0xc677,0x94f1,0x8d75,0xa618,0xb658,0x9d12,0xaaec,0xc656,0xd6d9,
0xd6b9,0xe229,0xb882,0xd719,0xce97,0xa552,0x7cf3,0xae59,0xbe99,0xadb4,0x7cb1,0xc6da,
0xadd4,0xc656,0xc677,0xc677,0xb573,0xb904,0xc677,0xce77,0x8c6e,0xb5b4,0xceb8,0xceb8,
0xb615,0x744f,0x9e18,0xae79,0x9d53,0xa5d7,0xc697,0xd6b9,0xccb1,0xb145,0x94f1,0xceb8,
0xceb8,0xbe56,0x8cb0,0x84f3,0xae59,0xc71c,0xa617,0x95d7,0xce98,0xceb8,0xceb8,0xceb8,
0xa532,0x9d31,0xce97,0xceb8,0xc677,0xd6d8,0xd71a,0xd73b,0xd75c,0xbefb,0x9df7,0xa639,
0xbebb,0x74d3,0xc698,0xceb9,0xad74,0xab4d,0xb615,0xceb8,0xced8,0xceb8,0xbe36,0x8cd0,
0x73ee,0x7cf3,0x9df7,0xb679,0xd6d9,0xd6f9,0xd6d8,0xd6d8,0xc677,0xc677,0xd6d9,0xd6d9,
0xd6fa,0xcf1c,0xa5f7,0x6c30,0x63ad,0x6bcd,0x640e,0x7cf3,0x9dd8,0xd75d,0xae59,0xced9,
0x9553,0xa534,0xc698,0xd6d9,0xd6d9,0xd6d9,0xceb8,0xbe36,0xa573,0x8c6f,0x73cd,0x6bac,
0xc967,0xdbce,0xd6d9,0xd6d9,0xd6d9,0xced9,0xcef9,0xcf3c,0xb659,0x7cf3,0x740d,0xa572,
0xadb3,0xb5d4,0x9d52,0x846f,0x6c0e,0x74f3,0xc6db,0xc6db,0xa5d4,0xa639,0xc698,0xd6d9,
0xe678,0xe698,0xd6b8,0xceb8,0xc657,0xdb6d,0xeacb,0x9d52,0xa9e7,0xa573,0xd6d9,0xd6d9,
0xd6f9,0xd6fa,0xcf1c,0x8535,0x95b6,0x8490,0xb5f4,0xc677,0xce97,0xce77,0xc657,0xd678,
0xd6db,0xa5f8,0xa5f8,0xae59,0xcf1c,0x8d96,0xce98,0xd677,0xd9c8,0xe1e8,0xe554,0xd6b8,
0xd6b8,0x9a48,0xb9a7,0xbdd5,0xac51,0xbe36,0xceb8,0xced8,0xd75c,0xbedb,0x8535,0x5bae,
0x8d76,0xadf4,0xce98,0xceb8,0xd6d8,0xd6b8,0xe471,0xaa6a,0x6bad,0x6bac,0x6c0e,0x7492,
0xa639,0xc6db,0xbe99,0xb5f5,0x8268,0xb124,0xd228,0xd6d9,0xd6b8,0x9d52,0xc2cc,0xb5d4,
0x7c70,0xa5f7,0xb69a,0x9df8,0x95b6,0x8d76,0x8534,0x6c0f,0x95d7,0xc677,0xced9,0xd6f9,
0xd6d9,0xd6f9,0xda49,0x836b,0xa532,0xa593,0x9d11,0x6bcc,0x8534,0xae59,0xae59,0xc657,
0xa512,0x934d,0xbaca,0xd6b8,0xced8,0xb615,0xb535,0xb5f5,0xb5f4,0x94d0,0x844e,0x8d12,
0xae79,0x5bef,0x7cd2,0x84b1,0xae59,0xc698,0xcef9,0xd6f9,0xd6f9,0xceb8,0xb904,0xdb6d,
0xc636,0xc656,0xbe36,0xad93,0x7c0e,0x8d75,0xae59,0xc677,0xadd4,0xad35,0x9d32,0xceb8,
0xceb8,0xbe99,0x8d33,0xc657,0xce98,0xc677,0xbe36,0xb6bb,0x74d3,0x6bee,0x9533,0x94f1,
0x8d75,0xc6db,0xd6f9,0xd6f9,0xd6f9,0xce77,0xa32a,0xa8c3,0xc5b4,0xce97,0xce97,0xbe57,
0xadb4,0x8513,0xae59,0xb637,0xbe99,0x8d13,0xb636,0xceb8,0xced9,0x95d6,0xb678,0xbeba,
0xd6fa,0xcefa,0xa618,0x9dd7,0x740e,0x84b1,0xa5f6,0xb5f5,0x7c70,0x9df7,0xd75d,0xd71a,
0xd6f9,0xd6d9,0xbdf4,0x94f0,0xc636,0xd6b8,0xd6b8,0xceb8,0xc656,0x8cf1,0x95d7,0xa5f6,
0xb69a,0x9d73,0xceb8,0xcefa,0xc71c,0xc6fb,0x8d75,0x640f,0x8d75,0x7cf3,0xae79,0x7cd3,
0xa573,0x9d32,0xc597,0xc657,0xa573,0x7450,0x8d96,0xbebb,0xcf1b,0xe75b,0xd6d8,0xce77,
0xd6b8,0xd6d8,0xdeb8,0xfc32,0xd616,0xad93,0x9df8,0xa618,0x8513,0xb616,0xcf1c,0xbeba,
0x74d2,0x6c2f,0x846f,0x9511,0xd555,0x8d34,0xa618,0x7c90,0xbe16,0xb5d4,0xca6b,0xd574,
0xc636,0x9d32,0x74b2,0x7491,0x8d14,0xc515,0xe34e,0xe678,0xd6b8,0xd698,0xc4f2,0x98a2,
0xd147,0xb656,0x9df8,0xae7a,0x84d1,0xd75d,0x9df7,0x95d7,0xb6ba,0xc6da,0xadd5,0xbe36,
0x8d13,0xae39,0x8534,0x9d73,0xce77,0xbe77,0xd9e8,0xcb0c,0xce98,0xc676,0x8490,0xae79,
0x844f,0x6b6b,0xb1e8,0xe209,0xde98,0xd6b8,0xc615,0x840d,0xbacb,0xad32,0x9e18,0x95b7,
0xc6fc,0x7cf3,0x6bee,0x6bac,0x73cc,0x7bee,0xdc32,0xc6b8,0x9554,0xb679,0x7cd2,0xb636,
0xce98,0xcbce,0x98a3,0xa4d1,0xd6b8,0xc698,0xa5b4,0x9df8,0x9553,0xa552,0x844e,0xb145,
0xcb0c,0xd6b8,0xce97,0xb5f5,0xb471,0x9574,0x9df8,0xae79,0x74b2,0x846f,0xa593,0xb5d4,
0xad93,0xbbae,0xc9c7,0xc656,0x9575,0x95d6,0x8d12,0xbe77,0xced9,0xadd4,0x848f,0xbe16,
0xceb8,0xceb8,0xae16,0x9514,0x9d94,0xc657,0xbdd5,0x8bac,0xad32,0xceb8,0xd6b8,0xc677,
0x9db6,0xae38,0x9df7,0x6c91,0x9511,0xb615,0xc656,0xc677,0xb5d4,0xa8e3,0xa207,0xc657,
0x3186,0x31a6,0x3186,0xa514,0xd656,0xd677,0xd698,0xd657,0xd677,0xd657,0xd677,0x734b,
0xbd73,0xa4f1,0x2104,0xe6d9,0xd677,0xd677,0xe6b8,0x18e3,0x2965,0x3186,0x4a48,0xdeb8,
0xd677,0xd677,0xd657,0xd656,0xd636,0xd657,0xd677,0xd677,0x2965,0x2124,0x8c51,0xde77,
0xde97,0x5a88,0x2123,0xb553,0xd657,0xd657,0xd657,0xce36,0x2945,0xd657,0x2124,0xce36,
0xd677,0xd677,0xd677,0x3186,0x3186,0x2125,0x2965,0x5aca,0xd656,0xe6f9,0xd657,0xd657,
0xd636,0xd657,0xdeb8,0xde98,0xe71b,0xf79d,0xd657,0xd657,0x62ea,0x2103,0x2124,0x0841,
0xdeb8,0xd657,0xd657,0xde98,0x18e4,0xbdb4,0x2965,0x9cd2,0xd677,0xd677,0xd677,0xad12,
0x2965,0x2124,0x9cb1,0x2944,0x2124,0x41c6,0xd678,0xd636,0xd657,0xc5d5,0x1081,0x0841,
0xd657,0xd677,0xd657,0xd677,0x41e7,0x2965,0x3186,0x2124,0xef1a,0xd657,0xd657,0xdeb8,
0x2945,0x734c,0x3186,0x8c4f,0xd657,0xd677,0xd677,0xdeb8,0x2945,0x3186,0xb553,0xd657,
0xde98,0xd657,0xd657,0xd677,0xdeb8,0x0001,0x2124,0x2124,0xd677,0xd677,0xd678,0xd657,
0xdeb9,0x18e3,0x2965,0x6b6d,0xde98,0xd677,0xd677,0xd677,0x2965,0x2965,0x2965,0xa4f2,
0xd657,0xd677,0xd677,0xd677,0xef1a,0x18c3,0x2965,0xdeb8,0xd657,0xd677,0xd677,0xd677,
0xad33,0x2104,0x2945,0x3186,0xc5d5,0xdeb9,0xd657,0xd677,0xd677,0xf75b,0xf79d,0xde98,
0xd677,0xd677,0xd657,0xa4b1,0x3186,0x3186,0x2945,0xe6d9,0xd657,0xd677,0xd677,0xd677,
0xd677,0xef1a,0x4208,0x31a6,0xce16,0xde98,0xd677,0xd657,0xbd94,0x2945,0x3186,0x3186,
0x31a6,0x39e7,0xbd93,0xde98,0xd677,0xd677,0xd677,0xd677,0xd657,0xd677,0xdeb8,0x3186,
0x3186,0x3186,0x2124,0xe6d9,0xd698,0xded9,0xdeb8,0xdeb8,0xde98,0xd677,0xd677,0xdeb8,
0x7bce,0x736c,0xc5b4,0xd677,0xdeb8,0x2945,0x31a6,0x31a6,0x738c,0x2945,0x39c7,0x8c2f,
0xd677,0xd657,0xd677,0xd698,0xd677,0xd677,0x8c2e,0x31a6,0x3186,0x2965,0xd699,0xd677,
0x9cb1,0x4a48,0x18c3,0x31a6,0x5289,0xad32,0xde98,0xd657,0xce36,0xde98,0xde78,0xd677,
0xd677,0xe6d9,0xa513,0x7bcf,0xce16,0x734b,0x31a6,0x3186,0x9c90,0xd677,0xd698,0xd677,
0xdeb8,0x83ed,0x3186,0x3186,0x2965,0x9492,0xd677,0xd657,0xd657,0xce36,0xd677,0xad12,
0x2125,0x3186,0x31a6,0xc5d5,0xd677,0xce16,0x4207,0x630a,0xce15,0xd678,0xd636,0xd656,
0xd677,0xd656,0x2104,0x2965,0x3186,0xd677,0xad33,0x5268,0x2965,0x3186,0x2945,0x2965,
0xdeba,0xd677,0xd677,0xd677,0xd657,0xd677,0xd657,0xce36,0xc5f4,0x2104,0x3186,0x31a6,
0xa4d1,0xd677,0xde98,0x9cb0,0x2145,0x630a,0xde98,0xd657,0xd677,0xd657,0x944f,0x2965,
0x3186,0x4a48,0xd677,0xf75b,0xdeda,0xd699,0xef7c,0xe6f9,0xd657,0xd657,0xd677,0xd657,
0xd657,0xd677,0xd657,0xd677,0xd657,0xcdf5,0x2104,0x2965,0x31a6,0xc5d4,0xd677,0xd678,
0x9c90,0x2965,0x4a48,0xde98,0xd677,0xd677,0xd677,0x2945,0x2986,0x2124,0xdeb8,0xd677,
0xd677,0xd657,0xd677,0xdeb8,0xb553,0x734b,0x5ac9,0x8c0e,0xce15,0xd657,0xd677,0xd678,
0xd677,0xd657,0x62ea,0x2965,0x2986,0x2965,0xdeb8,0xd677,0xd657,0x4a28,0x2965,0x736c,
0xd677,0xd677,0xde98,0x2125,0x3186,0x3186,0xad12,0xd677,0xd677,0xdeb8,0x83ac,0x18e3,
0x2104,0xb573,0xe6f9,0xe6d9,0xdeb8,0xde98,0xd677,0xd677,0xd678,0xd677,0xce15,0x2125,
0x2965,0x2965,0x9470,0xd677,0xd677,0xd656,0x2124,0x2965,0xd677,0xd698,0xdeb8,0x2965,
0x2965,0x31a6,0x7bae,0xd657,0xdeb8,0x2124,0x31a6,0x31a6,0xef1a,0xd677,0xde98,0xe6b9,
0xde78,0xd677,0xd677,0xde77,0xd677,0xd677,0xde98,0x2104,0x2965,0x3186,0x31a6,0xdeb8,
0xd677,0xdeb8,0x2945,0x2986,0xe6d9,0xd677,0xdeb9,0x2965,0x3186,0x31a6,0x62eb,0xd657,
0x3185,0x31c7,0x2124,0xef3b,0xd677,0xd677,0x3184,0x18c2,0x41e6,0xde78,0xd677,0xd677,
0xd677,0xd677,0xdeb8,0x1904,0x2986,0x3185,0x2124,0xe6f9,0xd677,0xd677,0x5289,0x2965,
0xef1a,0xd677,0xdeb8,0x2966,0x3186,0x31a6,0x736d,0xa4f1,0x2965,0x31a6,0x9cd2,0xd657,
0xdeb8,0x0841,0x2124,0x2944,0x2945,0x18c2,0xdeb8,0xd677,0xd677,0xd677,0xde98,0x2965,
0x3186,0x2965,0x2945,0xdeb9,0xd677,0xd677,0x7bad,0x31a6,0xdeb8,0xd677,0xc5d5,0x31a6,
0x3165,0x31a6,0xb595,0x2103,0x31a7,0x2145,0xe71a,0xd677,0xb573,0x18c3,0x2945,0x2985,
0x2965,0x2104,0xd657,0xd657,0xd677,0xd677,0xc5f5,0x2965,0x3186,0x3186,0x3186,0xdeb9,
0xd677,0xd698,0x6b2b,0x2965,0xd677,0xd657,0x5aa9,0x31a6,0x3186,0x2124,0xef1a,0x2104,
0x31a6,0x2124,0xe6f9,0xd677,0xbd94,0x2945,0x3186,0x31a6,0x31a6,0x2124,0xde99,0xd657,
0xd677,0xd677,0x734c,0x31a6,0x3186,0x3186,0x2965,0xe6fa,0xd677,0xde98,0x39e7,0x738d,
0xd657,0xd677,0x2986,0x3186,0x3186,0x4a69,0xb573,0x2965,0x31a6,0x2945,0xe6d9,0xde98,
0xe6f9,0x18e3,0x31c7,0x31a6,0x39c7,0x2965,0xe6fa,0xd657,0xd677,0xdeb8,0x3186,0x3186,
0x3186,0x31a6,0x2124,0xef1a,0xd677,0xe6f9,0x10a2,0xc5d5,0xde98,0x31a6,0x31a6,0x2965,
0x18c3,0xef5b,0xad12,0x31a6,0x31a6,0x2945,0xe6f9,0xd677,0xd677,0xef1b,0x52aa,0x39e7,
0x6b4d,0xff9d,0xd656,0xd677,0xde98,0x39c6,0x39c7,0x4a48,0x31a6,0x31a6,0x3186,0xe6d8,
0xd677,0x736c,0xe6da,0x9470,0x2965,0x2965,0x3186,0x2104,0xdeda,0xd657,0xbdb4,0x2965,
0x3186,0x2945,0xe6d9,0xd677,0xd677,0xd677,0xde98,0xe6d9,0xd677,0xd677,0xd657,0xde98,
0x5289,0x2966,0x5aeb,0xa4f2,0x3186,0x31a6,0xa513,0xd657,0xd636,0xde98,0xd636,0xc5f5,
0x31a6,0x2985,0x2124,0xf77c,0xd657,0xd677,0xde98,0x2945,0x31a6,0x3186,0xa4d2,0xd677,
0xd677,0xd677,0xd678,0xd657,0xd657,0xce15,0x8c2e,0x18c3,0x3186,0xd6b9,0xd636,0x62ca,
0x31a6,0x1904,0xf75b,0xce36,0xce16,0xce36,0xce56,0xd677,0x39c7,0xbdd7,0xef1a,0xd636,
0xd677,0xd657,0xd677,0x4228,0x31a6,0x31a6,0x31a6,0xdeb9,0xd677,0xd657,0xd677,0xd677,
0xdeb8,0xdeb9,0xe6fa,0xf77c,0xde98,0xd657,0xdeb8,0x2124,0x3186,0xc617,0xce36,0xb573,
0x6b4b,0x62ea,0x8c0e,0xd657,0xde77,0xce36,0xdeb9,0xde98,0xdeb8,0xdeb8,0xd657,0xdeb9,
0x2145,0x31a6,0x31a7,0x738c,0xd677,0xd657,0xd677,0xd677,0xd677,0xd677,0xd657,0xd677,
0xd657,0xd657,0x944f,0x39c7,0x6b4c,0xc5d4,0x2944,0x31a6,0x39e7,0x2965,0x7bad,0x9470,
0xce16,0x4a27,0x18c3,0x18c2,0x39c6,0x7b8c,0xce16,0xd636,0xad34,0x2965,0x39c7,0x39c7,
0x83cd,0xdeb8,0xd636,0xd657,0xd657,0xd656,0xd677,0xd657,0xd657,0xd677,0x2945,0x738e,
0xd677,0x18e3,0x31a6,0x2104,0xb573,0xdeb8,0xd657,0xd657,0x2145,0x2965,0x9cd2,0xe6f9,
0xd678,0xd677,0xd657,0xd657,0xd656,0xce58,0x2124,0x31a6,0x39c7,0x39e7,0x9cb0,0xd657,
0xd677,0xbd93,0xde98,0xd657,0xd657,0x18c3,0xce59,0xd677,0x18c3,0x39c7,0x2965,0xe6d9,
0xd636,0xd677,0xd677,0xd677,0x3186,0x4a48,0x2944,0x4a27,0x946f,0xde98,0xd657,0xd677,
0xd677,0xd657,0xef3a,0xb595,0x52aa,0x2965,0x31a6,0x5289,0xbdb6,0xe6d9,0xd657,0xb552,
0xb5b6,0xef3a,0xce16,0xbd94,0x2965,0x31a6,0xa4d1,0xd657,0xde77,0xde77,0xd657,0xd677,
0x94b2,0xde98,0xe71a,0xc5d5,0x5289,0x2124,0x9c90,0xd678,0xd677,0xd657,0xd677,0xd677,
0xd656,0xe6f9,0xd677,0xbd73,0xbdb4,0xce15,0xe6b8,0xd677,0xce36,0xd657,0xd636,0x83ee,
0x39c7,0x2945,0xef1a,0xd677,0xd677,0xe6d9,0xb553,0xce16,0xd656,0xd677,0xd677,0xd677,
0xd657,0xad12,0x2965,0x738c,0xd677,0xd677,0xd677,0xe6d9,0x734b,0x2965,0x2104,0x3186,
0x39e7,0x39c7,0x2986,0x5289,0xc5f5,0xd657,0xd657,0xa4f1,0x31a6,0x3185,0xdeb8,0xd677,
0xe6d8,0x0020,0x18c3,0x10a2,0x3164,0x6b0a,0xd677,0xd677,0xde98,0xd677,0x4a48,0x31a6,
0xbd94,0xd657,0xce15,0xad54,0xef1a,0xeef9,0xe6f9,0xd677,0x7bad,0x2104,0x3186,0x39c7,
0x39c7,0x6b2b,0xdeb9,0xe6d9,0x2124,0x39c6,0xe6d9,0xd677,0x944f,0x2124,0x3186,0x2965,
0x2965,0x2924,0x2124,0xde98,0xd677,0xd677,0xc5d5,0x3186,0x2965,0xe6d9,0xdeb8,0xd656,
0xd677,0xd657,0xd677,0xd657,0xd656,0xeef9,0x4a49,0x3186,0x31a6,0x31a6,0x5289,0xd677,
0xbdb5,0x18e3,0xde77,0xd657,0xbdb5,0x2965,0x39c7,0x31a6,0x31a6,0x3186,0x2945,0xc5f6,
0xd657,0xd657,0xdeb8,0x2104,0x2945,0xd657,0xd657,0xd657,0xd677,0xd656,0xd677,0xd677,
0xd677,0xde77,0xde98,0x5289,0x2965,0x31a6,0x3186,0x736c,0xce16,0xdeb9,0x6b2c,0xd677,
0xd657,0x6b6d,0x4228,0x4a69,0xb1a7,0xdaad,0x80c3,0xa103,0xa123,0xa123,0xa103,0x8881,
0xeb30,0xf414,0x88a1,0xa103,0xa923,0xa123,0xa124,0xc2ec,0xeb0f,0x8905,0x7881,0x8881,
0xe34f,0xe2cd,0xd22a,0xd20a,0x8904,0x9903,0xa103,0x90c2,0xebb3,0xd2ee,0x98e3,0xa103,
0xebf2,0xe2ad,0x6040,0xa103,0xa923,0xa924,0xa123,0x9903,0xd2ee,0xe351,0xb26b,0xa123,
0xa103,0xa924,0xc2ac,0xe2ce,0x8105,0x80a2,0x90e2,0x90c2,0xe370,0xe2cd,0xc9e9,0xd24b,
0xdb71,0x90c2,0xa124,0x98a1,0xf497,0xdaae,0x8081,0xa103,0xd22b,0xb9e9,0x90a2,0xa923,
0xa924,0xa944,0xa944,0x98c2,0xf454,0xeb92,0xf3b3,0x88a1,0xa123,0xa924,0xebb1,0xa988,
0x8082,0x98e3,0xa103,0x90c2,0xebf2,0xda6b,0xc9e8,0xd22b,0xdace,0xe3d2,0xc26a,0xf558,
0xec76,0xca4c,0xa187,0x9903,0xda6c,0x6840,0x9903,0xa123,0xa944,0xa944,0xa903,0xdc11,
0xebd2,0xe310,0xeb72,0x88a2,0xa123,0xdbb1,0xe2ad,0x6820,0x90c2,0xa123,0xa123,0x98e2,
0xeb70,0xc9c8,0xd22b,0xda6c,0xd24c,0xdacf,0xec34,0xf496,0xdb10,0xd22b,0xeaef,0x8081,
0x6840,0x90c2,0xa923,0xa964,0xa903,0xb9e7,0xf4d6,0xebb1,0xe2ce,0xdace,0xe331,0x88c4,
0x98e2,0xf3d3,0xca0a,0x8082,0xa103,0xa924,0xa944,0xcb90,0xda8c,0xb9c9,0x5800,0x6020,
0x6061,0xd28d,0xd28e,0xd28e,0xd26d,0xd2ae,0xd24c,0xdb0f,0x90e2,0xa123,0xa0e2,0xc2ab,
0xf475,0xebb1,0xd22a,0xc1c9,0xd22b,0xdaad,0xdaae,0x78c3,0x98c2,0xebb2,0xe2ee,0x8081,
0xa944,0xa964,0xb208,0xf3b1,0xd24b,0x6820,0x88c2,0x90e2,0x90c2,0x7861,0x8925,0xda8e,
0xca6d,0xd26c,0xd2ae,0xdaae,0xa123,0xdbb0,0xf454,0xdacd,0xca2a,0xca0a,0x9125,0x6841,
0x6820,0xe2ce,0xdaad,0x7061,0x9903,0xd2ad,0xe330,0xdb70,0xba29,0xdc12,0xf413,0xd20a,
0x80e4,0x80a2,0x98e3,0xa103,0xa123,0x98e3,0x8081,0x6820,0x9946,0xdaad,0xd24c,0xd24c,
0xe32f,0xda2a,0xb9c9,0xa9a8,0xca2b,0xd24c,0x90e4,0x98e3,0x88a2,0xe330,0xe2ce,0x7040,
0x9903,0x88a1,0xe2cf,0xdb10,0xeb91,0xe30f,0xd1e8,0xd20a,0x8082,0x98e3,0xa123,0xa944,
0xa0e3,0xec74,0xf434,0xebd3,0xf3b3,0xcaee,0x7041,0x9146,0x9146,0x6020,0x7881,0x8082,
0x7881,0x70a2,0xeb50,0xa945,0xc2cc,0xe2cd,0xb1c9,0x88c2,0xa103,0xa103,0x7881,0xb1c8,
0xda6c,0xd20a,0xca09,0xda8d,0x9146,0x9903,0xa944,0xa0e2,0xfcd6,0xeb91,0xda8c,0xe28d,
0xd28d,0xdaad,0xeb70,0x9966,0x80a2,0x90c2,0x9903,0x9903,0x9903,0x90c3,0xa9a8,0xe2ed,
0xeb2e,0xda0a,0x6861,0x98e3,0xa124,0xa944,0xa0e3,0x90c2,0x7041,0x6861,0xb1e9,0xda8e,
0xebb3,0x90a2,0xa964,0xcacc,0xeb91,0xd22c,0x8967,0x6020,0x7861,0x6820,0x9126,0xdaae,
0x9903,0xa123,0xa124,0xa123,0xa124,0xa123,0x9104,0xe26c,0xe2ed,0xca2a,0x80a2,0xa103,
0xa924,0xa944,0xa924,0xa903,0xa103,0x9903,0x88c2,0x6841,0xdacd,0xdbb1,0xa0e3,0xe392,
0xdaef,0xa9e9,0x8082,0x90c2,0x98e3,0x98e3,0x90c2,0xa1a8,0xa123,0xa8e2,0xcaec,0xe30e,
0xb186,0xa124,0xa165,0xe2ed,0xda2a,0x6841,0x9903,0x98c2,0xb1e7,0xd36f,0xec33,0xec13,
0xdb4f,0xb1e8,0x98c2,0xa103,0x8081,0xe2ae,0xa9e9,0xebb3,0xe2cf,0x6840,0x90e2,0xa103,
0xa923,0xa124,0xa123,0x8081,0xa8e2,0xf475,0x8082,0x7061,0x90c2,0xa144,0xcaed,0xdaac,
0x9946,0x90a2,0xbaab,0xfc95,0xf3b2,0xda8d,0xe26d,0xda6c,0xdaad,0xe2ee,0xebd3,0xd32e,
0x98e3,0x80c3,0xeb92,0xebb2,0xdaae,0x80a1,0xa103,0xa924,0xa944,0xb144,0xa943,0x90c2,
0xf4d5,0xc1c9,0x88a2,0x9903,0xa123,0xa0e2,0xf3f2,0xca0a,0x7040,0xf475,0xf3d2,0xd26c,
0xc9c9,0x9146,0x6020,0x7861,0x7061,0x6041,0xa187,0xe2ef,0xf3f3,0xbaab,0xe311,0xe351,
0xdaae,0x8081,0xa123,0xb144,0xb144,0xb124,0xa924,0x90c2,0xe2ef,0xa9a8,0x9903,0xa944,
0xa0e2,0xe413,0xd1e9,0x8145,0xfc55,0xe30f,0xd20a,0xd22b,0xdace,0x7020,0x90c2,0x98e3,
0xa103,0x98e3,0x90c2,0x7040,0xd2ad,0xe2ef,0xd30f,0xe351,0xdaae,0x88c3,0xa124,0xa944,
0xb144,0xb144,0xa923,0xdc11,0xe32f,0xeb92,0x90c3,0xb185,0xeb91,0xb146,0xd413,0xf3f3,
0xd22b,0xba0a,0x6041,0x5820,0xca8c,0x9967,0xa103,0xa103,0xa923,0xb123,0xa923,0xa103,
0x8081,0xd2ad,0xe2f0,0xd2ee,0xe330,0xeb71,0xa186,0xa0e2,0xa8e2,0xa923,0xe433,0xda8c,
0xda6c,0xe30f,0xebd3,0xf495,0xf495,0xfc55,0xebb2,0xd1ea,0xa167,0x7061,0x88c2,0x90c2,
0x7860,0xf3d3,0x98c2,0xa923,0xb144,0xb144,0xb144,0xb144,0xa103,0x7861,0xe310,0xeb71,
0xc22b,0xdace,0xeb30,0xf414,0xf434,0xebb2,0xd24c,0xa187,0x7040,0x6820,0x8925,0xda8d,
0xd28d,0xdaae,0xda6c,0xda8d,0x6820,0x90c2,0xa103,0xa123,0x88a2,0xfbb3,0x8881,0xa924,
0xb144,0xb944,0xb944,0xb944,0xb144,0xa103,0x9124,0xe310,0xebb3,0xc9eb,0xda8d,0xd26c,
0xd24c,0xd28d,0x70a2,0x8081,0x98e3,0x98e3,0x90c2,0x7041,0xb22a,0xd26c,0xdaae,0xd26d,
0x80a1,0xa103,0xa123,0xa923,0x98e2,0xf331,0x7861,0xa944,0xb144,0xb964,0xb965,0xb944,
0xb944,0xa923,0x90c2,0xe331,0xe351,0xcb0f,0x7061,0x70c3,0x6041,0x7861,0x88c2,0x98e3,
0xa924,0xa924,0xa124,0xa103,0x88c2,0x9987,0xda8d,0xe2f0,0x7040,0xa124,0xb144,0x98a2,
0xec95,0xe2ce,0x7881,0xa924,0xb144,0xb903,0xb923,0xb944,0xb103,0xb144,0xa123,0xdb0f,
0xe330,0xeb72,0x7882,0x90e2,0x9903,0x9903,0xa103,0xa103,0xcacb,0xcaec,0xb9c7,0xa8e3,
0xa103,0x90e2,0xa1a8,0xdace,0xf3d3,0xc2ac,0xdb6e,0xf434,0xdace,0xb1c9,0x98e3,0xa103,
0xdb90,0xfcb7,0xfc76,0xf476,0xf455,0xf434,0xc229,0xebf3,0xdaef,0xdb10,0xc26c,0xa124,
0xa123,0xa123,0xa944,0xa903,0xa146,0x88c3,0xb9e9,0xfc34,0xa9a7,0x9903,0x98c2,0xa9e9,
0xdace,0xdb0f,0xdace,0xdace,0xca4c,0x7840,0xcb2d,0xf3f3,0xe30f,0xe2ad,0xda8d,0xe28e,
0xdaef,0xda8e,0xa167,0xdaae,0xdaae,0xdb10,0xe330,0x98e2,0xa944,0xa0e2,0xdb90,0xe32f,
0x80a2,0x88c2,0x88a2,0x70a2,0xf392,0xb1e9,0xa103,0x90c2,0x7082,0xb20a,0xb9e9,0x78e4,
0x7020,0xec13,0xe330,0xe30f,0x8925,0x6840,0x7040,0x5820,0xeb31,0x6862,0x88c2,0x7840,
0xe2ef,0xdaef,0xe310,0x88a2,0xa0e2,0xf495,0xda6d,0x6041,0xa103,0xa103,0xa103,0x88e2,
0xca6c,0xeb92,0x88a2,0xa103,0x98e3,0x90c2,0x90a2,0x8061,0xec34,0xe30f,0xd28d,0x6820,
0x88c2,0x90c2,0x9903,0x90e2,0xeb92,0x7840,0x98e3,0x98e3,0xdb10,0xdaef,0xe310,0x8040,
0xf454,0xda6c,0x6841,0x90e2,0xa944,0xa944,0xa924,0xa123,0xba4a,0xdaef,0xca8d,0xa123,
0xa923,0xa123,0xa103,0xdc12,0xe330,0xd2cd,0x7040,0x90c2,0xa103,0xa123,0xa944,0x98e2,
0xeb92,0x88c2,0xa924,0xa0c1,0xebb2,0xdacf,0xd2ae,0x99a7,0xeb4f,0xd22b,0x80a2,0x9923,
0xa944,0xb144,0xa944,0xa923,0xe3d2,0xdaef,0xe331,0x90c2,0xa924,0xa944,0xb185,0xebb2,
0xe2ae,0x6820,0x90e2,0xa103,0xa924,0xb144,0xa0c2,0xf454,0xca2b,0xeb91,0xd30d,0xec55,
0xdb10,0xd26d,0x80c4,0xf433,0xda8b,0xca0b,0x90c2,0xa123,0xa944,0xa944,0xb164,0xba28,
0xeb51,0xd26c,0xdacf,0x88c3,0xa944,0xa923,0xec33,0xe310,0xa9a9,0x88a2,0x9903,0xa924,
0xa924,0xb9e7,0xfc34,0x7061,0x7040,0xe2cf,0xdacf,0xd2ae,0xd28d,0xba6c,0x8945,0xeb50,
0xda4a,0xe2cd,0x80a1,0xa124,0xc26b,0xc26a,0xec33,0xe2ce,0xc9e9,0xc1e9,0xdaae,0xb20a,
0xa123,0xa0e3,0xebb2,0xe2ce,0x7082,0x98e3,0xa923,0xa944,0xcb2d,0xeaef,0x6841,0x90c2,
0x90e2,0x7861,0x9146,0xa1a9,0x78a3,0x7020,0xf413,0xe2cd,0xd209,0xda8c,0xf371,0xcacc,
0xca29,0xca09,0xd1e9,0xa167,0x7062,0x8105,0xd24c,0xeb92,0x98c2,0xa9a6,0xe330,0xe2ce,
0x7061,0xa103,0xa944,0xc28b,0xeb30,0x7082,0x90c2,0xa103,0xa923,0xa103,0x98e3,0x90c2,
0x90e3,0xcb0e,0xe350,0xc9c8,0xc187,0xc9c8,0xd1e9,0xc9ea,0xca0a,0xda6c,0x6062,0x90c2,
0x98e3,0x90e3,0x7082,0xe310,0xa187,0xb1e9,0xdb0f,0xdaae,0x9104,0xa124,0xa103,0xf3b2,
0xca2a,0x88a2,0xa103,0xa923,0xa923,0xa944,0xa924,0xa103,0x90a2,0xf3f3,0xda6a,0xd22a,
0xba0b,0x7082,0x6861,0x7082,0xda4c,0x6862,0x90e2,0x98e3,0xa944,0xa123,0x98e3,0xca8d,
0xe372,0xa145,0xdace,0xd26d,0xebd4,0xb9e8,0xf434,0xd22b,0x9946,0x90e3,0xa923,0xa923,
0xa944,0xb144,0xb144,0xa924,0xa165,0xe30e,0xd22b,0x6082,0x80a2,0x90e2,0x98e3,0xa103,
0x6841,0x90c2,0xa924,0xa124,0xa944,0xa944,0xa944,0xa1a7,0xd28e,0x9188,0xe2ae,0xd26c,
0xd28c,0xdacd,0xd22a,0xc9e9,0xa9a8,0x9903,0xa944,0xb144,0xb164,0xb144,0xb144,0xa944,
0x9924,0xda8d,0xa9a9,0x90c2,0x9903,0xa103,0xa923,0xa924,0x9cd6,0x9495,0x8c54,0x8433,
0xb599,0xb5b9,0x94b4,0x9cb6,0x9cd6,0xc639,0x7bb2,0x9495,0x9cb6,0x9cb6,0x9cb6,0x9c96,
0x9495,0x8c54,0x8c34,0x83f3,0x6b30,0xd6db,0xbdda,0xc61b,0xad58,0x73b1,0x83d2,0xc63a,
0x5ace,0x7391,0x7bb1,0x7370,0xad38,0xa4f7,0x9cd7,0x9494,0xad58,0xad38,0x94b4,0xa4f7,
0x9475,0xc659,0x9495,0xa4f7,0xa4f7,0xa4f7,0xa4f7,0xa4f7,0x9cd6,0x9c96,0x9475,0x8c34,
0x7bb2,0xc659,0xb599,0xad78,0xb5b9,0x7392,0xc639,0x62ef,0x83f2,0x8c34,0x8413,0x7bd2,
0xad58,0xad58,0xa517,0xce3a,0xef7d,0xd69c,0xa536,0xa518,0x8c34,0xce7a,0xa4f7,0xad38,
0xad18,0xa518,0xad18,0xa517,0xa4f7,0x9cb6,0x9cb6,0x8c54,0x7bb2,0xd6ba,0xbdf9,0x630f,
0x630f,0x7392,0xbdf8,0x8413,0x9474,0x9495,0x9495,0x9474,0xb579,0xb579,0x94b5,0xce5b,
0xce3b,0xc63b,0xb597,0xa518,0x9455,0xdefb,0xa4f7,0xad59,0xad38,0xad38,0xad18,0xad38,
0xa517,0xa4f7,0x9cd6,0x9475,0x83d3,0xd6bb,0x8c33,0xf79f,0xef9e,0x9494,0xb598,0x9495,
0x9cd6,0xa4f7,0x9cd6,0x9cd6,0xa517,0xc619,0xc61a,0xad78,0xad58,0x9cf6,0xad58,0x9cd6,
0xad38,0xce59,0x9cd7,0xad58,0xad58,0xad38,0xad58,0xad38,0xa518,0x9cd7,0x9cd7,0x9cb6,
0x8c53,0xbdd8,0x9cd5,0xc61a,0xc61a,0x7370,0xd69b,0xa517,0xad37,0xad37,0xa537,0xa4f7,
0x8432,0x4a2b,0x7bd1,0x9493,0x9493,0x9cd4,0x9cf6,0xbdf8,0xb579,0x83f2,0xe71c,0xad58,
0xb599,0xad58,0xad38,0xad38,0xa4f7,0x9cd6,0x9cb6,0x8c34,0xe75d,0xa536,0x7390,0x9cf6,
0x9cd5,0x7bd2,0x8c53,0xb5b8,0xad78,0xb578,0xad58,0xad38,0xb597,0x8412,0x5aad,0x5ace,
0x5ace,0x6b2f,0xb5b8,0xa516,0xb5b9,0xa4d6,0xad56,0xdefc,0xa518,0xb579,0xad58,0xad38,
0xa517,0xa4f7,0x9475,0xef7d,0x83f1,0xb599,0xb578,0x8c93,0xbdf8,0xb577,0x8c32,0x9493,
0xc61a,0xad58,0xad58,0xa4f7,0x630f,0x83d2,0x83f3,0x83f3,0x7bd2,0x7bd2,0x7370,0x73b0,
0xad56,0xb5b9,0x9495,0x9cd5,0xef7d,0xb5b8,0x9cb6,0x9cd6,0x9cf6,0xc619,0xe73d,0x6b6f,
0xd6bb,0xa535,0xbdf8,0x7370,0x62ee,0x5ace,0x630e,0xad56,0xa535,0x9473,0xa536,0x8412,
0x8413,0x8c54,0x8c54,0x9474,0x8c54,0x8413,0x7bd2,0x7bb1,0x8c73,0xad56,0xad98,0x5ace,
0x8c52,0x73b1,0xbdd9,0xce5a,0xbdf9,0x8433,0x5aad,0xce7a,0xd69a,0x630e,0x7391,0x83f2,
0x83f3,0x83f2,0x7bd2,0x7391,0x5acd,0xc619,0x630f,0x6b2f,0x8c75,0x9495,0x9495,0x9496,
0x9475,0x8c34,0x8413,0x83f3,0x6b2f,0xc63a,0xa516,0xdefd,0xe73d,0xdefc,0x6b50,0x6b50,
0x7391,0x7bd2,0xbdb8,0xad56,0x630e,0x83f3,0x8c54,0x9495,0x9475,0x8c34,0x8c34,0x8413,
0x7bb2,0x630f,0xbdf9,0x7bb1,0x9cb6,0x9cb6,0x9cd6,0x9cb6,0x9cb6,0x9495,0x9475,0x8c34,
0x8413,0xa536,0xa536,0xc61a,0xad78,0xbdd9,0x7391,0x8434,0x8c34,0x8c73,0x9d16,0xb597,
0x83f3,0x9495,0x9496,0x9cb6,0x9cb6,0x9cb6,0x9474,0x8c34,0x8c34,0x83f2,0x6b2f,0x83f2,
0xa4f7,0x9cd6,0xa4f7,0xa4f7,0x9cd6,0x9cd6,0x9495,0x9475,0x8c34,0x9494,0x7bf1,0x8c53,
0x7bf2,0x6b4f,0x9495,0x8c34,0xa516,0xe71d,0xa535,0x6b50,0x9cd6,0x9cf7,0xa517,0xa517,
0xa4d7,0xa4f7,0x9cd6,0x9cb6,0x9475,0x8c54,0x7bb1,0xad58,0xa518,0xa517,0xa517,0xa4f7,
0x9cd7,0x9cd7,0x9cb6,0x9495,0x8c54,0x9cd5,0x8c73,0x7390,0xdedc,0xad77,0xbe18,0xef7e,
0xe73d,0xb5b9,0xc619,0x7bd2,0xa517,0xad38,0xa517,0xa517,0xa4f7,0xa4f7,0xa517,0x9cf6,
0x9cb6,0x9495,0x8c54,0x94b5,0xad38,0xad38,0xa517,0xa517,0xa4f7,0xa4f7,0x9cd7,0x9cd6,
0x9475,0xb5b8,0x8c73,0x7391,0x62ee,0x8433,0x9cf6,0xad57,0xa516,0xbdfa,0xb597,0x9495,
0xad38,0xb579,0xb579,0xad58,0xad38,0xad58,0xa518,0xad38,0xa4f7,0x9cd6,0x9cd6,0x9cf6,
0xad58,0xad58,0xad37,0xa517,0xa517,0xa517,0xa4f7,0x9cb6,0x8413,0xce7a,0x8433,0x83f3,
0x83f3,0x83f2,0x7bd2,0x6b50,0x630e,0xbdd9,0xad56,0x9475,0xad58,0xb579,0xb579,0xb579,
0xb579,0xad38,0xad58,0xad58,0xad58,0xad38,0xad58,0xad37,0xbdb9,0xb579,0xb579,0xad58,
0xad38,0xa517,0xa518,0xa4f7,0xb5b8,0x8c73,0x6b30,0x8c54,0x8c34,0x8414,0x8413,0x8434,
0x8433,0x632f,0xb5b8,0xad37,0xb599,0xb599,0xb579,0xb599,0xad58,0xb579,0xb579,0xb579,
0xb579,0xb599,0x9cb7,0xb599,0xbdba,0xbdba,0xb599,0xb579,0xad58,0xad58,0xa517,0xad77,
0xa515,0x8c33,0x9494,0xdedc,0xce9a,0xbdd8,0xb5b8,0xce5a,0xce7b,0x8c74,0x9474,0xbdf9,
0xa4f7,0xb599,0xb599,0xb599,0xad79,0xb579,0xb599,0xbdb9,0xbdda,0xbdba,0xb599,0x6b2f,
0xef9d,0xb598,0xad38,0xa518,0xa517,0xa517,0xdefc,0x8c73,0xad57,0xce7a,0x630e,0x5ace,
0x7370,0x7bb1,0x7bb1,0x7391,0x6b50,0x8432,0xb5b8,0x9494,0xdedc,0xad59,0xb599,0xb599,
0xbdb9,0xbdba,0xbdda,0xbdba,0xbdda,0xa537,0xad36,0x8413,0x7bd1,0xa536,0xd6bb,0xdedc,
0xd69b,0xa4f5,0x62ee,0xc65a,0x73b1,0x6b50,0x83f2,0x8413,0x9474,0x9475,0x9495,0x83f3,
0x83f2,0x8c33,0x6b4f,0x8412,0x9cd4,0xdedc,0xbdd9,0xb599,0xb5ba,0xbdda,0xbdba,0xb579,
0xd6bb,0xa516,0x9494,0xa4f6,0x6b2f,0x7390,0xd69b,0xef5d,0x6b4f,0x8c33,0xb597,0x62ee,
0x7bd2,0x8c33,0x9475,0x9c96,0x9cb6,0x8c55,0xc639,0xce5a,0x8c53,0x7370,0x8c53,0xc63a,
0xbdf8,0xa536,0x9cf5,0xd6bb,0xe71d,0xe73d,0xef7d,0xc639,0x8c53,0xad36,0x9cf5,0xc63a,
0xbdf9,0x8c74,0xce5b,0xce5b,0xbdf9,0x83f2,0x8432,0x7bd2,0x8c34,0x9cb6,0x9cd6,0x9cd6,
0x8c54,0xdedc,0x5ace,0x7370,0x7391,0x7bb1,0x7bb1,0x7370,0x52ad,0xc61a,0x6b2e,0xb597,
0xc619,0xb5b8,0xc619,0xd69b,0x83f2,0xf7bf,0xdf1c,0x8c53,0x7390,0x8c73,0xad58,0xa516,
0x736f,0xce7a,0x7391,0x8c54,0x9cb6,0xa4f7,0xa4f7,0x9496,0xdefc,0x5ace,0x7bd2,0x8c33,
0x8c34,0x8c54,0x8c33,0x8413,0x7bb2,0x62ee,0xce5b,0x630e,0x5aee,0xb599,0xc61a,0xb5b9,
0xb578,0xc61a,0xbdfa,0x7390,0xbdf9,0x8c73,0x83f2,0x7370,0x9cf5,0x7bb1,0x9475,0x9cd6,
0xa4f7,0xa4f7,0xad38,0xc619,0x62ee,0x7bd2,0x8433,0x8c55,0x9475,0x9475,0x9474,0x8c34,
0x8c33,0x83f2,0x6b4f,0xd69b,0x7391,0x62ee,0xb598,0xd6bc,0x52ac,0xa516,0x8433,0xa516,
0x62ee,0xd6bb,0xa4f5,0xb5b9,0xad77,0x7bb2,0x9cb6,0xa4f7,0xa517,0xa517,0x9cd7,0xc65a,
0x7bb2,0x9475,0x9495,0x9496,0x9cb6,0x9c96,0x9495,0x9455,0x9455,0x8c34,0x7391,0xb597,
0x7392,0x83f2,0x6b4f,0xb5b9,0xe71d,0xa536,0xb578,0x9cd5,0x7bb2,0x5ace,0xce7a,0xc63b,
0xb598,0x8c55,0xa4f7,0xa517,0xad38,0xad38,0x9495,0x94b4,0x9474,0x9cb6,0x9cd6,0x9cd7,
0x9cd7,0x9cd7,0xa4f7,0x9cd6,0x9cb6,0x9475,0x8413,0x8c33,0x94b4,0x8c54,0x7bd2,0xad37,
0xbdfa,0x9cd6,0xad56,0x526c,0x8413,0x7bd2,0x83f2,0xa516,0xad77,0x9cd6,0xad38,0xad38,
0xad58,0xad58,0x9474,0x8c54,0x9cd6,0xa4f7,0xa4f7,0xa517,0xa4f7,0xa517,0xa517,0xa517,
0xa4f7,0x9cd6,0x9495,0x83f2,0xa516,0x9495,0x8c54,0x7bd1,0xbdfa,0x9cd5,0x62ce,0x7391,
0x8c54,0x8c54,0x6b50,0xb5b8,0xb5b8,0xa517,0xad38,0xad38,0xad58,0xad78,0x8413,0x94b5,
0xa517,0xad38,0xad38,0xad38,0xad38,0xad38,0xad58,0xad58,0xad38,0xa517,0x9cd6,0x9494,
0x8c53,0x9cb6,0x9496,0x7bd2,0xad57,0x7370,0x83f2,0x7bd2,0x9495,0x9475,0x7bb2,0xbdd9,
0xb5b8,0xa4f7,0xad58,0xad59,0xad59,0xad58,0x8413,0xc63a,0xb579,0xad58,0xb579,0xb579,
0xad78,0xb579,0xb558,0xb579,0xad58,0xad58,0xad38,0xc639,0x6b50,0xbdd8,0x94b5,0x8413,
0xad57,0x7391,0x8c54,0x8c54,0xa4f7,0x94b6,0x8414,0xbdd8,0x8c33,0x94b6,0xb579,0xb599,
0xb579,0xb579,0xa517,0xad57,0xa4f6,0xb599,0xb599,0xb599,0xb599,0xb599,0xb599,0xb579,
0xb599,0xb578,0x9cb6,0xd69b,0xbdf9,0xe6fd,0xe71d,0x7391,0xa516,0x8c54,0x9cb6,0x9495,
0xa517,0x9cd6,0x8413,0x8412,0x6b30,0xc619,0xbdba,0xbdb9,0xb5b9,0xb599,0xad58,0x6b30,
0xd6bc,0xb599,0xb599,0xbdb9,0xbdb9,0xbdda,0xbdb9,0xbdb9,0xbdb9,0xad58,0xdefc,0x6b2f,
0x9cf6,0xb599,0xb599,0xa516,0xbdb8,0x9495,0xa517,0xa4f6,0xad38,0xa517,0xce5b,0x6b50,
0x8c34,0xa516,0xad37,0xbdda,0xbdda,0xbdb9,0xad38,0xdedd,0x5aad,0xdebc,0xad38,0xc5fa,
0xbdda,0xbdfa,0xc5fa,0xc5fa,0xad37,0xdefc,0x7bd1,0x9495,0x9cd4,0x8412,0x7390,0x9cd6,
0x7bd1,0x9cf6,0xad78,0xa517,0xb579,0xb5b8,0x7bb1,0x9cb6,0x9cb6,0x7bb2,0xce7b,0xad78,
0xc61b,0xbdfa,0xa4f7,0xce3b,0x6b50,0x62ee,0xc61a,0xd6bb,0xbdd9,0xbdd9,0xbdf9,0xd6bb,
0xce7b,0x6b4f,0xbdf9,0x7bb0,0x5acd,0x630e,0x7370,0xb5b8,0xc619,0xb5b8,0xa517,0xad58,
0xd6fa,0x9db5,0x5b6a,0xa637,0xb658,0x746e,0x9551,0x8d10,0xb6b9,0x6c0d,0x8d11,0x9552,
0xbeb9,0xbeba,0x8d73,0x638b,0x7c6e,0x84d0,0x84f0,0x8d11,0xa616,0x8d74,0x6c0d,0x84f0,
0x9594,0xb679,0xc6da,0x9592,0x9dd3,0x9572,0x7c6e,0x8d53,0x7c6f,0x6bec,0x744e,0xbeda,
0x9dd6,0x84cf,0x9d93,0x8d31,0xbeb9,0x8cf0,0x9572,0xb657,0xc6da,0x8d53,0x6bec,0x8cf0,
0x9572,0x9572,0x9592,0x8d31,0xbeda,0x6c6f,0x84d0,0x8d31,0x6bec,0x9df6,0xbeda,0xb677,
0xa5d4,0xa5f4,0x9572,0x7c8e,0x8cd0,0x8d31,0x9db4,0xb699,0x9dd6,0x8d31,0x9db3,0x9552,
0x8d94,0x9d92,0xa5d4,0xc6ba,0x9dd5,0x6c0c,0x9551,0x9db3,0xa5d3,0xa5d4,0x9572,0xcf1b,
0x8512,0x8532,0x8d31,0x9db3,0x8d11,0x6bec,0x95d5,0xbeba,0xbe78,0xa5f4,0x9df4,0x9db3,
0x9d92,0x9572,0xcf1b,0x744f,0x9574,0x9dd4,0xa5d3,0x9db3,0x84af,0x95b4,0xc71b,0xae58,
0x744f,0x9552,0xa5d3,0xadf4,0xadf5,0xa5d3,0xdf5c,0xae78,0x6bec,0x9dd5,0xa5d3,0xa5f4,
0x9db3,0x8cf0,0x63ec,0xa5f6,0xbe99,0xcf1b,0xa5f4,0xa5f4,0x9db3,0xd75c,0x9df6,0x740d,
0x8d32,0xce58,0xa5f4,0xa5f4,0x9d93,0xb678,0x95b5,0xae38,0x84af,0xa5d3,0xae35,0xb635,
0xae14,0xddf7,0x63ed,0x9dd5,0x84d0,0x9dd5,0xae14,0xae35,0xa614,0x9db3,0x84d0,0x95b6,
0xa617,0x9594,0xd75c,0xae35,0xcefb,0x9594,0x6bcc,0x8d10,0x9573,0xc34d,0xae14,0xae14,
0x9dd3,0xc6da,0x8533,0x9df6,0x9d92,0xae15,0xb656,0xb656,0xf410,0x7b2a,0xa5d5,0x84d0,
0x9d72,0x8d32,0xbe98,0xb656,0xb635,0xa614,0x9572,0x9df6,0x95b5,0x5bab,0x7cb0,0xbeda,
0x8533,0x9dd5,0x9510,0x9d93,0xdb2d,0xc1c7,0xb656,0xae35,0xae36,0xa637,0x8d74,0xae37,
0xa5f4,0xb635,0xb655,0xb635,0xe1e7,0x7c8f,0xb679,0x84f1,0xa5d4,0x8d11,0xdb4d,0xbe56,
0xb655,0xb635,0xa5d3,0xb699,0x8512,0x84af,0x7c4e,0x7cb0,0x6bec,0xa5d5,0xa5b3,0xa532,
0xb945,0x9ac9,0xb635,0xae15,0xc6ba,0x8d94,0x9594,0xb699,0xa5f4,0xb656,0xbe76,0xae35,
0xc145,0xa44f,0xbe99,0x9552,0xae15,0x9d72,0xb145,0xcaaa,0xbe56,0xb635,0x9dd3,0xbeba,
0x8d53,0x9572,0x9572,0x84d0,0x84d0,0xbeb9,0xb5f4,0xadf4,0x7c4e,0xa572,0xb636,0xae15,
0xb679,0x8512,0x8d33,0xae38,0xb677,0xbe77,0xbe77,0xbe35,0x836b,0x94f0,0xae78,0xa615,
0xb636,0xb615,0x8cd0,0xa5b3,0xc676,0xb656,0xbeb9,0x9df6,0x9db4,0xa5f4,0xa5f4,0x9db3,
0x9d72,0xa430,0xe512,0xbe56,0xb5f4,0xb635,0xb635,0xd73c,0xa617,0x7c90,0x7caf,0x8d74,
0xcefb,0xbe97,0xbe97,0xc697,0xb5f4,0xa5b3,0xae58,0xc6da,0xb656,0xbe76,0xb635,0xc676,
0xc676,0xb656,0xb658,0x8533,0xbe99,0xae14,0xb635,0xae14,0xb5f4,0x8c2e,0xb8a2,0xbeb7,
0xbe76,0xb655,0xdf5c,0xa616,0xb698,0x7c8f,0x7c8f,0xbeb9,0x746f,0xbeba,0xd71a,0xbe77,
0xbe97,0xb635,0xa616,0xa617,0xc6b8,0xc697,0xc697,0xc697,0xc697,0xe493,0x740d,0x8d12,
0xbeb9,0xae35,0xb656,0xb635,0xc676,0xb5f4,0x9531,0xbe56,0xbe76,0xdf7d,0x9e16,0x536a,
0xb6b9,0x8cf0,0xa5b3,0x9d94,0x742e,0x63cc,0x9df6,0xd73c,0xced8,0xb656,0x9573,0xae37,
0xa594,0xf514,0xce97,0xc697,0xcdf5,0xc1c7,0x9531,0x7c8e,0xae58,0xd73c,0xb656,0xb635,
0xc697,0xbe76,0xb635,0xdf3b,0xc6ba,0x7cd1,0x6bcc,0x848f,0x9dd5,0xa5d3,0xb614,0x84af,
0xd595,0x8cd0,0x73ec,0x95b4,0xbe99,0xc6b8,0x8d11,0xbeb9,0x6bec,0xa1c6,0xb4d1,0xce97,
0xb5d4,0xb966,0xb615,0x9511,0xb699,0x8d74,0xc6fa,0xc698,0xc697,0xc676,0xdf5c,0xae58,
0x7c90,0x84af,0x9551,0xb617,0x84d0,0xb635,0xbe35,0xa5b3,0xda29,0xa572,0x9d72,0x7c4e,
0xa637,0xc6fa,0x9552,0xa5f6,0xb658,0x9551,0xbe55,0xceb7,0xc676,0x94f0,0xbe56,0xa593,
0xc6da,0x638b,0x6c0d,0xa637,0xbe56,0xdf3c,0xae37,0x95b4,0x848f,0x9d92,0xa593,0xd659,
0x8d31,0xbe56,0xc676,0xbd93,0xb8e4,0xadd4,0xb615,0x9d72,0xae37,0x8d74,0xb678,0x746f,
0xb699,0xbe56,0xc697,0xceb7,0xce97,0xc656,0xc676,0xadd4,0xc4f3,0x8d11,0x9531,0x6bec,
0xcefb,0x95d6,0xae58,0x84f1,0xa5d3,0xb635,0xae14,0xd452,0xad93,0xc676,0xc697,0xbe56,
0x8cf0,0xbe35,0xbe56,0xadf4,0xcdf7,0x744f,0xb679,0x84f0,0x8513,0xcf1b,0xc697,0xceb7,
0xceb7,0xce97,0xce77,0xcdb5,0xc249,0xa592,0xadf4,0x9d92,0x84f1,0x5309,0xb679,0x8d32,
0xb635,0xbe56,0xb615,0xd2ab,0xc4f2,0xce77,0xceb7,0xc697,0xbe56,0xc697,0xc697,0xf471,
0xa9e8,0x84f1,0xa638,0x9d72,0x744e,0x9df6,0xd71b,0xc6b7,0xceb8,0xce97,0xc697,0xeaac,
0xca69,0xb5f4,0xbe55,0xb635,0x84af,0x848e,0xa637,0xa5f5,0xbe56,0xbe76,0xb635,0xc146,
0xeaab,0xd636,0xceb7,0xceb7,0xceb7,0xceb7,0xc6b7,0x9247,0x84b0,0xa616,0x9df6,0x9db3,
0x9d92,0x7c90,0xa617,0xdf5c,0xceb8,0xce97,0xc532,0xb165,0xb1e7,0xbe35,0xc676,0xbe76,
0xa5b3,0x9d92,0x9df6,0xc6da,0xbe76,0xc696,0xc635,0xa2c9,0xb945,0xd1a7,0xced8,0xceb7,
0xceb8,0xceb8,0xc697,0xadd4,0x9d72,0xbeda,0x8512,0xae14,0xadf4,0x84d0,0x9df6,0x95b5,
0xcf1b,0xceb8,0xb615,0x934b,0xa572,0xc676,0xc697,0xc696,0xb655,0xb615,0x8d33,0xb679,
0xc6b7,0xc697,0xc676,0xadb3,0x83ec,0x9d31,0xce97,0xceb7,0xceb7,0xceb8,0xc6b7,0xb656,
0xd73c,0x95b5,0x84cf,0xb635,0xb635,0xa5d3,0x8d32,0xa617,0x6c6f,0xc6da,0xced9,0xb5f4,
0xc656,0xc697,0xc697,0xc677,0xc676,0xb655,0x8cf0,0x9dd6,0xcefb,0xc697,0xceb7,0xc676,
0xbe14,0xc656,0xce97,0xceb7,0xce97,0xc697,0xd71a,0xbeba,0x9dd6,0x84f1,0xadd4,0xbe56,
0xbe56,0xae15,0x8d11,0xae78,0x740d,0x7cd1,0xbeba,0xdf3b,0xc697,0xc697,0xce77,0xce57,
0xc697,0xc676,0x9d72,0xae58,0x7cf2,0xcf1b,0xceb8,0xc697,0xc697,0xce97,0xceb7,0xceb7,
0xde37,0xde99,0x74b0,0xae79,0x95b5,0x8cf0,0xb635,0xc696,0xc696,0xbe56,0x9551,0xb679,
0x84f0,0x7c6e,0x95b5,0xa5f7,0xd73b,0xc697,0xc6b7,0xda49,0xce97,0xc697,0xadf4,0xa637,
0x5b8b,0x9595,0xc6fb,0xced8,0xceb7,0xceb7,0xce97,0xd5f5,0xd229,0x6bcc,0x9d94,0x8512,
0xa5d6,0xa572,0xc676,0xce97,0xc697,0xbe76,0x9db3,0xae58,0x9d72,0x9d72,0x7c8f,0xae37,
0x8d75,0xcefb,0xbe56,0xb1a6,0xd636,0xc676,0xb615,0xae58,0x7c8f,0x6c0d,0x9df6,0xb699,
0xced8,0xceb8,0xce97,0xd30b,0x92a9,0x9511,0xbe99,0x744e,0xac50,0xcdd5,0xce77,0xce97,
0xc697,0xc697,0xb657,0x8d53,0xadf4,0xadf4,0x84cf,0xae58,0x9594,0x9df6,0xcefa,0x9d93,
0xc9c7,0xc697,0xc6d9,0xa637,0x84af,0x84af,0xae78,0x7cb1,0xbeda,0xce97,0xce97,0xab6c,
0xa511,0xa5b3,0xb699,0x8caf,0x932a,0xd229,0xdd32,0xce77,0xc697,0xbe56,0xbeba,0x7c8e,
0xb655,0xb635,0x9d71,0xb658,0x8d53,0x4b4a,0xae37,0xb635,0xa38e,0xc6da,0x6c6f,0xa637,
0x9531,0x9d72,0xae58,0x63ab,0xa617,0xc6b9,0xceb7,0xbe35,0xb615,0xa5b3,0xb679,0x9d31,
0x9d51,0x9247,0xb593,0xce77,0xce97,0xd5b6,0x7c6f,0xa5b3,0xbe56,0xbe56,0xa5b2,0xb678,
0x63ed,0x8d32,0x84d2,0xb678,0x9511,0x7c4e,0xa5f6,0x8533,0xadd4,0xa5b3,0xb472,0x8cf0,
0x8d53,0xae78,0xceb7,0xce97,0xc676,0xadf4,0xae58,0xa5b3,0xbe15,0xadb3,0xc636,0xc697,
0xd472,0x7c4f,0xa592,0xbe55,0xbe76,0xbe56,0xadf5,0xa637,0x6bec,0x9dd5,0x744e,0xa617,
0xb615,0x9d93,0xae58,0x7c6e,0xb635,0xf34d,0xa186,0xa5b3,0x9552,0xa638,0xc697,0xce97,
0xc697,0xadf4,0x9df7,0xb637,0xc676,0xc676,0xce76,0xdcd2,0x8c2f,0x9d51,0xbe35,0xc676,
0xc676,0xbe76,0xc6da,0x8533,0x84af,0xa5f6,0x8cf0,0xa617,0xb614,0xc6fa,0x7cb0,0xa592,
0xbe56,0xa1a6,0x8caf,0xb5f4,0xa5d5,0x9df6,0xc656,0xce97,0xc676,0xceb9,0x8d53,0xbeba,
0xc676,0xce96,0xce97,0xd2aa,0xa44f,0xbe15,0xc676,0xc697,0xc697,0xcefa,0x9dd6,0x848f,
0xa593,0x8d12,0x8d11,0x9594,0xbeba,0x8d53,0x8cf0,0xbe35,0xc656,0xa572,0xb614,0xb615,
0xbe99,0x8d74,0xc656,0xce77,0xf450,0xb28a,0x84b0,0xae37,0xceb9,0xc697,0xce77,0xc9c7,
0xe269,0xc677,0xc676,0xc697,0xd73b,0xa616,0x7c6f,0xa572,0xd4d1,0x9cf1,0x9d52,0x95b5,
0x95b5,0x9db5,0xadd3,0xc656,0xc676,0xc676,0xbe56,0xbe56,0xb679,0x84d0,0xc676,0xbe15,
0x9a27,0x84af,0x9db4,0x9df6,0xb658,0xced9,0xce77,0xa36b,0xb9e7,0xda49,0xc697,0xd73b,
0x9e17,0x9594,0x94d0,0xb615,0xca28,0xdb4c,0xadb3,0xa637,0x63cc,0xbc92,0xbe56,0xce76,
0xc677,0xc697,0xc677,0xc6da,0x8d73,0x9511,0xc676,0xc656,0xad93,0xadd3,0xbeb9,0x9df6,
0x63cc,0xb678,0xce97,0xadb3,0x934b,0x942e,0xc698,0x95d6,0x6c2e,0xa5f6,0xad92,0xc635,
0x8c4e,0x9aea,0xa5b3,0x9e17,0xe6fa,0xded8,0xd697,0x8496,0xad99,0xef35,0xde6b,0xa4f0,
0xd697,0xdeb8,0xef38,0xd5e8,0xa4cf,0xb573,0xb552,0xb50b,0xeecc,0xe6f9,0xb595,0x9519,
0xce59,0xded6,0xd676,0xded9,0xded9,0xdef9,0xe6f9,0xd64e,0xce55,0x94f8,0xc5f5,0xded9,
0xe6cd,0xef38,0xded9,0xa555,0x9d39,0xf70d,0xb50b,0xd697,0xded8,0xe6f9,0xe66a,0xb593,
0xd697,0xdeb8,0xd6b8,0xce56,0xad0e,0xeecc,0xdeb8,0x8497,0x9d5a,0xded8,0xdeb7,0xded9,
0xded9,0xded9,0xe6f9,0xeeef,0xad54,0x8c97,0xd697,0xded9,0xb54e,0xe6cd,0xe71a,0xc616,
0x9518,0xe6cc,0xbdb3,0xdeb8,0xded8,0xe6f9,0xcdcb,0xd6b8,0xded9,0xded9,0xded9,0xdeb8,
0xd697,0xcdcb,0xe6d2,0xb573,0x8cb7,0xbe1c,0xe6b4,0xded9,0xdef9,0xdef9,0xe6fa,0xf6eb,
0x9519,0x9cd1,0xef33,0xe6f9,0xd698,0xd60a,0xe6b2,0xd697,0x9d36,0xe6ac,0xd676,0xded8,
0xded8,0xded8,0xd62f,0xded8,0xdef9,0xe6f9,0xe71b,0xe6f9,0xded9,0xc5f2,0xe6ab,0xdeb9,
0xa512,0x8c97,0xad9b,0xd69c,0xdefb,0xdedb,0xdef5,0xbd6b,0x7416,0x9c6b,0xcdc9,0xe6cd,
0xded9,0xd62f,0xde6c,0xded8,0x94d7,0xe6ab,0xdeb3,0xe6f9,0xdef9,0xded9,0xe68d,0xe6f9,
0xded9,0xadb9,0xadba,0xc65b,0xded9,0xd698,0xe68a,0xded8,0xd698,0xb552,0x8453,0x8c97,
0x8cd8,0xc632,0xe68b,0x6bb2,0xad31,0xd677,0xc5d5,0xb54b,0xdef9,0xde90,0xd60b,0xdef9,
0x8cb8,0xde4a,0xeeed,0xe6fa,0xe6f9,0xe6f9,0xce32,0xef17,0xe6f9,0xce56,0xadb8,0x94f7,
0xdef9,0xdeb9,0xe6ab,0xde95,0xded9,0xded8,0xce56,0xbdb1,0xef0e,0xd5e9,0x9c8f,0xc5f4,
0xd677,0xded9,0xdeb8,0xce56,0xded9,0xeece,0xbdad,0xd699,0x94f8,0x73cf,0xde8a,0xf72f,
0xef19,0xe6f9,0xe6f9,0xdeb8,0xe71a,0xef32,0xbdf6,0x9cf5,0xded9,0xded9,0xe6ab,0xd673,
0xe6f9,0xe6f9,0xf732,0xeecc,0x9c8b,0xad32,0xce36,0xd6b8,0xded9,0xdef9,0xdef9,0xded9,
0xe717,0xe6ac,0xc5f4,0xb5da,0x73f5,0xbdd5,0x83ef,0xd628,0xeecd,0xf730,0xf774,0xf752,
0xeeee,0xde8c,0x8474,0xce35,0xded9,0xdef9,0xe6ab,0xd674,0xe6f9,0xf731,0xe68b,0x9c8d,
0x8476,0xadba,0xce9a,0xe6f9,0xdef9,0xe6f9,0xdef9,0xdef9,0xf70e,0xacec,0xdeda,0xb5fc,
0xa57a,0x9d5a,0xa59b,0xb5fc,0x9cf4,0xb508,0xc5a9,0xc5a8,0xb529,0x9c8f,0xc5f4,0xdeb8,
0xded9,0xe6d7,0xe6ac,0xd675,0xef34,0xe6ac,0xacef,0xce56,0xc5d4,0x8c52,0x94f9,0xb5db,
0xdefb,0xe6fa,0xded9,0xdef9,0xacec,0xc659,0x8cb8,0x7c11,0x9cb0,0x9cb0,0x9470,0x7c13,
0x9d39,0xb5fc,0xc5f5,0xc5f5,0xce16,0xd677,0xdeb8,0xded9,0xe6f8,0xeef2,0xe68b,0xdeb8,
0xeecb,0xb509,0xd677,0xdeb8,0xdeb8,0xd677,0xb572,0x8433,0xa57a,0xc65b,0xdef9,0xe6f9,
0xce58,0x8477,0xa4f1,0xc616,0xd677,0xce57,0xce56,0xc5f5,0x9cb1,0x94f9,0xad9b,0xded9,
0xdeb9,0xded9,0xded9,0xe6f9,0xe6f9,0xeeed,0xcde9,0xe6d5,0xde8b,0xbdb3,0xded9,0xe718,
0xf751,0xe68b,0xd62b,0xd60c,0x8431,0x9d39,0xd6bb,0xdef9,0xa59b,0x9cf2,0xd677,0xdeb8,
0xded9,0xded9,0xded9,0xd6b8,0xce57,0xa4f2,0x94f9,0xb5fb,0xe6f9,0xded9,0xdef9,0xe6f9,
0xef17,0xeeed,0xbd6e,0xe6ae,0xde4a,0xdeb8,0xef17,0xe68b,0xa4ce,0xbdb4,0xce36,0xc5f5,
0xb570,0x8c75,0x9d5a,0xe719,0x8497,0xd677,0xdeb8,0xded9,0xded9,0xdef9,0xded9,0xdef9,
0xded9,0xce76,0x8cb6,0x9d39,0xded9,0xded9,0xe6f9,0xe719,0xf70f,0xd629,0xce36,0xe68d,
0xde4a,0xded9,0xf70d,0xad0f,0xd697,0xdeb8,0xded9,0xded9,0xd6b8,0xad74,0x94d8,0xded9,
0x94d6,0xded9,0xded9,0xded9,0xded9,0xded9,0xe6f9,0xef37,0xf752,0xef13,0xb5b5,0x94f8,
0xb5d9,0xdef9,0xe6f8,0xef14,0xe6cd,0xb52d,0xded8,0xd64d,0xe68b,0xded7,0xd649,0xd677,
0xdeb8,0xded9,0xded9,0xded9,0xded9,0xce57,0x8cd8,0xce79,0xa558,0xded9,0xded9,0xded9,
0xded9,0xdef9,0xef35,0xeecd,0xd629,0xde4a,0xe68a,0x8cd9,0xa559,0xe6f9,0xef19,0xf70e,
0xcdc8,0xce36,0xded9,0xce31,0xe6ac,0xde94,0xde4b,0xded8,0xded9,0xded9,0xded9,0xded9,
0xded9,0xd6b9,0x94f9,0xc637,0x9519,0xe6f9,0xdef9,0xded9,0xdef9,0xe6f9,0xeecc,0xcda7,
0xa4f1,0xb552,0xbd69,0x9519,0x9518,0xef19,0xf74f,0xde49,0xb552,0xdeb8,0xded9,0xd678,
0xde4a,0xeed0,0xe689,0xe6f9,0xe6d9,0xdef9,0xded9,0xded9,0xdef9,0xc65a,0x8477,0xd697,
0x8cd8,0xce9b,0xded9,0xded9,0xdef9,0xe6fa,0xe68a,0xbdae,0xd697,0xd698,0xd677,0x9d37,
0x94d7,0xff4f,0xe68a,0xa4ef,0xd697,0xded9,0xded9,0xded9,0xb54f,0xde6a,0xef0e,0xef15,
0xe6f9,0xe6f9,0xdef9,0xdef9,0xe71a,0xa57a,0x8452,0xded9,0xad33,0x9d19,0xd6bc,0xe71a,
0xe6f9,0xe6f9,0xe68b,0xce11,0xded8,0xded9,0xe6d8,0x9518,0xf72d,0xde6a,0xa4cf,0xd697,
0xe6fa,0xd6bc,0xc65c,0xbe3c,0xc65b,0x9ccf,0xe68a,0xeecd,0xf752,0xef38,0xef38,0xdedb,
0xa57a,0x7c13,0xce56,0xded9,0xd697,0xa4f2,0x8cb6,0x9d39,0x9d7a,0x8496,0xeecb,0xce34,
0xded8,0xe6f8,0xe6f8,0xeeed,0xcdc9,0xa4f1,0xce57,0xc65c,0xa57a,0x8c97,0x7c14,0x6bd3,
0x8456,0x9d39,0xadbc,0xa4cb,0xcde9,0xd64a,0xcde9,0x9cd1,0x9470,0xce36,0xded8,0xded9,
0xe71a,0xd6b8,0xce15,0xb572,0xb572,0xd671,0xcdc8,0xdeb8,0xe6d8,0xef18,0xeecc,0xa4a9,
0x7bf4,0xd677,0xb61c,0x8cb8,0x7c11,0xad31,0xbdb3,0xbdb4,0xb552,0x9470,0x7c56,0xa59a,
0xb596,0xb573,0xb594,0xc615,0xd677,0xe6f8,0xf753,0xf70e,0xde4a,0xf734,0xded8,0xdeb8,
0xded9,0xeecc,0xb52e,0xded8,0xef18,0xeecc,0xa4a9,0x8457,0x9d16,0xc65a,0x94f8,0x9470,
0xc615,0xd698,0xded9,0xded8,0xdeb8,0xd677,0xb572,0x7415,0x9d39,0xd679,0xd6b8,0xded8,
0xe6f8,0xe68a,0xa4cb,0xa4ef,0xbdb4,0xde4a,0xef17,0xe6f9,0xef11,0xcdc9,0xd677,0xe6f9,
0xeeec,0xace9,0xc5d4,0x94f9,0xad96,0x9d3a,0x8453,0xd656,0xef10,0xeeec,0xeeec,0xf70f,
0xef18,0xded8,0xd698,0xb593,0x8457,0x9d5a,0xe6f9,0xded9,0xeeec,0xad10,0xd676,0xd6b8,
0xdeb8,0xbdd1,0xeecc,0xef36,0xe6ab,0xbdb3,0xded7,0xef0f,0xc5a8,0xbdd4,0xd697,0x8cd8,
0xad97,0x8cd8,0xbdd2,0xd609,0xa4cc,0xa4f0,0xa4cf,0xbd48,0xe6ac,0xef16,0xded8,0xd698,
0x9d14,0x94d8,0xce59,0xe6d8,0xcdca,0xd697,0xded9,0xdef9,0xded9,0xd698,0xe68a,0xeecc,
0xb52a,0xdeb7,0xe6f8,0xeecc,0xad0f,0xd697,0xded8,0x8cb8,0x9d18,0x8498,0xcdc8,0xbdd4,
0xd697,0xd6b8,0xd697,0xce36,0xbd6a,0xe6ab,0xe6fa,0xded9,0xce56,0x8497,0x9d59,0xdeb6,
0xd62d,0xded8,0xded9,0xded9,0xef58,0xf733,0xe68c,0xc5a9,0xc615,0xded8,0xe6f2,0xde4a,
0xc616,0xdeb8,0xded9,0x94d7,0x9d39,0x8cd8,0xbdd4,0xd6b8,0xdeb8,0xded9,0xded9,0xded9,
0xce56,0xde6a,0xe6d3,0xded8,0xdeb9,0x94d7,0x8cd8,0xdeb7,0xe6ac,0xe6f9,0xded9,0xded9,
0xde49,0xd609,0x944a,0x9d15,0xd6b8,0xded8,0xe68d,0xd629,0xd698,0xded8,0xded9,0xad75,
0x8cb8,0x8cd8,0xd6b8,0xded9,0xded9,0xded9,0xded9,0xded9,0xded9,0xd62a,0xde6d,0xded9,
0xded9,0xad76,0x8cd8,0xded9,0xcdca,0xf734,0xded9,0xded8,0xad32,0xb593,0x94f6,0xa558,
0xded9,0xe6d9,0xde6c,0xde4a,0xdeb9,0xded9,0xded9,0xd697,0x8475,0x9519,0xbe1b,0xded9,
0xded9,0xdeb9,0xded8,0xded9,0xded9,0xde6b,0xd62c,0xded9,0xded9,0xbdd6,0x8cb8,0xd698,
0xc5d4,0xd629,0xef0e,0xf754,0xd6b8,0xd698,0xad56,0x9519,0xded9,0xded9,0xd62e,0xde8b,
0xdeb9,0xded9,0xded9,0xdeb8,0xce36,0x8412,0x8cb8,0xb61b,0xdef9,0xded9,0xdeb8,0xded8,
0xded9,0xe6ab,0xc5cd,0xded9,0xded9,0xc618,0x8cb7,0xd698,0xd6b8,0xc5d4,0xaced,0xbd49,
0xded9,0xdeb8,0xce36,0x94f9,0xdeb9,0xded9,0xce14,0xde6b,0xe6b4,0xded8,0xded9,0xded9,
0xded9,0xce57,0x9cd2,0x8cb8,0xd699,0xdeb9,0xded8,0xe6d8,0xe6d5,0xe68b,0xce14,0xded9,
0xded9,0xbe19,0x8477,0xdeb8,0xded9,0xded8,0xdeb8,0xc637,0xf735,0xe6f9,0xdeb8,0x8476,
0xbdfa,0xded9,0xdeb8,0xc5a9,0xeecc,0xe6f9,0xded8,0xded9,0xded9,0xd6b8,0xce56,0x8cb8,
0xb5d7,0xdeb8,0xded8,0xe6f9,0xeeec,0xc588,0xdeb8,0xded9,0xded9,0xadb9,0x8474,0xded9,
0xded9,0xe71a,0xbe1c,0x9d3a,0xc569,0xeeee,0xe6f8,0xad34,0x94f8,0xdeda,0xded9,0xc615,
0xd609,0xef0d,0xef19,0xded8,0xded8,0xded9,0xd6b8,0x8cb8,0xc615,0xded8,0xe6f9,0xf70e,
0xd609,0xbd92,0xded8,0xe6d8,0xe6f9,0x9d15,0xc613,0xe719,0xd6db,0xa59a,0x8455,0x9490,
0xc615,0xad0d,0xeecc,0xd698,0x8454,0xad9a,0xe6f9,0xdeb8,0xb593,0xc588,0xeecd,0xf731,
0xef38,0xce9b,0x94f8,0x9490,0xded7,0xf734,0xeeed,0xd609,0xb551,0xdeb8,0xe6f9,0xf735,
0xeeec,0xde49,0xde2a,0xe68b,0xeecd,0x9490,0xc5f4,0xd697,0x4228,0xad56,0x4229,0xb5b8,
0x52ab,0x4208,0x4229,0x4229,0x39e7,0x94b3,0x9cf4,0x4229,0x39e7,0x630c,0xbdd8,0x31a7,
0x4229,0xb598,0x2945,0x39c7,0x6b4d,0xc639,0x41e8,0x4208,0x4229,0x4a49,0x41e7,0x8c73,
0xad77,0x738f,0x9cb4,0x31a6,0x4228,0xa536,0x6b2d,0xad57,0x4a6a,0x4228,0x4a49,0x4a49,
0x4249,0x39c7,0x2966,0x8c32,0xc639,0x4a6a,0x8c53,0x630c,0xb5b8,0x39e8,0x9cd3,0xad77,
0x5acc,0x2965,0x4208,0x4a49,0x4229,0x4a49,0x4228,0x9493,0xb5b8,0x8c72,0xa516,0x31a6,
0x6b6e,0xb597,0x31a7,0xbdd8,0x8432,0x4229,0x4a49,0x4a49,0x4a49,0x39e7,0x4208,0x39e7,
0x2966,0xad77,0x528a,0x9493,0xb5b8,0xa535,0x8411,0x2945,0x39e8,0x39c7,0x4208,0x4a49,
0x4a49,0x4a49,0x4208,0xbdf9,0x9cf5,0x632d,0xbdd8,0x4208,0xc619,0x9493,0x31a7,0x9493,
0xbdd8,0x4228,0x4a69,0x4a69,0x39c7,0xd69b,0xce7b,0x39c7,0x4228,0x8432,0x9494,0x9cf5,
0xa4f5,0x8c53,0x31a7,0x4228,0x52ab,0xe71d,0x94b4,0x4a49,0x4a49,0x4228,0x8410,0xbdd8,
0x52ab,0x39c7,0xad37,0xad77,0x9cd4,0x31a6,0x7baf,0x3186,0xad36,0xce5a,0x9cf4,0x7bcf,
0xbdd8,0xad77,0x9cd5,0x39e7,0x4229,0x630d,0x4a4a,0xbdf9,0x9cd5,0xa515,0x39e7,0x4249,
0x632d,0x9cf5,0xad57,0xa515,0x73cf,0xbdf8,0xc63a,0x8411,0x2145,0x52ab,0x4a6a,0xb577,
0x2945,0x39c7,0xc5f9,0x39e7,0x2945,0x738f,0xb597,0xad77,0xad36,0x9cd5,0x4208,0x4a49,
0x4a49,0x9cf4,0x2125,0xad77,0x5aec,0x8411,0x39c7,0x4229,0x39e7,0x8411,0x9494,0xad56,
0xb5b8,0xa4f5,0x4209,0x39c7,0x4229,0x7bf1,0x4a69,0x31a6,0x4228,0x6b6e,0xd6bb,0x6b8f,
0x4229,0x4228,0x2945,0x2945,0x2945,0x2965,0x4228,0x4229,0x39e7,0xad77,0x39e7,0x8411,
0x39c7,0x31a6,0xb598,0x4229,0x4228,0x39e7,0x2945,0x3186,0x2945,0x3186,0x4208,0x39e7,
0xbdd8,0xce5a,0x39e7,0x4228,0x4a49,0x7bf1,0x94b4,0x8432,0x4a49,0x4229,0x4228,0x4228,
0x4228,0x4229,0x4a49,0x31c7,0xd69b,0x2965,0x4228,0x8c72,0x39c7,0x4208,0x4a6a,0xad56,
0x39c7,0x4229,0x4228,0x4228,0x4208,0x4229,0x4228,0x39c7,0xad57,0x94b4,0x4229,0x4a49,
0x4228,0x39e7,0x4a49,0x31c6,0x4229,0x39e7,0x528a,0x4a69,0x4a49,0x4a6a,0xad55,0xad56,
0x2125,0x4208,0x39e7,0xbdf9,0x6b6e,0x4a49,0x4229,0x39c7,0xce5a,0x73cf,0x4a6a,0x39e8,
0x4a49,0x4229,0x39c7,0x4a49,0x2986,0x39c7,0x4208,0x39e7,0xd69b,0x4a49,0x4229,0x4228,
0xa535,0xc5f9,0x8411,0x41e8,0x6b6e,0xa515,0x2966,0x39e7,0x4208,0x4a49,0x632d,0xce7b,
0xad57,0x3a08,0x4229,0x4228,0x3186,0x5acc,0xa515,0x4209,0x632d,0x9cf5,0xd69b,0x5aec,
0x4249,0x4229,0x52aa,0xce7b,0x8432,0xce5a,0x4208,0x94b3,0xa516,0x39e8,0x3a08,0xb577,
0x2945,0x39c7,0x4228,0x4228,0x4229,0x3a08,0xbdf9,0xd6bb,0xb597,0x6b4e,0x4229,0x4a49,
0x4229,0x4208,0x2945,0x6b4e,0x8431,0x2965,0x738f,0xce3a,0x4a69,0x39e8,0xce7b,0x8411,
0x3186,0xad77,0x5aec,0xce7b,0x4a6a,0x39e7,0x8431,0x31a6,0x39e7,0x39e7,0x39e7,0x4228,
0x4229,0x4a49,0x9cf5,0x9493,0x9473,0x4a6a,0x4a49,0x4a69,0x3a08,0x39e7,0x39e7,0x39e8,
0x18e3,0xb597,0x31a6,0x9cd4,0xb597,0x9cf4,0x9cd4,0x2965,0x528a,0x7bd0,0x9473,0xa516,
0x2965,0x9cf4,0x39e7,0x6b6e,0x9cf5,0x9473,0xbdd9,0xbdf8,0x4208,0x4a49,0x31a6,0x7bf0,
0x4a6a,0x39e7,0x4208,0x8c51,0xce3a,0xa536,0x8432,0xa536,0x39e8,0x2945,0x9cf4,0x3a08,
0xbdf9,0xb5b8,0x4208,0x5acb,0xa515,0x4229,0xa536,0x8432,0x94b3,0x2145,0x526a,0x2965,
0x39c7,0x39e7,0x2965,0x8411,0xc63a,0x5aec,0x4229,0x4208,0x4249,0x39c7,0xd69b,0x9cb4,
0x31a7,0x3186,0x39c7,0x31c7,0x62ec,0x4208,0x632d,0x2966,0xad57,0xb5b8,0x2945,0x9473,
0x738e,0x4208,0x8c73,0x736f,0xa515,0x4208,0x39e7,0x4228,0x4228,0x4229,0x4228,0x31a6,
0x9cd4,0xc61a,0x39e8,0x4249,0x4229,0xb597,0xa536,0x3186,0x39e8,0x4228,0x4228,0x4228,
0x4a49,0x4249,0x31a6,0x6b6f,0xbdd8,0xb577,0x528a,0x39c7,0x73af,0x7bd0,0x4208,0xa516,
0x8c52,0x4228,0x4228,0x4229,0x39c7,0x4208,0x4249,0x4229,0x3185,0xa516,0xad56,0x4a49,
0x4228,0xc63a,0x73b0,0x39e8,0x4228,0x4229,0x4208,0x39c7,0x4249,0x4228,0x39c7,0x738f,
0xbdd8,0xa536,0x630d,0x39c7,0xa516,0xad57,0x3186,0xa536,0xad56,0x31a6,0x4a69,0x52cb,
0xe73d,0x73af,0x4a49,0x4a49,0x39e7,0xa515,0xbdf9,0x4208,0x8411,0xa536,0x31a7,0x4208,
0x4249,0x39e7,0xd69c,0xd69b,0x31c7,0x4a49,0x630c,0x9cd4,0x52ab,0x528b,0x8c72,0x5aab,
0x9cf5,0x4229,0x630c,0x2965,0x9cf5,0xd67b,0xb5b7,0xd6bc,0x8432,0x7bd0,0x4a49,0x4228,
0x4a49,0x7bd0,0xb598,0x4229,0x9cd4,0xa536,0x31a6,0x4228,0x4249,0x3a08,0xad37,0xad36,
0xc5f9,0xad76,0xc63a,0x9493,0x3186,0x31a7,0x9cd5,0xb577,0x4208,0x4208,0x8c72,0x39e8,
0x3186,0x8432,0x7bf1,0x8c52,0x738f,0x2945,0x4228,0x4a49,0x4a69,0x6b6e,0xa536,0x39e7,
0x83f1,0xad57,0x31a7,0x4228,0x4228,0x4229,0x31a6,0x7bf1,0x8412,0x8c32,0x736f,0x2965,
0x4229,0x4229,0x3186,0x9cb4,0x4a49,0x4228,0xbdf9,0x39c7,0x4228,0xbdd8,0x7bd0,0x2125,
0x39e8,0x4229,0x4a49,0x4a49,0x4a49,0x9cf4,0x8c73,0x39c7,0x4229,0xa536,0x39e7,0x4a49,
0x4229,0x4229,0x4228,0x39c7,0x39e8,0xa516,0x4a6a,0x4a49,0x5acb,0x630d,0x4229,0x4208,
0x4a49,0x4228,0xd69b,0x4229,0x73cf,0x73af,0x31a6,0x4208,0x4228,0x4a49,0x4249,0x4a49,
0x39e8,0xb597,0x4209,0x4a49,0x4228,0x9493,0xad36,0x3a08,0x4a49,0x4228,0x4229,0x4a49,
0x4208,0x2125,0xc619,0x39e7,0x7bf0,0x7bf1,0x4a49,0x8431,0xb597,0x3a08,0xbdd8,0x4229,
0xbdf9,0x2965,0x4229,0x4208,0x4a49,0x39e7,0x39c7,0x630c,0xbdf9,0x528b,0x4208,0x4208,
0x4228,0x3186,0x8c52,0xb577,0x4a49,0x39e7,0x4228,0x4229,0x4228,0x4228,0x52ab,0x738e,
0xad76,0xa515,0x4208,0xad36,0x94b4,0x3186,0x8411,0x52ab,0xad56,0x4208,0x4a49,0x6b6e,
0xa516,0x8c32,0x9493,0x5acc,0x2945,0x4208,0x4228,0xdebc,0xa516,0x4229,0x4208,0x39e8,
0x7bd0,0x94b4,0x7bd0,0xbdf9,0x39e8,0x4229,0x31a6,0x94b4,0xb5b8,0xa515,0x738f,0x4208,
0x8c52,0x52ab,0x4a4a,0x73b0,0x9cf5,0x4208,0x4229,0x4208,0xa515,0xce5a,0xc618,0x7baf,
0x39e7,0x4a49,0x3a08,0xad77,0x9493,0x4208,0x4228,0x528a,0x9cf4,0xbdd8,0xc619,0x7bf1,
0x4208,0x4228,0x31a6,0x8c52,0xb5b7,0xad76,0x8c52,0x3186,0xad56,0x8411,0x3186,0xad36,
0xb577,0x39e7,0x4229,0x4208,0x31a6,0x2966,0x4229,0x94b4,0xce7b,0x5acb,0x4a49,0x9cd5,
0x52ab,0x4228,0xad76,0xb577,0x7bd1,0x3186,0x2945,0x39e7,0x4228,0x4a69,0x4a69,0x5acc,
0x73b0,0x7bd1,0x528b,0x41e8,0x8411,0xb5b8,0x4228,0x736f,0x4a29,0x8431,0x4229,0x4a49,
0x4228,0x4208,0x4208,0x2965,0x8c73,0xc619,0x4a6a,0x8c52,0x31a7,0xb597,0xa4f5,0x528b,
0x39c7,0x4249,0x4228,0x4229,0x4a49,0x39c7,0xd69b,0x7bd0,0x3186,0x31c7,0x6b4e,0xb597,
0x8c52,0x4a6a,0x6b4e,0x3166,0xbdf9,0x5aab,0xad35,0x4208,0x4229,0x4a49,0x4229,0x4228,
0x3186,0xa536,0xbdf9,0x73af,0x4a49,0xb5d8,0x7bd0,0x39e7,0x4229,0x4a49,0x4a69,0x4228,
0x4a49,0xce7a,0x2966,0x8c52,0x39e8,0x2986,0xad36,0x39c8,0x6b6e,0x31c7,0xa4f5,0x31a7,
0x3186,0xbdd8,0x2945,0x9cf5,0xad56,0x4208,0x4a49,0x4a49,0x4229,0x7bf0,0xbdd8,0x8431,
0x9cd4,0xa516,0x31a6,0x4a49,0x4a49,0x4249,0x5acb,0xce7a,0x73af,0x2104,0xad57,0x2965,
0x630c,0x528b,0x31a6,0xb597,0x39c7,0x4228,0xbdd8,0x73af,0x4a69,0x2945,0x9cf4,0x39c7,
0x39c7,0xce3a,0x4208,0x4a49,0x4a49,0x630c,0xbdd8,0x9cd4,0xa536,0xa516,0x39c7,0x4a49,
0x4a49,0x6b2d,0x9494,0x2125,0x39e7,0xb597,0x2986,0x39e7,0xb597,0xad56,0x39e7,0x31a6,
0x4229,0x7bf0,0xce5a,0xa537,0x39e8,0x4a49,0x6b6e,0x39c7,0x4228,0x39e8,0x8411,0x4a49,
0x4a49,0x6b4e,0xad77,0x9cd4,0xad77,0xad77,0x39c7,0x4a49,0x3a08,0xc63a,0x3186,0x4229,
0x6b4d,0x2945,0x4a49,0x528a,0xbdb8,0xb597,0x4208,0x4228,0x4a49,0x4229,0x8c53,0x8c52,
0x4228,0x4a49,0x632d,0x3a08,0x4229,0x31a6,0x94b4,0x4a49,0x4a49,0xa515,0x9473,0x8432,
0x9494,0xa516,0x4a6a,0x4a49,0x39e7,0x8411,0x4228,0x4a49,0x7bf0,0x2966,0x4228,0x39c7,
0x9cf5,0x8c33,0x31a6,0x4228,0x4a49,0x4a69,0x2945,0x31a7,0x4a49,0x4208,0xb597,0x3186,
0x4229,0x39e7,0x8c73,0x4228,0x4228,0xb5b8,0xa516,0x4229,0x4208,0x9494,0xa516,0x4208,
0x39e7,0x8c52,0x4249,0x4a69,0x4a49,0x73af,0x4a49,0x4228,0x2966,0x2986,0x4228,0x4249,